order_id,order_date,product_id,product_name,category,option_size,option_color,quantity,unit_price,line_revenue,customer_id,channel
O25031200001,2025-03-12,P101,데일리 베이직 티셔츠,상의,XS,코랄,1,15900,15900,C00143,web
O25031200002,2025-03-12,P101,데일리 베이직 티셔츠,상의,XS,카키,1,15900,15900,C00433,web
O25031500003,2025-03-15,P101,데일리 베이직 티셔츠,상의,XL,아이보리,1,15900,15900,C04465,web
O25031600004,2025-03-16,P101,데일리 베이직 티셔츠,상의,L,카키,1,15900,15900,C00054,web
O25031700005,2025-03-17,P101,데일리 베이직 티셔츠,상의,S,그레이,1,15900,15900,C01274,web
O25031700006,2025-03-17,P101,데일리 베이직 티셔츠,상의,S,코랄,1,15900,15900,C00390,web
O25031700007,2025-03-17,P101,데일리 베이직 티셔츠,상의,XS,코랄,1,15900,15900,C04946,web
O25031800008,2025-03-18,P101,데일리 베이직 티셔츠,상의,XS,그레이,1,15900,15900,C03101,web
O25032000009,2025-03-20,P101,데일리 베이직 티셔츠,상의,XL,코랄,1,15900,15900,C00570,web
O25032200010,2025-03-22,P101,데일리 베이직 티셔츠,상의,M,아이보리,1,15900,15900,C00828,web
O25032300011,2025-03-23,P101,데일리 베이직 티셔츠,상의,L,코랄,1,15900,15900,C00364,web
O25032400012,2025-03-24,P101,데일리 베이직 티셔츠,상의,M,아이보리,1,15900,15900,C01402,web
O25032500013,2025-03-25,P101,데일리 베이직 티셔츠,상의,S,네이비,1,15900,15900,C02212,web
O25032500014,2025-03-25,P101,데일리 베이직 티셔츠,상의,XL,네이비,1,15900,15900,C00459,web
O25032600015,2025-03-26,P101,데일리 베이직 티셔츠,상의,XS,코랄,1,15900,15900,C00543,web
O25032700016,2025-03-27,P101,데일리 베이직 티셔츠,상의,XL,코랄,1,15900,15900,C00512,web
O25032800017,2025-03-28,P101,데일리 베이직 티셔츠,상의,L,네이비,1,15900,15900,C02021,web
O25032900018,2025-03-29,P101,데일리 베이직 티셔츠,상의,XL,코랄,1,15900,15900,C03510,web
O25032900019,2025-03-29,P101,데일리 베이직 티셔츠,상의,XL,그레이,1,15900,15900,C01134,web
O25033000020,2025-03-30,P101,데일리 베이직 티셔츠,상의,XS,아이보리,1,15900,15900,C01253,web
O25033000021,2025-03-30,P101,데일리 베이직 티셔츠,상의,S,그레이,1,15900,15900,C03153,web
O25033100022,2025-03-31,P101,데일리 베이직 티셔츠,상의,L,카키,1,15900,15900,C04533,web
O25040100023,2025-04-01,P101,데일리 베이직 티셔츠,상의,XS,아이보리,1,15900,15900,C04399,web
O25040100024,2025-04-01,P101,데일리 베이직 티셔츠,상의,M,코랄,1,15900,15900,C00446,web
O25040100025,2025-04-01,P101,데일리 베이직 티셔츠,상의,S,그레이,1,15900,15900,C00270,web
O25040200026,2025-04-02,P101,데일리 베이직 티셔츠,상의,S,카키,1,15900,15900,C05123,web
O25040200027,2025-04-02,P101,데일리 베이직 티셔츠,상의,M,카키,1,15900,15900,C01253,web
O25040200028,2025-04-02,P101,데일리 베이직 티셔츠,상의,M,네이비,1,15900,15900,C04345,web
O25040200029,2025-04-02,P101,데일리 베이직 티셔츠,상의,XS,카키,1,15900,15900,C00160,web
O25040200030,2025-04-02,P101,데일리 베이직 티셔츠,상의,XS,코랄,1,15900,15900,C02520,web
O25040300031,2025-04-03,P101,데일리 베이직 티셔츠,상의,S,카키,1,15900,15900,C00702,web
O25040400032,2025-04-04,P101,데일리 베이직 티셔츠,상의,XS,카키,1,15900,15900,C01052,web
O25040400033,2025-04-04,P101,데일리 베이직 티셔츠,상의,L,카키,1,15900,15900,C00541,web
O25040400034,2025-04-04,P101,데일리 베이직 티셔츠,상의,XL,그레이,1,15900,15900,C04418,web
O25040500035,2025-04-05,P101,데일리 베이직 티셔츠,상의,S,코랄,1,15900,15900,C03060,web
O25040500036,2025-04-05,P101,데일리 베이직 티셔츠,상의,L,카키,1,15900,15900,C02031,web
O25040500037,2025-04-05,P101,데일리 베이직 티셔츠,상의,S,아이보리,1,15900,15900,C04820,web
O25040600038,2025-04-06,P101,데일리 베이직 티셔츠,상의,XL,네이비,1,15900,15900,C00061,web
O25040600039,2025-04-06,P101,데일리 베이직 티셔츠,상의,S,아이보리,1,15900,15900,C02707,web
O25040800040,2025-04-08,P101,데일리 베이직 티셔츠,상의,L,네이비,1,15900,15900,C04678,web
O25040900041,2025-04-09,P101,데일리 베이직 티셔츠,상의,S,그레이,1,15900,15900,C01560,web
O25040900042,2025-04-09,P101,데일리 베이직 티셔츠,상의,XS,아이보리,1,15900,15900,C02903,web
O25041000043,2025-04-10,P101,데일리 베이직 티셔츠,상의,L,아이보리,1,15900,15900,C00807,web
O25041100044,2025-04-11,P102,프릴 카라 블라우스,상의,XL,코랄,1,32000,32000,C00445,web
O25041200045,2025-04-12,P101,데일리 베이직 티셔츠,상의,XS,네이비,1,15900,15900,C00550,web
O25041200046,2025-04-12,P101,데일리 베이직 티셔츠,상의,L,네이비,1,15900,15900,C02282,web
O25041200047,2025-04-12,P101,데일리 베이직 티셔츠,상의,L,네이비,1,15900,15900,C00618,web
O25041200048,2025-04-12,P102,프릴 카라 블라우스,상의,XL,코랄,1,32000,32000,C05078,web
O25041200049,2025-04-12,P102,프릴 카라 블라우스,상의,XL,코랄,1,32000,32000,C00935,web
O25041300050,2025-04-13,P101,데일리 베이직 티셔츠,상의,XL,아이보리,1,15900,15900,C00554,web
O25041300051,2025-04-13,P101,데일리 베이직 티셔츠,상의,XS,아이보리,1,15900,15900,C01937,web
O25041400052,2025-04-14,P101,데일리 베이직 티셔츠,상의,L,그레이,1,15900,15900,C00411,web
O25041400053,2025-04-14,P102,프릴 카라 블라우스,상의,S,코랄,1,32000,32000,C05191,web
O25041500054,2025-04-15,P101,데일리 베이직 티셔츠,상의,S,그레이,1,15900,15900,C00400,web
O25041500055,2025-04-15,P101,데일리 베이직 티셔츠,상의,M,그레이,1,15900,15900,C04553,web
O25041500056,2025-04-15,P101,데일리 베이직 티셔츠,상의,L,네이비,1,15900,15900,C00223,web
O25041500057,2025-04-15,P101,데일리 베이직 티셔츠,상의,XS,카키,1,15900,15900,C00500,web
O25041500058,2025-04-15,P102,프릴 카라 블라우스,상의,L,카키,1,32000,32000,C00871,web
O25041500059,2025-04-15,P102,프릴 카라 블라우스,상의,S,네이비,1,32000,32000,C03353,web
O25041500060,2025-04-15,P102,프릴 카라 블라우스,상의,S,코랄,1,32000,32000,C01537,web
O25041600061,2025-04-16,P101,데일리 베이직 티셔츠,상의,XS,아이보리,1,15900,15900,C04120,web
O25041600062,2025-04-16,P101,데일리 베이직 티셔츠,상의,XL,네이비,1,15900,15900,C00521,web
O25041600063,2025-04-16,P101,데일리 베이직 티셔츠,상의,XS,네이비,1,15900,15900,C00070,web
O25041700064,2025-04-17,P101,데일리 베이직 티셔츠,상의,S,그레이,1,15900,15900,C00584,web
O25041700065,2025-04-17,P101,데일리 베이직 티셔츠,상의,S,카키,1,15900,15900,C05074,web
O25041700066,2025-04-17,P102,프릴 카라 블라우스,상의,M,그레이,1,32000,32000,C01562,web
O25041700067,2025-04-17,P102,프릴 카라 블라우스,상의,L,아이보리,1,32000,32000,C00381,web
O25041800068,2025-04-18,P102,프릴 카라 블라우스,상의,S,그레이,1,32000,32000,C04828,web
O25041800069,2025-04-18,P102,프릴 카라 블라우스,상의,M,그레이,1,32000,32000,C00050,web
O25041800070,2025-04-18,P102,프릴 카라 블라우스,상의,XL,카키,1,32000,32000,C04165,web
O25041900071,2025-04-19,P101,데일리 베이직 티셔츠,상의,XL,카키,1,15900,15900,C02137,web
O25041900072,2025-04-19,P101,데일리 베이직 티셔츠,상의,S,코랄,1,15900,15900,C00406,web
O25041900073,2025-04-19,P102,프릴 카라 블라우스,상의,M,카키,1,32000,32000,C00132,web
O25041900074,2025-04-19,P102,프릴 카라 블라우스,상의,S,그레이,1,32000,32000,C04966,web
O25042000075,2025-04-20,P102,프릴 카라 블라우스,상의,XL,그레이,1,32000,32000,C02034,web
O25042000076,2025-04-20,P102,프릴 카라 블라우스,상의,L,그레이,1,32000,32000,C02410,web
O25042000077,2025-04-20,P102,프릴 카라 블라우스,상의,XL,네이비,1,32000,32000,C00525,web
O25042100078,2025-04-21,P101,데일리 베이직 티셔츠,상의,L,코랄,1,15900,15900,C00595,web
O25042100079,2025-04-21,P101,데일리 베이직 티셔츠,상의,XS,그레이,1,15900,15900,C04613,web
O25042200080,2025-04-22,P101,데일리 베이직 티셔츠,상의,XS,카키,1,15900,15900,C00272,web
O25042200081,2025-04-22,P101,데일리 베이직 티셔츠,상의,S,코랄,1,15900,15900,C02002,web
O25042200082,2025-04-22,P101,데일리 베이직 티셔츠,상의,M,코랄,1,15900,15900,C00557,web
O25042200083,2025-04-22,P101,데일리 베이직 티셔츠,상의,M,카키,1,15900,15900,C04334,web
O25042200084,2025-04-22,P101,데일리 베이직 티셔츠,상의,XS,카키,1,15900,15900,C00849,web
O25042200085,2025-04-22,P101,데일리 베이직 티셔츠,상의,S,코랄,1,15900,15900,C00110,web
O25042200086,2025-04-22,P102,프릴 카라 블라우스,상의,L,카키,1,32000,32000,C01646,web
O25042200087,2025-04-22,P102,프릴 카라 블라우스,상의,M,카키,1,32000,32000,C02829,web
O25042300088,2025-04-23,P101,데일리 베이직 티셔츠,상의,S,코랄,1,15900,15900,C01726,web
O25042300089,2025-04-23,P101,데일리 베이직 티셔츠,상의,M,네이비,1,15900,15900,C02163,web
O25042300090,2025-04-23,P101,데일리 베이직 티셔츠,상의,XL,그레이,1,15900,15900,C00417,web
O25042300091,2025-04-23,P102,프릴 카라 블라우스,상의,M,네이비,1,32000,32000,C02641,web
O25042300092,2025-04-23,P102,프릴 카라 블라우스,상의,S,코랄,1,32000,32000,C04775,web
O25042300093,2025-04-23,P102,프릴 카라 블라우스,상의,XL,카키,1,32000,32000,C03461,web
O25042400094,2025-04-24,P102,프릴 카라 블라우스,상의,S,아이보리,1,32000,32000,C00435,web
O25042400095,2025-04-24,P102,프릴 카라 블라우스,상의,S,네이비,1,32000,32000,C01319,web
O25042500096,2025-04-25,P101,데일리 베이직 티셔츠,상의,M,아이보리,1,15900,15900,C00134,web
O25042500097,2025-04-25,P102,프릴 카라 블라우스,상의,L,네이비,1,32000,32000,C02418,web
O25042500098,2025-04-25,P102,프릴 카라 블라우스,상의,M,카키,1,32000,32000,C00464,web
O25042500099,2025-04-25,P102,프릴 카라 블라우스,상의,S,카키,1,32000,32000,C04603,web
O25042500100,2025-04-25,P102,프릴 카라 블라우스,상의,M,카키,1,32000,32000,C04186,web
O25042600101,2025-04-26,P101,데일리 베이직 티셔츠,상의,M,네이비,1,15900,15900,C04520,web
O25042600102,2025-04-26,P101,데일리 베이직 티셔츠,상의,L,카키,1,15900,15900,C00078,web
O25042600103,2025-04-26,P102,프릴 카라 블라우스,상의,L,아이보리,1,32000,32000,C03175,web
O25042600104,2025-04-26,P102,프릴 카라 블라우스,상의,XL,코랄,1,32000,32000,C00441,web
O25042700105,2025-04-27,P101,데일리 베이직 티셔츠,상의,S,카키,1,15900,15900,C00379,web
O25042700106,2025-04-27,P101,데일리 베이직 티셔츠,상의,XL,카키,1,15900,15900,C00131,web
O25042700107,2025-04-27,P101,데일리 베이직 티셔츠,상의,XS,코랄,1,15900,15900,C00327,web
O25042700108,2025-04-27,P101,데일리 베이직 티셔츠,상의,M,네이비,1,15900,15900,C00843,web
O25042800109,2025-04-28,P101,데일리 베이직 티셔츠,상의,XL,그레이,1,15900,15900,C01267,web
O25042900110,2025-04-29,P101,데일리 베이직 티셔츠,상의,S,네이비,1,15900,15900,C01451,web
O25042900111,2025-04-29,P101,데일리 베이직 티셔츠,상의,L,아이보리,1,15900,15900,C00341,web
O25042900112,2025-04-29,P101,데일리 베이직 티셔츠,상의,L,네이비,1,15900,15900,C00886,web
O25042900113,2025-04-29,P101,데일리 베이직 티셔츠,상의,L,아이보리,1,15900,15900,C01823,web
O25042900114,2025-04-29,P102,프릴 카라 블라우스,상의,XL,네이비,1,32000,32000,C03013,web
O25043000115,2025-04-30,P101,데일리 베이직 티셔츠,상의,L,코랄,1,15900,15900,C01865,web
O25043000116,2025-04-30,P102,프릴 카라 블라우스,상의,M,네이비,1,32000,32000,C01454,web
O25043000117,2025-04-30,P102,프릴 카라 블라우스,상의,S,네이비,1,32000,32000,C04210,web
O25050100118,2025-05-01,P101,데일리 베이직 티셔츠,상의,S,그레이,1,15900,15900,C00569,web
O25050200119,2025-05-02,P101,데일리 베이직 티셔츠,상의,M,코랄,1,15900,15900,C03275,web
O25050200120,2025-05-02,P101,데일리 베이직 티셔츠,상의,XL,코랄,1,15900,15900,C00945,web
O25050200121,2025-05-02,P101,데일리 베이직 티셔츠,상의,M,네이비,1,15900,15900,C02175,web
O25050200122,2025-05-02,P101,데일리 베이직 티셔츠,상의,XS,아이보리,1,15900,15900,C02832,web
O25050200123,2025-05-02,P101,데일리 베이직 티셔츠,상의,M,그레이,1,15900,15900,C04190,web
O25050300124,2025-05-03,P102,프릴 카라 블라우스,상의,L,네이비,1,32000,32000,C00262,web
O25050400125,2025-05-04,P101,데일리 베이직 티셔츠,상의,S,코랄,1,15900,15900,C00447,web
O25050400126,2025-05-04,P101,데일리 베이직 티셔츠,상의,XS,카키,1,15900,15900,C04411,web
O25050400127,2025-05-04,P101,데일리 베이직 티셔츠,상의,S,코랄,1,15900,15900,C02705,web
O25050400128,2025-05-04,P101,데일리 베이직 티셔츠,상의,XL,코랄,1,15900,15900,C01021,web
O25050500129,2025-05-05,P101,데일리 베이직 티셔츠,상의,M,카키,1,15900,15900,C03346,web
O25050500130,2025-05-05,P101,데일리 베이직 티셔츠,상의,M,그레이,1,15900,15900,C04542,web
O25050500131,2025-05-05,P101,데일리 베이직 티셔츠,상의,S,네이비,1,15900,15900,C03106,web
O25050500132,2025-05-05,P102,프릴 카라 블라우스,상의,M,아이보리,1,32000,32000,C00331,web
O25050600133,2025-05-06,P101,데일리 베이직 티셔츠,상의,S,카키,1,15900,15900,C03327,web
O25050600134,2025-05-06,P101,데일리 베이직 티셔츠,상의,XL,아이보리,1,15900,15900,C01722,web
O25050600135,2025-05-06,P101,데일리 베이직 티셔츠,상의,L,카키,1,15900,15900,C02640,web
O25050600136,2025-05-06,P102,프릴 카라 블라우스,상의,L,그레이,1,32000,32000,C04507,web
O25050700137,2025-05-07,P101,데일리 베이직 티셔츠,상의,L,네이비,1,15900,15900,C01391,web
O25050700138,2025-05-07,P101,데일리 베이직 티셔츠,상의,XS,코랄,1,15900,15900,C05186,web
O25050700139,2025-05-07,P102,프릴 카라 블라우스,상의,L,카키,1,32000,32000,C00189,web
O25050800140,2025-05-08,P101,데일리 베이직 티셔츠,상의,XS,네이비,1,15900,15900,C01841,web
O25050800141,2025-05-08,P101,데일리 베이직 티셔츠,상의,S,네이비,1,15900,15900,C00251,web
O25050800142,2025-05-08,P102,프릴 카라 블라우스,상의,M,그레이,1,32000,32000,C03305,web
O25050900143,2025-05-09,P101,데일리 베이직 티셔츠,상의,XL,아이보리,1,15900,15900,C05160,web
O25050900144,2025-05-09,P101,데일리 베이직 티셔츠,상의,XL,네이비,1,15900,15900,C03146,web
O25050900145,2025-05-09,P101,데일리 베이직 티셔츠,상의,L,그레이,1,15900,15900,C00006,web
O25050900146,2025-05-09,P101,데일리 베이직 티셔츠,상의,XS,그레이,1,15900,15900,C00531,web
O25050900147,2025-05-09,P101,데일리 베이직 티셔츠,상의,L,아이보리,1,15900,15900,C00995,web
O25050900148,2025-05-09,P101,데일리 베이직 티셔츠,상의,L,네이비,1,15900,15900,C04352,web
O25051000149,2025-05-10,P101,데일리 베이직 티셔츠,상의,XL,코랄,1,15900,15900,C03626,web
O25051000150,2025-05-10,P101,데일리 베이직 티셔츠,상의,XL,카키,1,15900,15900,C04489,web
O25051000151,2025-05-10,P101,데일리 베이직 티셔츠,상의,L,네이비,1,15900,15900,C03889,web
O25051000152,2025-05-10,P101,데일리 베이직 티셔츠,상의,L,코랄,1,15900,15900,C02272,web
O25051000153,2025-05-10,P101,데일리 베이직 티셔츠,상의,XL,그레이,1,15900,15900,C02250,web
O25051000154,2025-05-10,P101,데일리 베이직 티셔츠,상의,L,아이보리,1,15900,15900,C01921,web
O25051100155,2025-05-11,P101,데일리 베이직 티셔츠,상의,M,카키,1,15900,15900,C00155,web
O25051100156,2025-05-11,P201,코튼 조거 팬츠,하의,XL,카키,1,24000,24000,C02212,web
O25051100157,2025-05-11,P201,코튼 조거 팬츠,하의,XL,아이보리,1,24000,24000,C00421,web
O25051200158,2025-05-12,P101,데일리 베이직 티셔츠,상의,S,네이비,1,15900,15900,C00418,web
O25051200159,2025-05-12,P102,프릴 카라 블라우스,상의,L,코랄,1,32000,32000,C00544,web
O25051200160,2025-05-12,P201,코튼 조거 팬츠,하의,S,코랄,1,24000,24000,C02002,web
O25051200161,2025-05-12,P201,코튼 조거 팬츠,하의,XL,그레이,1,24000,24000,C00732,web
O25051200162,2025-05-12,P201,코튼 조거 팬츠,하의,S,그레이,1,24000,24000,C02244,web
O25051300163,2025-05-13,P101,데일리 베이직 티셔츠,상의,L,그레이,1,15900,15900,C00431,web
O25051300164,2025-05-13,P102,프릴 카라 블라우스,상의,S,아이보리,1,32000,32000,C03651,web
O25051300165,2025-05-13,P201,코튼 조거 팬츠,하의,XL,그레이,1,24000,24000,C04317,web
O25051300166,2025-05-13,P201,코튼 조거 팬츠,하의,S,코랄,1,24000,24000,C02858,web
O25051300167,2025-05-13,P201,코튼 조거 팬츠,하의,M,그레이,1,24000,24000,C02264,web
O25051400168,2025-05-14,P101,데일리 베이직 티셔츠,상의,XL,아이보리,1,15900,15900,C04717,web
O25051400169,2025-05-14,P201,코튼 조거 팬츠,하의,XS,카키,1,24000,24000,C02813,web
O25051500170,2025-05-15,P101,데일리 베이직 티셔츠,상의,XS,코랄,1,15900,15900,C03195,web
O25051500171,2025-05-15,P102,프릴 카라 블라우스,상의,M,아이보리,1,32000,32000,C02630,web
O25051500172,2025-05-15,P102,프릴 카라 블라우스,상의,XL,아이보리,1,32000,32000,C04426,web
O25051500173,2025-05-15,P201,코튼 조거 팬츠,하의,XS,그레이,1,24000,24000,C04643,web
O25051500174,2025-05-15,P201,코튼 조거 팬츠,하의,M,코랄,1,24000,24000,C00009,web
O25051600175,2025-05-16,P101,데일리 베이직 티셔츠,상의,L,카키,1,15900,15900,C04474,web
O25051600176,2025-05-16,P101,데일리 베이직 티셔츠,상의,XL,네이비,1,15900,15900,C02236,web
O25051600177,2025-05-16,P101,데일리 베이직 티셔츠,상의,L,그레이,1,15900,15900,C00345,web
O25051600178,2025-05-16,P101,데일리 베이직 티셔츠,상의,L,네이비,1,15900,15900,C01046,web
O25051600179,2025-05-16,P102,프릴 카라 블라우스,상의,S,카키,1,32000,32000,C03072,web
O25051600180,2025-05-16,P102,프릴 카라 블라우스,상의,XL,그레이,1,32000,32000,C00198,web
O25051600181,2025-05-16,P201,코튼 조거 팬츠,하의,S,그레이,1,24000,24000,C04286,web
O25051700182,2025-05-17,P101,데일리 베이직 티셔츠,상의,XL,아이보리,1,15900,15900,C04849,web
O25051700183,2025-05-17,P101,데일리 베이직 티셔츠,상의,XL,아이보리,1,15900,15900,C00439,web
O25051700184,2025-05-17,P101,데일리 베이직 티셔츠,상의,S,그레이,1,15900,15900,C00267,web
O25051700185,2025-05-17,P101,데일리 베이직 티셔츠,상의,L,코랄,1,15900,15900,C00335,web
O25051700186,2025-05-17,P101,데일리 베이직 티셔츠,상의,M,그레이,1,15900,15900,C03454,web
O25051700187,2025-05-17,P102,프릴 카라 블라우스,상의,S,아이보리,1,32000,32000,C00551,web
O25051700188,2025-05-17,P201,코튼 조거 팬츠,하의,XL,카키,1,24000,24000,C02488,web
O25051700189,2025-05-17,P201,코튼 조거 팬츠,하의,L,코랄,1,24000,24000,C00302,web
O25051700190,2025-05-17,P201,코튼 조거 팬츠,하의,XS,그레이,1,24000,24000,C00290,web
O25051700191,2025-05-17,P201,코튼 조거 팬츠,하의,XL,아이보리,1,24000,24000,C00314,web
O25051800192,2025-05-18,P101,데일리 베이직 티셔츠,상의,XS,그레이,1,15900,15900,C00553,web
O25051800193,2025-05-18,P102,프릴 카라 블라우스,상의,S,네이비,1,32000,32000,C01747,web
O25051900194,2025-05-19,P102,프릴 카라 블라우스,상의,XL,아이보리,1,32000,32000,C00446,web
O25051900195,2025-05-19,P102,프릴 카라 블라우스,상의,S,네이비,1,32000,32000,C00340,web
O25051900196,2025-05-19,P102,프릴 카라 블라우스,상의,S,아이보리,1,32000,32000,C00183,web
O25051900197,2025-05-19,P201,코튼 조거 팬츠,하의,XS,아이보리,1,24000,24000,C02869,web
O25052000198,2025-05-20,P101,데일리 베이직 티셔츠,상의,S,아이보리,1,15900,15900,C00330,web
O25052000199,2025-05-20,P101,데일리 베이직 티셔츠,상의,XS,네이비,1,15900,15900,C00021,web
O25052000200,2025-05-20,P101,데일리 베이직 티셔츠,상의,XL,네이비,1,15900,15900,C00485,web
O25052000201,2025-05-20,P101,데일리 베이직 티셔츠,상의,XS,카키,1,15900,15900,C03810,web
O25052000202,2025-05-20,P101,데일리 베이직 티셔츠,상의,M,코랄,1,15900,15900,C00118,web
O25052000203,2025-05-20,P102,프릴 카라 블라우스,상의,S,카키,1,32000,32000,C02119,web
O25052000204,2025-05-20,P102,프릴 카라 블라우스,상의,XL,그레이,1,32000,32000,C03314,web
O25052000205,2025-05-20,P201,코튼 조거 팬츠,하의,XL,카키,1,24000,24000,C00089,web
O25052000206,2025-05-20,P201,코튼 조거 팬츠,하의,M,네이비,1,24000,24000,C01612,web
O25052000207,2025-05-20,P201,코튼 조거 팬츠,하의,L,카키,1,24000,24000,C02383,web
O25052100208,2025-05-21,P101,데일리 베이직 티셔츠,상의,S,코랄,1,15900,15900,C00027,web
O25052100209,2025-05-21,P101,데일리 베이직 티셔츠,상의,M,카키,1,15900,15900,C03075,web
O25052100210,2025-05-21,P101,데일리 베이직 티셔츠,상의,L,네이비,1,15900,15900,C00249,web
O25052100211,2025-05-21,P102,프릴 카라 블라우스,상의,S,그레이,1,32000,32000,C04382,web
O25052200212,2025-05-22,P201,코튼 조거 팬츠,하의,M,네이비,1,24000,24000,C03165,web
O25052300213,2025-05-23,P101,데일리 베이직 티셔츠,상의,XL,아이보리,1,15900,15900,C04637,web
O25052300214,2025-05-23,P101,데일리 베이직 티셔츠,상의,XS,코랄,1,15900,15900,C03036,web
O25052300215,2025-05-23,P101,데일리 베이직 티셔츠,상의,XS,카키,1,15900,15900,C00104,web
O25052300216,2025-05-23,P102,프릴 카라 블라우스,상의,S,카키,1,32000,32000,C00075,web
O25052300217,2025-05-23,P102,프릴 카라 블라우스,상의,L,카키,1,32000,32000,C00309,web
O25052300218,2025-05-23,P201,코튼 조거 팬츠,하의,XS,코랄,1,24000,24000,C04891,web
O25052400219,2025-05-24,P101,데일리 베이직 티셔츠,상의,L,아이보리,1,15900,15900,C02968,web
O25052400220,2025-05-24,P101,데일리 베이직 티셔츠,상의,L,네이비,1,15900,15900,C04275,web
O25052400221,2025-05-24,P101,데일리 베이직 티셔츠,상의,M,카키,1,15900,15900,C04409,web
O25052400222,2025-05-24,P101,데일리 베이직 티셔츠,상의,L,그레이,1,15900,15900,C04854,web
O25052400223,2025-05-24,P102,프릴 카라 블라우스,상의,L,그레이,1,32000,32000,C00253,web
O25052400224,2025-05-24,P201,코튼 조거 팬츠,하의,XL,그레이,1,24000,24000,C02642,web
O25052500225,2025-05-25,P101,데일리 베이직 티셔츠,상의,S,아이보리,1,15900,15900,C03693,web
O25052500226,2025-05-25,P102,프릴 카라 블라우스,상의,M,네이비,1,32000,32000,C04471,web
O25052500227,2025-05-25,P201,코튼 조거 팬츠,하의,S,네이비,1,24000,24000,C03411,web
O25052500228,2025-05-25,P201,코튼 조거 팬츠,하의,XL,네이비,1,24000,24000,C00702,web
O25052600229,2025-05-26,P101,데일리 베이직 티셔츠,상의,L,카키,1,15900,15900,C03105,web
O25052600230,2025-05-26,P102,프릴 카라 블라우스,상의,M,코랄,1,32000,32000,C03057,web
O25052600231,2025-05-26,P201,코튼 조거 팬츠,하의,L,카키,1,24000,24000,C00448,web
O25052700232,2025-05-27,P101,데일리 베이직 티셔츠,상의,L,코랄,1,15900,15900,C00218,web
O25052700233,2025-05-27,P102,프릴 카라 블라우스,상의,S,카키,1,32000,32000,C01159,web
O25052700234,2025-05-27,P102,프릴 카라 블라우스,상의,S,아이보리,1,32000,32000,C00404,web
O25052700235,2025-05-27,P102,프릴 카라 블라우스,상의,S,코랄,1,32000,32000,C00353,web
O25052700236,2025-05-27,P102,프릴 카라 블라우스,상의,M,그레이,1,32000,32000,C04199,web
O25052800237,2025-05-28,P101,데일리 베이직 티셔츠,상의,M,코랄,1,15900,15900,C04884,web
O25052800238,2025-05-28,P201,코튼 조거 팬츠,하의,M,카키,1,24000,24000,C02930,web
O25052900239,2025-05-29,P101,데일리 베이직 티셔츠,상의,M,카키,1,15900,15900,C00196,web
O25052900240,2025-05-29,P101,데일리 베이직 티셔츠,상의,XS,네이비,1,15900,15900,C04003,web
O25052900241,2025-05-29,P101,데일리 베이직 티셔츠,상의,XL,네이비,1,15900,15900,C04021,web
O25052900242,2025-05-29,P201,코튼 조거 팬츠,하의,L,그레이,1,24000,24000,C03361,web
O25053000243,2025-05-30,P101,데일리 베이직 티셔츠,상의,XS,아이보리,1,15900,15900,C03313,web
O25053000244,2025-05-30,P101,데일리 베이직 티셔츠,상의,S,코랄,1,15900,15900,C03024,web
O25053000245,2025-05-30,P102,프릴 카라 블라우스,상의,L,네이비,1,32000,32000,C00581,web
O25053000246,2025-05-30,P201,코튼 조거 팬츠,하의,XL,아이보리,1,24000,24000,C03449,web
O25053100247,2025-05-31,P101,데일리 베이직 티셔츠,상의,XL,코랄,1,15900,15900,C04509,web
O25053100248,2025-05-31,P101,데일리 베이직 티셔츠,상의,M,코랄,1,15900,15900,C02220,web
O25053100249,2025-05-31,P102,프릴 카라 블라우스,상의,XL,카키,1,32000,32000,C00069,web
O25053100250,2025-05-31,P102,프릴 카라 블라우스,상의,L,아이보리,1,32000,32000,C00595,web
O25060100251,2025-06-01,P101,데일리 베이직 티셔츠,상의,S,아이보리,1,15900,15900,C02585,web
O25060100252,2025-06-01,P102,프릴 카라 블라우스,상의,L,코랄,1,32000,32000,C00241,web
O25060200253,2025-06-02,P201,코튼 조거 팬츠,하의,S,카키,1,24000,24000,C01043,web
O25060200254,2025-06-02,P201,코튼 조거 팬츠,하의,XL,카키,1,24000,24000,C02404,web
O25060200255,2025-06-02,P201,코튼 조거 팬츠,하의,XS,그레이,1,24000,24000,C00007,web
O25060300256,2025-06-03,P101,데일리 베이직 티셔츠,상의,S,네이비,1,15900,15900,C00496,web
O25060300257,2025-06-03,P101,데일리 베이직 티셔츠,상의,M,카키,1,15900,15900,C04298,web
O25060300258,2025-06-03,P102,프릴 카라 블라우스,상의,M,코랄,1,32000,32000,C02690,web
O25060300259,2025-06-03,P201,코튼 조거 팬츠,하의,XL,그레이,1,24000,24000,C00694,web
O25060400260,2025-06-04,P101,데일리 베이직 티셔츠,상의,XS,네이비,1,15900,15900,C02957,web
O25060400261,2025-06-04,P101,데일리 베이직 티셔츠,상의,S,코랄,1,15900,15900,C00547,web
O25060400262,2025-06-04,P102,프릴 카라 블라우스,상의,L,카키,1,32000,32000,C00581,web
O25060500263,2025-06-05,P102,프릴 카라 블라우스,상의,L,그레이,1,32000,32000,C00321,web
O25060500264,2025-06-05,P201,코튼 조거 팬츠,하의,XS,코랄,1,24000,24000,C02381,web
O25060500265,2025-06-05,P201,코튼 조거 팬츠,하의,XL,그레이,1,24000,24000,C00499,web
O25060700266,2025-06-07,P201,코튼 조거 팬츠,하의,XL,아이보리,1,24000,24000,C04230,web
O25060800267,2025-06-08,P101,데일리 베이직 티셔츠,상의,S,그레이,1,15900,15900,C00013,web
O25060800268,2025-06-08,P102,프릴 카라 블라우스,상의,XL,코랄,1,32000,32000,C01101,web
O25060800269,2025-06-08,P102,프릴 카라 블라우스,상의,L,그레이,1,32000,32000,C02939,web
O25060900270,2025-06-09,P101,데일리 베이직 티셔츠,상의,L,그레이,1,15900,15900,C01511,web
O25060900271,2025-06-09,P101,데일리 베이직 티셔츠,상의,XS,코랄,1,15900,15900,C03914,web
O25060900272,2025-06-09,P102,프릴 카라 블라우스,상의,XL,카키,1,32000,32000,C00084,web
O25060900273,2025-06-09,P102,프릴 카라 블라우스,상의,L,네이비,1,32000,32000,C01610,web
O25060900274,2025-06-09,P201,코튼 조거 팬츠,하의,L,네이비,1,24000,24000,C00159,web
O25060900275,2025-06-09,P201,코튼 조거 팬츠,하의,M,코랄,1,24000,24000,C00053,web
O25061000276,2025-06-10,P201,코튼 조거 팬츠,하의,XL,네이비,1,24000,24000,C00001,web
O25061000277,2025-06-10,P201,코튼 조거 팬츠,하의,S,카키,1,24000,24000,C04259,web
O25061100278,2025-06-11,P102,프릴 카라 블라우스,상의,S,아이보리,1,32000,32000,C04155,web
O25061100279,2025-06-11,P102,프릴 카라 블라우스,상의,S,카키,1,32000,32000,C04834,web
O25061100280,2025-06-11,P102,프릴 카라 블라우스,상의,M,아이보리,1,32000,32000,C04453,web
O25061200281,2025-06-12,P101,데일리 베이직 티셔츠,상의,XL,아이보리,1,15900,15900,C00577,web
O25061200282,2025-06-12,P101,데일리 베이직 티셔츠,상의,M,아이보리,1,15900,15900,C00971,web
O25061200283,2025-06-12,P102,프릴 카라 블라우스,상의,XL,네이비,1,32000,32000,C01830,web
O25061200284,2025-06-12,P102,프릴 카라 블라우스,상의,L,네이비,1,32000,32000,C04182,web
O25061200285,2025-06-12,P102,프릴 카라 블라우스,상의,S,그레이,1,32000,32000,C00087,web
O25061300286,2025-06-13,P101,데일리 베이직 티셔츠,상의,L,카키,1,15900,15900,C05067,web
O25061300287,2025-06-13,P101,데일리 베이직 티셔츠,상의,S,카키,1,15900,15900,C03627,web
O25061300288,2025-06-13,P102,프릴 카라 블라우스,상의,M,카키,1,32000,32000,C00164,web
O25061300289,2025-06-13,P102,프릴 카라 블라우스,상의,M,카키,1,32000,32000,C01198,web
O25061300290,2025-06-13,P201,코튼 조거 팬츠,하의,XL,그레이,1,24000,24000,C00998,web
O25061300291,2025-06-13,P301,경량 패딩 베스트,아우터,S,그레이,1,52000,52000,C04959,web
O25061400292,2025-06-14,P101,데일리 베이직 티셔츠,상의,XL,그레이,1,15900,15900,C05088,web
O25061400293,2025-06-14,P102,프릴 카라 블라우스,상의,XL,코랄,1,32000,32000,C00500,web
O25061400294,2025-06-14,P102,프릴 카라 블라우스,상의,M,아이보리,1,32000,32000,C01918,web
O25061400295,2025-06-14,P201,코튼 조거 팬츠,하의,L,네이비,1,24000,24000,C04479,web
O25061500296,2025-06-15,P301,경량 패딩 베스트,아우터,XL,카키,1,52000,52000,C00260,web
O25061600297,2025-06-16,P101,데일리 베이직 티셔츠,상의,XS,네이비,1,15900,15900,C02168,web
O25061600298,2025-06-16,P101,데일리 베이직 티셔츠,상의,XS,네이비,1,15900,15900,C00566,web
O25061600299,2025-06-16,P101,데일리 베이직 티셔츠,상의,XS,네이비,1,15900,15900,C00462,web
O25061600300,2025-06-16,P101,데일리 베이직 티셔츠,상의,XL,그레이,1,15900,15900,C01897,web
O25061600301,2025-06-16,P101,데일리 베이직 티셔츠,상의,M,코랄,1,15900,15900,C03720,web
O25061600302,2025-06-16,P201,코튼 조거 팬츠,하의,L,카키,1,24000,24000,C00150,web
O25061700303,2025-06-17,P102,프릴 카라 블라우스,상의,L,그레이,1,32000,32000,C03725,web
O25061700304,2025-06-17,P102,프릴 카라 블라우스,상의,S,아이보리,1,32000,32000,C02655,web
O25061700305,2025-06-17,P102,프릴 카라 블라우스,상의,S,카키,1,32000,32000,C02241,web
O25061700306,2025-06-17,P201,코튼 조거 팬츠,하의,S,네이비,1,24000,24000,C01972,web
O25061800307,2025-06-18,P101,데일리 베이직 티셔츠,상의,M,카키,1,15900,15900,C01621,web
O25061800308,2025-06-18,P102,프릴 카라 블라우스,상의,L,카키,1,32000,32000,C01425,web
O25061800309,2025-06-18,P102,프릴 카라 블라우스,상의,XL,그레이,1,32000,32000,C00638,web
O25061900310,2025-06-19,P101,데일리 베이직 티셔츠,상의,XL,네이비,1,15900,15900,C02177,web
O25061900311,2025-06-19,P101,데일리 베이직 티셔츠,상의,S,아이보리,1,15900,15900,C00315,web
O25061900312,2025-06-19,P102,프릴 카라 블라우스,상의,XL,네이비,1,32000,32000,C02891,web
O25061900313,2025-06-19,P201,코튼 조거 팬츠,하의,XL,네이비,1,24000,24000,C02376,web
O25061900314,2025-06-19,P201,코튼 조거 팬츠,하의,M,아이보리,1,24000,24000,C04039,web
O25062000315,2025-06-20,P101,데일리 베이직 티셔츠,상의,XL,코랄,1,15900,15900,C03840,web
O25062000316,2025-06-20,P101,데일리 베이직 티셔츠,상의,M,그레이,1,15900,15900,C04100,web
O25062000317,2025-06-20,P102,프릴 카라 블라우스,상의,L,그레이,1,32000,32000,C04950,web
O25062000318,2025-06-20,P102,프릴 카라 블라우스,상의,S,카키,1,32000,32000,C03604,web
O25062000319,2025-06-20,P201,코튼 조거 팬츠,하의,M,그레이,1,24000,24000,C00880,web
O25062000320,2025-06-20,P301,경량 패딩 베스트,아우터,M,네이비,1,52000,52000,C01892,web
O25062100321,2025-06-21,P101,데일리 베이직 티셔츠,상의,L,아이보리,1,15900,15900,C03540,web
O25062100322,2025-06-21,P101,데일리 베이직 티셔츠,상의,M,카키,1,15900,15900,C00749,web
O25062100323,2025-06-21,P201,코튼 조거 팬츠,하의,L,네이비,1,24000,24000,C00469,web
O25062100324,2025-06-21,P301,경량 패딩 베스트,아우터,S,아이보리,1,52000,52000,C01090,web
O25062100325,2025-06-21,P301,경량 패딩 베스트,아우터,M,코랄,1,52000,52000,C04707,web
O25062200326,2025-06-22,P101,데일리 베이직 티셔츠,상의,XL,카키,1,15900,15900,C02208,web
O25062300327,2025-06-23,P101,데일리 베이직 티셔츠,상의,S,그레이,1,15900,15900,C03623,web
O25062300328,2025-06-23,P101,데일리 베이직 티셔츠,상의,M,네이비,1,15900,15900,C03571,web
O25062300329,2025-06-23,P102,프릴 카라 블라우스,상의,M,네이비,1,32000,32000,C00371,web
O25062300330,2025-06-23,P102,프릴 카라 블라우스,상의,S,네이비,1,32000,32000,C02706,web
O25062300331,2025-06-23,P201,코튼 조거 팬츠,하의,XL,코랄,1,24000,24000,C00456,web
O25062400332,2025-06-24,P101,데일리 베이직 티셔츠,상의,L,아이보리,1,15900,15900,C03346,web
O25062400333,2025-06-24,P101,데일리 베이직 티셔츠,상의,M,코랄,1,15900,15900,C01318,web
O25062400334,2025-06-24,P102,프릴 카라 블라우스,상의,XL,그레이,1,32000,32000,C04840,web
O25062400335,2025-06-24,P102,프릴 카라 블라우스,상의,M,그레이,1,32000,32000,C00045,web
O25062500336,2025-06-25,P101,데일리 베이직 티셔츠,상의,L,코랄,1,15900,15900,C03281,web
O25062500337,2025-06-25,P201,코튼 조거 팬츠,하의,S,그레이,1,24000,24000,C03755,web
O25062500338,2025-06-25,P201,코튼 조거 팬츠,하의,M,아이보리,1,24000,24000,C02931,web
O25062500339,2025-06-25,P201,코튼 조거 팬츠,하의,XL,카키,1,24000,24000,C00538,web
O25062600340,2025-06-26,P101,데일리 베이직 티셔츠,상의,XL,아이보리,1,15900,15900,C02577,web
O25062600341,2025-06-26,P101,데일리 베이직 티셔츠,상의,M,코랄,1,15900,15900,C00414,web
O25062600342,2025-06-26,P101,데일리 베이직 티셔츠,상의,XL,아이보리,1,15900,15900,C04445,web
O25062600343,2025-06-26,P102,프릴 카라 블라우스,상의,M,카키,1,32000,32000,C00587,web
O25062600344,2025-06-26,P201,코튼 조거 팬츠,하의,XS,네이비,1,24000,24000,C02883,web
O25062700345,2025-06-27,P101,데일리 베이직 티셔츠,상의,XS,네이비,1,15900,15900,C05101,web
O25062700346,2025-06-27,P101,데일리 베이직 티셔츠,상의,L,그레이,1,15900,15900,C01668,web
O25062700347,2025-06-27,P201,코튼 조거 팬츠,하의,XL,코랄,1,24000,24000,C01148,web
O25062700348,2025-06-27,P201,코튼 조거 팬츠,하의,M,코랄,1,24000,24000,C00559,web
O25062800349,2025-06-28,P101,데일리 베이직 티셔츠,상의,S,코랄,1,15900,15900,C03971,web
O25062800350,2025-06-28,P201,코튼 조거 팬츠,하의,L,그레이,1,24000,24000,C04964,web
O25062800351,2025-06-28,P201,코튼 조거 팬츠,하의,S,카키,1,24000,24000,C04154,web
O25062800352,2025-06-28,P201,코튼 조거 팬츠,하의,XL,코랄,1,24000,24000,C00332,web
O25062900353,2025-06-29,P102,프릴 카라 블라우스,상의,XL,카키,1,32000,32000,C00153,web
O25062900354,2025-06-29,P102,프릴 카라 블라우스,상의,L,아이보리,1,32000,32000,C00483,web
O25062900355,2025-06-29,P102,프릴 카라 블라우스,상의,XL,네이비,1,32000,32000,C00421,web
O25062900356,2025-06-29,P201,코튼 조거 팬츠,하의,XL,코랄,1,24000,24000,C03308,web
O25063000357,2025-06-30,P101,데일리 베이직 티셔츠,상의,XL,네이비,1,15900,15900,C02546,web
O25063000358,2025-06-30,P101,데일리 베이직 티셔츠,상의,XL,아이보리,1,15900,15900,C00764,web
O25063000359,2025-06-30,P101,데일리 베이직 티셔츠,상의,S,아이보리,1,15900,15900,C00963,web
O25063000360,2025-06-30,P101,데일리 베이직 티셔츠,상의,S,그레이,1,15900,15900,C02391,web
O25063000361,2025-06-30,P101,데일리 베이직 티셔츠,상의,XL,코랄,1,15900,15900,C03953,web
O25063000362,2025-06-30,P102,프릴 카라 블라우스,상의,M,카키,1,32000,32000,C02167,web
O25070100363,2025-07-01,P101,데일리 베이직 티셔츠,상의,S,그레이,1,15900,15900,C03143,web
O25070100364,2025-07-01,P101,데일리 베이직 티셔츠,상의,S,카키,1,15900,15900,C01119,web
O25070100365,2025-07-01,P101,데일리 베이직 티셔츠,상의,XS,코랄,1,15900,15900,C03400,web
O25070100366,2025-07-01,P101,데일리 베이직 티셔츠,상의,M,카키,1,15900,15900,C00022,web
O25070100367,2025-07-01,P101,데일리 베이직 티셔츠,상의,M,코랄,1,15900,15900,C04751,web
O25070200368,2025-07-02,P101,데일리 베이직 티셔츠,상의,L,네이비,1,15900,15900,C03968,web
O25070200369,2025-07-02,P101,데일리 베이직 티셔츠,상의,M,코랄,1,15900,15900,C04452,web
O25070200370,2025-07-02,P101,데일리 베이직 티셔츠,상의,L,그레이,1,15900,15900,C01546,web
O25070200371,2025-07-02,P101,데일리 베이직 티셔츠,상의,S,카키,1,15900,15900,C03366,web
O25070200372,2025-07-02,P101,데일리 베이직 티셔츠,상의,XS,코랄,1,15900,15900,C03124,web
O25070200373,2025-07-02,P101,데일리 베이직 티셔츠,상의,L,네이비,1,15900,15900,C00304,web
O25070200374,2025-07-02,P101,데일리 베이직 티셔츠,상의,S,카키,1,15900,15900,C02720,web
O25070200375,2025-07-02,P102,프릴 카라 블라우스,상의,XL,카키,1,32000,32000,C01883,web
O25070200376,2025-07-02,P102,프릴 카라 블라우스,상의,XL,그레이,1,32000,32000,C00017,web
O25070200377,2025-07-02,P201,코튼 조거 팬츠,하의,S,아이보리,1,24000,24000,C04092,web
O25070200378,2025-07-02,P201,코튼 조거 팬츠,하의,L,코랄,1,24000,24000,C01939,web
O25070300379,2025-07-03,P101,데일리 베이직 티셔츠,상의,L,아이보리,1,15900,15900,C03744,web
O25070300380,2025-07-03,P101,데일리 베이직 티셔츠,상의,XS,네이비,1,15900,15900,C01265,web
O25070300381,2025-07-03,P101,데일리 베이직 티셔츠,상의,XS,그레이,1,15900,15900,C02172,web
O25070300382,2025-07-03,P301,경량 패딩 베스트,아우터,XL,카키,1,52000,52000,C03633,web
O25070400383,2025-07-04,P101,데일리 베이직 티셔츠,상의,L,아이보리,1,15900,15900,C04372,web
O25070400384,2025-07-04,P102,프릴 카라 블라우스,상의,XL,네이비,1,32000,32000,C01454,web
O25070400385,2025-07-04,P102,프릴 카라 블라우스,상의,XL,카키,1,32000,32000,C04354,web
O25070400386,2025-07-04,P201,코튼 조거 팬츠,하의,L,그레이,1,24000,24000,C00508,web
O25070400387,2025-07-04,P201,코튼 조거 팬츠,하의,XL,코랄,1,24000,24000,C00075,web
O25070400388,2025-07-04,P201,코튼 조거 팬츠,하의,L,코랄,1,24000,24000,C00242,web
O25070500389,2025-07-05,P101,데일리 베이직 티셔츠,상의,M,그레이,1,15900,15900,C00295,web
O25070500390,2025-07-05,P102,프릴 카라 블라우스,상의,S,아이보리,1,32000,32000,C01068,web
O25070500391,2025-07-05,P201,코튼 조거 팬츠,하의,M,아이보리,1,24000,24000,C03094,web
O25070500392,2025-07-05,P201,코튼 조거 팬츠,하의,S,카키,1,24000,24000,C01604,web
O25070500393,2025-07-05,P201,코튼 조거 팬츠,하의,M,그레이,1,24000,24000,C02344,web
O25070500394,2025-07-05,P301,경량 패딩 베스트,아우터,M,네이비,1,52000,52000,C01541,web
O25070600395,2025-07-06,P101,데일리 베이직 티셔츠,상의,S,코랄,1,15900,15900,C00741,web
O25070600396,2025-07-06,P101,데일리 베이직 티셔츠,상의,L,아이보리,1,15900,15900,C00824,web
O25070600397,2025-07-06,P102,프릴 카라 블라우스,상의,S,그레이,1,32000,32000,C03035,web
O25070600398,2025-07-06,P102,프릴 카라 블라우스,상의,S,카키,1,32000,32000,C03950,web
O25070600399,2025-07-06,P102,프릴 카라 블라우스,상의,XL,코랄,1,32000,32000,C04720,web
O25070600400,2025-07-06,P301,경량 패딩 베스트,아우터,M,그레이,1,52000,52000,C02244,web
O25070700401,2025-07-07,P101,데일리 베이직 티셔츠,상의,M,아이보리,1,15900,15900,C00058,web
O25070700402,2025-07-07,P101,데일리 베이직 티셔츠,상의,M,코랄,1,15900,15900,C01193,web
O25070700403,2025-07-07,P201,코튼 조거 팬츠,하의,L,카키,1,24000,24000,C01576,web
O25070700404,2025-07-07,P201,코튼 조거 팬츠,하의,XS,카키,1,24000,24000,C00099,web
O25070800405,2025-07-08,P101,데일리 베이직 티셔츠,상의,L,카키,1,15900,15900,C01476,web
O25070900406,2025-07-09,P101,데일리 베이직 티셔츠,상의,XS,카키,1,15900,15900,C05077,web
O25070900407,2025-07-09,P102,프릴 카라 블라우스,상의,M,아이보리,1,32000,32000,C04455,web
O25070900408,2025-07-09,P201,코튼 조거 팬츠,하의,XS,코랄,1,24000,24000,C04656,web
O25070900409,2025-07-09,P201,코튼 조거 팬츠,하의,XL,아이보리,1,24000,24000,C04327,web
O25071000410,2025-07-10,P101,데일리 베이직 티셔츠,상의,L,카키,1,15900,15900,C00473,web
O25071000411,2025-07-10,P101,데일리 베이직 티셔츠,상의,M,그레이,1,15900,15900,C00077,web
O25071000412,2025-07-10,P102,프릴 카라 블라우스,상의,M,아이보리,1,32000,32000,C00059,web
O25071000413,2025-07-10,P201,코튼 조거 팬츠,하의,S,카키,1,24000,24000,C04103,web
O25071100414,2025-07-11,P101,데일리 베이직 티셔츠,상의,L,코랄,1,15900,15900,C01295,web
O25071100415,2025-07-11,P101,데일리 베이직 티셔츠,상의,XS,그레이,1,15900,15900,C04814,web
O25071100416,2025-07-11,P101,데일리 베이직 티셔츠,상의,M,그레이,1,15900,15900,C03743,web
O25071100417,2025-07-11,P101,데일리 베이직 티셔츠,상의,M,네이비,1,15900,15900,C03959,web
O25071100418,2025-07-11,P102,프릴 카라 블라우스,상의,S,카키,1,32000,32000,C00211,web
O25071100419,2025-07-11,P201,코튼 조거 팬츠,하의,XL,카키,1,24000,24000,C00551,web
O25071100420,2025-07-11,P401,플라워 원피스,원피스,L,네이비,1,36000,36000,C01785,web
O25071200421,2025-07-12,P102,프릴 카라 블라우스,상의,L,그레이,1,32000,32000,C01268,web
O25071200422,2025-07-12,P102,프릴 카라 블라우스,상의,XL,카키,1,32000,32000,C04392,web
O25071200423,2025-07-12,P201,코튼 조거 팬츠,하의,L,아이보리,1,24000,24000,C01042,web
O25071200424,2025-07-12,P401,플라워 원피스,원피스,L,코랄,1,36000,36000,C03072,web
O25071200425,2025-07-12,P401,플라워 원피스,원피스,S,아이보리,1,36000,36000,C00503,web
O25071300426,2025-07-13,P101,데일리 베이직 티셔츠,상의,M,카키,1,15900,15900,C02419,web
O25071300427,2025-07-13,P102,프릴 카라 블라우스,상의,L,카키,1,32000,32000,C03256,web
O25071300428,2025-07-13,P201,코튼 조거 팬츠,하의,M,아이보리,1,24000,24000,C00237,web
O25071300429,2025-07-13,P201,코튼 조거 팬츠,하의,XS,카키,1,24000,24000,C00185,web
O25071300430,2025-07-13,P401,플라워 원피스,원피스,S,코랄,1,36000,36000,C01786,web
O25071400431,2025-07-14,P102,프릴 카라 블라우스,상의,XL,카키,1,32000,32000,C03953,web
O25071400432,2025-07-14,P102,프릴 카라 블라우스,상의,M,코랄,1,32000,32000,C03963,web
O25071500433,2025-07-15,P101,데일리 베이직 티셔츠,상의,L,코랄,1,15900,15900,C00051,web
O25071500434,2025-07-15,P101,데일리 베이직 티셔츠,상의,XL,그레이,1,15900,15900,C02345,web
O25071500435,2025-07-15,P101,데일리 베이직 티셔츠,상의,S,카키,1,15900,15900,C01795,web
O25071500436,2025-07-15,P201,코튼 조거 팬츠,하의,M,그레이,1,24000,24000,C00557,web
O25071500437,2025-07-15,P201,코튼 조거 팬츠,하의,S,코랄,1,24000,24000,C00590,web
O25071500438,2025-07-15,P201,코튼 조거 팬츠,하의,S,카키,1,24000,24000,C04097,web
O25071500439,2025-07-15,P401,플라워 원피스,원피스,S,아이보리,1,36000,36000,C03109,web
O25071600440,2025-07-16,P101,데일리 베이직 티셔츠,상의,XL,코랄,1,15900,15900,C01121,web
O25071600441,2025-07-16,P101,데일리 베이직 티셔츠,상의,XS,아이보리,1,15900,15900,C03612,web
O25071600442,2025-07-16,P102,프릴 카라 블라우스,상의,L,그레이,1,32000,32000,C00976,web
O25071600443,2025-07-16,P201,코튼 조거 팬츠,하의,XL,아이보리,1,24000,24000,C00909,web
O25071600444,2025-07-16,P401,플라워 원피스,원피스,S,그레이,1,36000,36000,C00109,web
O25071700445,2025-07-17,P102,프릴 카라 블라우스,상의,XL,네이비,1,32000,32000,C00521,web
O25071700446,2025-07-17,P102,프릴 카라 블라우스,상의,XL,코랄,1,32000,32000,C05031,web
O25071700447,2025-07-17,P201,코튼 조거 팬츠,하의,M,아이보리,1,24000,24000,C00432,web
O25071700448,2025-07-17,P401,플라워 원피스,원피스,M,네이비,1,36000,36000,C05143,web
O25071800449,2025-07-18,P101,데일리 베이직 티셔츠,상의,S,아이보리,1,15900,15900,C02677,web
O25071800450,2025-07-18,P102,프릴 카라 블라우스,상의,S,네이비,1,32000,32000,C00044,web
O25071800451,2025-07-18,P102,프릴 카라 블라우스,상의,S,네이비,1,32000,32000,C04918,web
O25071800452,2025-07-18,P401,플라워 원피스,원피스,L,네이비,1,36000,36000,C00227,web
O25071900453,2025-07-19,P101,데일리 베이직 티셔츠,상의,S,네이비,1,15900,15900,C00553,web
O25071900454,2025-07-19,P101,데일리 베이직 티셔츠,상의,M,카키,1,15900,15900,C02233,web
O25071900455,2025-07-19,P101,데일리 베이직 티셔츠,상의,S,코랄,1,15900,15900,C03948,web
O25071900456,2025-07-19,P102,프릴 카라 블라우스,상의,S,코랄,1,32000,32000,C00082,web
O25071900457,2025-07-19,P201,코튼 조거 팬츠,하의,XS,네이비,1,24000,24000,C00338,web
O25071900458,2025-07-19,P401,플라워 원피스,원피스,S,아이보리,1,36000,36000,C00033,web
O25072000459,2025-07-20,P101,데일리 베이직 티셔츠,상의,M,코랄,1,15900,15900,C03837,web
O25072000460,2025-07-20,P101,데일리 베이직 티셔츠,상의,XS,네이비,1,15900,15900,C01849,web
O25072000461,2025-07-20,P101,데일리 베이직 티셔츠,상의,L,카키,1,15900,15900,C03233,web
O25072000462,2025-07-20,P101,데일리 베이직 티셔츠,상의,XS,코랄,1,15900,15900,C03726,web
O25072000463,2025-07-20,P101,데일리 베이직 티셔츠,상의,M,코랄,1,15900,15900,C03044,web
O25072000464,2025-07-20,P102,프릴 카라 블라우스,상의,XL,그레이,1,32000,32000,C04269,web
O25072000465,2025-07-20,P201,코튼 조거 팬츠,하의,XS,네이비,1,24000,24000,C04620,web
O25072000466,2025-07-20,P201,코튼 조거 팬츠,하의,XL,아이보리,1,24000,24000,C00580,web
O25072000467,2025-07-20,P201,코튼 조거 팬츠,하의,L,카키,1,24000,24000,C00661,web
O25072000468,2025-07-20,P401,플라워 원피스,원피스,L,그레이,1,36000,36000,C00381,web
O25072000469,2025-07-20,P401,플라워 원피스,원피스,M,네이비,1,36000,36000,C00554,web
O25072100470,2025-07-21,P201,코튼 조거 팬츠,하의,L,네이비,1,24000,24000,C00342,web
O25072100471,2025-07-21,P201,코튼 조거 팬츠,하의,XS,아이보리,1,24000,24000,C01846,web
O25072100472,2025-07-21,P201,코튼 조거 팬츠,하의,M,그레이,1,24000,24000,C01866,web
O25072100473,2025-07-21,P401,플라워 원피스,원피스,M,카키,1,36000,36000,C00115,web
O25072100474,2025-07-21,P401,플라워 원피스,원피스,S,아이보리,1,36000,36000,C00403,web
O25072200475,2025-07-22,P101,데일리 베이직 티셔츠,상의,XS,카키,1,15900,15900,C04600,web
O25072200476,2025-07-22,P102,프릴 카라 블라우스,상의,S,네이비,1,32000,32000,C03597,web
O25072200477,2025-07-22,P102,프릴 카라 블라우스,상의,S,네이비,1,32000,32000,C04245,web
O25072200478,2025-07-22,P102,프릴 카라 블라우스,상의,L,네이비,1,32000,32000,C00523,web
O25072200479,2025-07-22,P401,플라워 원피스,원피스,S,카키,1,36000,36000,C02307,web
O25072300480,2025-07-23,P101,데일리 베이직 티셔츠,상의,XL,네이비,1,15900,15900,C03804,web
O25072300481,2025-07-23,P102,프릴 카라 블라우스,상의,M,카키,1,32000,32000,C00037,web
O25072300482,2025-07-23,P401,플라워 원피스,원피스,M,그레이,1,36000,36000,C04609,web
O25072300483,2025-07-23,P401,플라워 원피스,원피스,L,카키,1,36000,36000,C04634,web
O25072300484,2025-07-23,P401,플라워 원피스,원피스,S,아이보리,1,36000,36000,C00434,web
O25072400485,2025-07-24,P101,데일리 베이직 티셔츠,상의,M,그레이,1,15900,15900,C00047,web
O25072400486,2025-07-24,P101,데일리 베이직 티셔츠,상의,XS,코랄,1,15900,15900,C00952,web
O25072400487,2025-07-24,P101,데일리 베이직 티셔츠,상의,XS,네이비,1,15900,15900,C01112,web
O25072400488,2025-07-24,P101,데일리 베이직 티셔츠,상의,L,그레이,1,15900,15900,C04426,web
O25072400489,2025-07-24,P102,프릴 카라 블라우스,상의,S,네이비,1,32000,32000,C00283,web
O25072400490,2025-07-24,P201,코튼 조거 팬츠,하의,S,카키,1,24000,24000,C03108,web
O25072400491,2025-07-24,P201,코튼 조거 팬츠,하의,XS,카키,1,24000,24000,C03172,web
O25072400492,2025-07-24,P401,플라워 원피스,원피스,M,아이보리,1,36000,36000,C00247,web
O25072500493,2025-07-25,P101,데일리 베이직 티셔츠,상의,S,그레이,1,15900,15900,C04009,web
O25072500494,2025-07-25,P102,프릴 카라 블라우스,상의,L,그레이,1,32000,32000,C01641,web
O25072500495,2025-07-25,P102,프릴 카라 블라우스,상의,S,아이보리,1,32000,32000,C04503,web
O25072500496,2025-07-25,P201,코튼 조거 팬츠,하의,S,그레이,1,24000,24000,C04502,web
O25072500497,2025-07-25,P201,코튼 조거 팬츠,하의,S,아이보리,1,24000,24000,C05044,web
O25072500498,2025-07-25,P401,플라워 원피스,원피스,S,아이보리,1,36000,36000,C01159,web
O25072600499,2025-07-26,P101,데일리 베이직 티셔츠,상의,M,아이보리,1,15900,15900,C01780,web
O25072600500,2025-07-26,P101,데일리 베이직 티셔츠,상의,L,그레이,1,15900,15900,C02972,web
O25072600501,2025-07-26,P201,코튼 조거 팬츠,하의,M,코랄,1,24000,24000,C00448,web
O25072600502,2025-07-26,P201,코튼 조거 팬츠,하의,XS,네이비,1,24000,24000,C00011,web
O25072600503,2025-07-26,P201,코튼 조거 팬츠,하의,S,그레이,1,24000,24000,C04393,web
O25072600504,2025-07-26,P201,코튼 조거 팬츠,하의,XL,아이보리,1,24000,24000,C00123,web
O25072600505,2025-07-26,P401,플라워 원피스,원피스,M,카키,1,36000,36000,C00262,web
O25072700506,2025-07-27,P102,프릴 카라 블라우스,상의,L,코랄,1,32000,32000,C02266,web
O25072700507,2025-07-27,P102,프릴 카라 블라우스,상의,M,카키,1,32000,32000,C03726,web
O25072700508,2025-07-27,P201,코튼 조거 팬츠,하의,S,아이보리,1,24000,24000,C00130,web
O25072700509,2025-07-27,P201,코튼 조거 팬츠,하의,L,네이비,1,24000,24000,C02574,web
O25072700510,2025-07-27,P201,코튼 조거 팬츠,하의,M,카키,1,24000,24000,C02001,web
O25072700511,2025-07-27,P401,플라워 원피스,원피스,M,아이보리,1,36000,36000,C01033,web
O25072800512,2025-07-28,P101,데일리 베이직 티셔츠,상의,XL,코랄,1,15900,15900,C00283,web
O25072800513,2025-07-28,P101,데일리 베이직 티셔츠,상의,S,아이보리,1,15900,15900,C03726,web
O25072800514,2025-07-28,P102,프릴 카라 블라우스,상의,S,코랄,1,32000,32000,C00519,web
O25072800515,2025-07-28,P102,프릴 카라 블라우스,상의,S,카키,1,32000,32000,C00302,web
O25072800516,2025-07-28,P102,프릴 카라 블라우스,상의,L,아이보리,1,32000,32000,C02112,web
O25072800517,2025-07-28,P201,코튼 조거 팬츠,하의,S,카키,1,24000,24000,C01003,web
O25072800518,2025-07-28,P201,코튼 조거 팬츠,하의,XS,아이보리,1,24000,24000,C04454,web
O25072800519,2025-07-28,P201,코튼 조거 팬츠,하의,S,그레이,1,24000,24000,C02925,web
O25072800520,2025-07-28,P201,코튼 조거 팬츠,하의,S,그레이,1,24000,24000,C03006,web
O25072800521,2025-07-28,P201,코튼 조거 팬츠,하의,XL,코랄,1,24000,24000,C02001,web
O25072800522,2025-07-28,P201,코튼 조거 팬츠,하의,XL,코랄,1,24000,24000,C04436,web
O25072800523,2025-07-28,P301,경량 패딩 베스트,아우터,XL,그레이,1,52000,52000,C03936,web
O25072900524,2025-07-29,P102,프릴 카라 블라우스,상의,L,그레이,1,32000,32000,C04614,web
O25072900525,2025-07-29,P102,프릴 카라 블라우스,상의,XL,네이비,1,32000,32000,C03759,web
O25072900526,2025-07-29,P201,코튼 조거 팬츠,하의,XS,코랄,1,24000,24000,C05095,web
O25072900527,2025-07-29,P401,플라워 원피스,원피스,S,코랄,1,36000,36000,C01849,web
O25073000528,2025-07-30,P101,데일리 베이직 티셔츠,상의,XL,아이보리,1,15900,15900,C00342,web
O25073000529,2025-07-30,P102,프릴 카라 블라우스,상의,S,그레이,1,32000,32000,C00070,web
O25073000530,2025-07-30,P102,프릴 카라 블라우스,상의,XL,네이비,1,32000,32000,C01884,web
O25073000531,2025-07-30,P201,코튼 조거 팬츠,하의,XS,네이비,1,24000,24000,C04268,web
O25073000532,2025-07-30,P301,경량 패딩 베스트,아우터,S,네이비,1,52000,52000,C03151,web
O25073000533,2025-07-30,P401,플라워 원피스,원피스,L,아이보리,1,36000,36000,C00442,web
O25073000534,2025-07-30,P401,플라워 원피스,원피스,L,네이비,1,36000,36000,C00176,web
O25073100535,2025-07-31,P101,데일리 베이직 티셔츠,상의,S,카키,1,15900,15900,C00568,web
O25073100536,2025-07-31,P102,프릴 카라 블라우스,상의,XL,코랄,1,32000,32000,C00080,web
O25073100537,2025-07-31,P102,프릴 카라 블라우스,상의,L,네이비,1,32000,32000,C03269,web
O25080100538,2025-08-01,P101,데일리 베이직 티셔츠,상의,S,네이비,1,15900,15900,C01209,web
O25080100539,2025-08-01,P102,프릴 카라 블라우스,상의,L,아이보리,1,32000,32000,C01463,web
O25080100540,2025-08-01,P102,프릴 카라 블라우스,상의,XL,코랄,1,32000,32000,C04700,web
O25080100541,2025-08-01,P201,코튼 조거 팬츠,하의,S,아이보리,1,24000,24000,C01163,web
O25080100542,2025-08-01,P201,코튼 조거 팬츠,하의,XS,네이비,1,24000,24000,C03718,web
O25080100543,2025-08-01,P301,경량 패딩 베스트,아우터,M,아이보리,1,52000,52000,C03038,web
O25080100544,2025-08-01,P401,플라워 원피스,원피스,L,아이보리,1,36000,36000,C04005,web
O25080100545,2025-08-01,P401,플라워 원피스,원피스,L,아이보리,1,36000,36000,C04633,web
O25080100546,2025-08-01,P401,플라워 원피스,원피스,S,그레이,1,36000,36000,C00115,web
O25080200547,2025-08-02,P101,데일리 베이직 티셔츠,상의,XL,아이보리,1,15900,15900,C01186,web
O25080200548,2025-08-02,P101,데일리 베이직 티셔츠,상의,S,카키,1,15900,15900,C01430,web
O25080200549,2025-08-02,P101,데일리 베이직 티셔츠,상의,XS,아이보리,1,15900,15900,C00367,web
O25080200550,2025-08-02,P201,코튼 조거 팬츠,하의,XS,그레이,1,24000,24000,C02215,web
O25080200551,2025-08-02,P201,코튼 조거 팬츠,하의,M,카키,1,24000,24000,C00693,web
O25080200552,2025-08-02,P201,코튼 조거 팬츠,하의,XS,코랄,1,24000,24000,C03146,web
O25080200553,2025-08-02,P401,플라워 원피스,원피스,S,카키,1,36000,36000,C04508,web
O25080300554,2025-08-03,P101,데일리 베이직 티셔츠,상의,S,카키,1,15900,15900,C01428,web
O25080300555,2025-08-03,P101,데일리 베이직 티셔츠,상의,M,아이보리,1,15900,15900,C00432,web
O25080300556,2025-08-03,P101,데일리 베이직 티셔츠,상의,XL,아이보리,1,15900,15900,C03902,web
O25080300557,2025-08-03,P102,프릴 카라 블라우스,상의,M,그레이,1,32000,32000,C01924,web
O25080300558,2025-08-03,P102,프릴 카라 블라우스,상의,M,코랄,1,32000,32000,C00208,web
O25080300559,2025-08-03,P102,프릴 카라 블라우스,상의,M,카키,1,32000,32000,C00874,web
O25080300560,2025-08-03,P201,코튼 조거 팬츠,하의,L,그레이,1,24000,24000,C01839,web
O25080300561,2025-08-03,P401,플라워 원피스,원피스,L,카키,1,36000,36000,C04662,web
O25080400562,2025-08-04,P101,데일리 베이직 티셔츠,상의,M,카키,1,15900,15900,C03703,web
O25080400563,2025-08-04,P101,데일리 베이직 티셔츠,상의,XL,네이비,1,15900,15900,C00356,web
O25080400564,2025-08-04,P401,플라워 원피스,원피스,L,그레이,1,36000,36000,C00097,web
O25080400565,2025-08-04,P401,플라워 원피스,원피스,M,카키,1,36000,36000,C00413,web
O25080500566,2025-08-05,P101,데일리 베이직 티셔츠,상의,XL,코랄,1,15900,15900,C00256,web
O25080500567,2025-08-05,P101,데일리 베이직 티셔츠,상의,XS,그레이,1,15900,15900,C03493,web
O25080500568,2025-08-05,P101,데일리 베이직 티셔츠,상의,XS,그레이,1,15900,15900,C03634,web
O25080500569,2025-08-05,P401,플라워 원피스,원피스,M,네이비,1,36000,36000,C04947,web
O25080500570,2025-08-05,P401,플라워 원피스,원피스,S,아이보리,1,36000,36000,C03076,web
O25080600571,2025-08-06,P102,프릴 카라 블라우스,상의,XL,카키,1,32000,32000,C00555,web
O25080600572,2025-08-06,P102,프릴 카라 블라우스,상의,S,그레이,1,32000,32000,C02584,web
O25080600573,2025-08-06,P102,프릴 카라 블라우스,상의,XL,카키,1,32000,32000,C04021,web
O25080600574,2025-08-06,P201,코튼 조거 팬츠,하의,XS,코랄,1,24000,24000,C00357,web
O25080600575,2025-08-06,P301,경량 패딩 베스트,아우터,XL,아이보리,1,52000,52000,C00110,web
O25080600576,2025-08-06,P401,플라워 원피스,원피스,S,카키,1,36000,36000,C03929,web
O25080600577,2025-08-06,P401,플라워 원피스,원피스,S,카키,1,36000,36000,C02548,web
O25080700578,2025-08-07,P201,코튼 조거 팬츠,하의,XL,코랄,1,24000,24000,C02151,web
O25080700579,2025-08-07,P201,코튼 조거 팬츠,하의,XL,네이비,1,24000,24000,C02794,web
O25080700580,2025-08-07,P201,코튼 조거 팬츠,하의,XL,그레이,1,24000,24000,C00468,web
O25080700581,2025-08-07,P401,플라워 원피스,원피스,L,아이보리,1,36000,36000,C01132,web
O25080700582,2025-08-07,P401,플라워 원피스,원피스,S,그레이,1,36000,36000,C00056,web
O25080700583,2025-08-07,P401,플라워 원피스,원피스,S,카키,1,36000,36000,C00302,web
O25080800584,2025-08-08,P101,데일리 베이직 티셔츠,상의,XS,네이비,1,15900,15900,C05187,web
O25080800585,2025-08-08,P101,데일리 베이직 티셔츠,상의,XL,카키,1,15900,15900,C03121,web
O25080800586,2025-08-08,P102,프릴 카라 블라우스,상의,L,그레이,1,32000,32000,C00591,web
O25080800587,2025-08-08,P102,프릴 카라 블라우스,상의,M,아이보리,1,32000,32000,C03467,web
O25080800588,2025-08-08,P201,코튼 조거 팬츠,하의,XL,그레이,1,24000,24000,C02355,web
O25080800589,2025-08-08,P201,코튼 조거 팬츠,하의,XL,그레이,1,24000,24000,C04656,web
O25080800590,2025-08-08,P401,플라워 원피스,원피스,L,네이비,1,36000,36000,C00160,web
O25080900591,2025-08-09,P101,데일리 베이직 티셔츠,상의,XL,코랄,1,15900,15900,C04960,web
O25080900592,2025-08-09,P101,데일리 베이직 티셔츠,상의,L,아이보리,1,15900,15900,C00938,web
O25080900593,2025-08-09,P101,데일리 베이직 티셔츠,상의,XL,네이비,1,15900,15900,C01872,web
O25080900594,2025-08-09,P101,데일리 베이직 티셔츠,상의,L,코랄,1,15900,15900,C03267,web
O25080900595,2025-08-09,P101,데일리 베이직 티셔츠,상의,L,아이보리,1,15900,15900,C02561,web
O25080900596,2025-08-09,P101,데일리 베이직 티셔츠,상의,M,코랄,1,15900,15900,C03886,web
O25080900597,2025-08-09,P102,프릴 카라 블라우스,상의,S,카키,1,32000,32000,C01432,web
O25080900598,2025-08-09,P201,코튼 조거 팬츠,하의,M,네이비,1,24000,24000,C03829,web
O25080900599,2025-08-09,P201,코튼 조거 팬츠,하의,S,네이비,1,24000,24000,C02300,web
O25080900600,2025-08-09,P301,경량 패딩 베스트,아우터,M,그레이,1,52000,52000,C00028,web
O25081000601,2025-08-10,P102,프릴 카라 블라우스,상의,S,카키,1,32000,32000,C00069,web
O25081000602,2025-08-10,P201,코튼 조거 팬츠,하의,M,아이보리,1,24000,24000,C04447,web
O25081000603,2025-08-10,P201,코튼 조거 팬츠,하의,M,코랄,1,24000,24000,C00317,web
O25081100604,2025-08-11,P101,데일리 베이직 티셔츠,상의,XS,그레이,1,15900,15900,C00382,web
O25081100605,2025-08-11,P101,데일리 베이직 티셔츠,상의,S,카키,1,15900,15900,C00576,web
O25081100606,2025-08-11,P101,데일리 베이직 티셔츠,상의,XL,코랄,1,15900,15900,C03366,web
O25081100607,2025-08-11,P103,스트라이프 긴팔티,상의,M,코랄,1,21000,21000,C00513,web
O25081100608,2025-08-11,P103,스트라이프 긴팔티,상의,S,카키,1,21000,21000,C00812,web
O25081100609,2025-08-11,P103,스트라이프 긴팔티,상의,XS,카키,1,21000,21000,C00197,web
O25081100610,2025-08-11,P201,코튼 조거 팬츠,하의,M,코랄,1,24000,24000,C04981,web
O25081100611,2025-08-11,P401,플라워 원피스,원피스,M,네이비,1,36000,36000,C04300,web
O25081100612,2025-08-11,P501,상하 세트 (티+팬츠),세트,S,카키,1,42000,42000,C01861,web
O25081200613,2025-08-12,P101,데일리 베이직 티셔츠,상의,L,아이보리,1,15900,15900,C04919,web
O25081200614,2025-08-12,P103,스트라이프 긴팔티,상의,S,카키,1,21000,21000,C00102,web
O25081200615,2025-08-12,P103,스트라이프 긴팔티,상의,S,카키,1,21000,21000,C03889,web
O25081200616,2025-08-12,P103,스트라이프 긴팔티,상의,M,카키,1,21000,21000,C00110,web
O25081200617,2025-08-12,P301,경량 패딩 베스트,아우터,XL,카키,1,52000,52000,C03941,web
O25081200618,2025-08-12,P401,플라워 원피스,원피스,S,그레이,1,36000,36000,C02949,web
O25081200619,2025-08-12,P401,플라워 원피스,원피스,L,카키,1,36000,36000,C00084,web
O25081200620,2025-08-12,P501,상하 세트 (티+팬츠),세트,S,네이비,1,42000,42000,C02398,web
O25081200621,2025-08-12,P501,상하 세트 (티+팬츠),세트,XL,코랄,1,42000,42000,C03464,web
O25081300622,2025-08-13,P101,데일리 베이직 티셔츠,상의,XS,카키,1,15900,15900,C01268,web
O25081300623,2025-08-13,P102,프릴 카라 블라우스,상의,L,코랄,1,32000,32000,C02128,web
O25081300624,2025-08-13,P201,코튼 조거 팬츠,하의,M,코랄,1,24000,24000,C03636,web
O25081300625,2025-08-13,P401,플라워 원피스,원피스,L,아이보리,1,36000,36000,C00213,web
O25081300626,2025-08-13,P401,플라워 원피스,원피스,S,코랄,1,36000,36000,C01223,web
O25081300627,2025-08-13,P501,상하 세트 (티+팬츠),세트,XL,네이비,1,42000,42000,C00067,web
O25081300628,2025-08-13,P501,상하 세트 (티+팬츠),세트,XL,아이보리,1,42000,42000,C00209,web
O25081400629,2025-08-14,P101,데일리 베이직 티셔츠,상의,S,아이보리,1,15900,15900,C04557,web
O25081400630,2025-08-14,P101,데일리 베이직 티셔츠,상의,M,아이보리,1,15900,15900,C04704,web
O25081400631,2025-08-14,P201,코튼 조거 팬츠,하의,L,아이보리,1,24000,24000,C02939,web
O25081500632,2025-08-15,P101,데일리 베이직 티셔츠,상의,L,카키,1,15900,15900,C05094,web
O25081500633,2025-08-15,P103,스트라이프 긴팔티,상의,S,카키,1,21000,21000,C00116,web
O25081500634,2025-08-15,P201,코튼 조거 팬츠,하의,XL,네이비,1,24000,24000,C04748,web
O25081500635,2025-08-15,P501,상하 세트 (티+팬츠),세트,S,코랄,1,42000,42000,C02160,web
O25081600636,2025-08-16,P101,데일리 베이직 티셔츠,상의,XL,아이보리,1,15900,15900,C02191,web
O25081600637,2025-08-16,P101,데일리 베이직 티셔츠,상의,XS,네이비,1,15900,15900,C02532,web
O25081600638,2025-08-16,P103,스트라이프 긴팔티,상의,M,아이보리,1,21000,21000,C04258,web
O25081600639,2025-08-16,P103,스트라이프 긴팔티,상의,S,그레이,1,21000,21000,C02362,web
O25081600640,2025-08-16,P201,코튼 조거 팬츠,하의,M,카키,1,24000,24000,C00525,web
O25081600641,2025-08-16,P201,코튼 조거 팬츠,하의,L,네이비,1,24000,24000,C02263,web
O25081600642,2025-08-16,P201,코튼 조거 팬츠,하의,M,그레이,1,24000,24000,C00179,web
O25081600643,2025-08-16,P301,경량 패딩 베스트,아우터,L,코랄,1,52000,52000,C05152,web
O25081600644,2025-08-16,P401,플라워 원피스,원피스,M,코랄,1,36000,36000,C01042,web
O25081600645,2025-08-16,P401,플라워 원피스,원피스,L,아이보리,1,36000,36000,C00199,web
O25081600646,2025-08-16,P501,상하 세트 (티+팬츠),세트,XL,카키,1,42000,42000,C01884,web
O25081600647,2025-08-16,P501,상하 세트 (티+팬츠),세트,XL,아이보리,1,42000,42000,C00499,web
O25081700648,2025-08-17,P101,데일리 베이직 티셔츠,상의,M,아이보리,1,15900,15900,C00147,web
O25081700649,2025-08-17,P101,데일리 베이직 티셔츠,상의,XL,그레이,1,15900,15900,C00032,web
O25081700650,2025-08-17,P101,데일리 베이직 티셔츠,상의,XS,카키,1,15900,15900,C00430,web
O25081700651,2025-08-17,P101,데일리 베이직 티셔츠,상의,L,코랄,1,15900,15900,C00320,web
O25081700652,2025-08-17,P102,프릴 카라 블라우스,상의,L,코랄,1,32000,32000,C00435,web
O25081700653,2025-08-17,P102,프릴 카라 블라우스,상의,M,그레이,1,32000,32000,C03050,web
O25081700654,2025-08-17,P102,프릴 카라 블라우스,상의,L,그레이,1,32000,32000,C01474,web
O25081700655,2025-08-17,P103,스트라이프 긴팔티,상의,XS,아이보리,1,21000,21000,C00948,web
O25081700656,2025-08-17,P501,상하 세트 (티+팬츠),세트,M,카키,1,42000,42000,C00191,web
O25081800657,2025-08-18,P101,데일리 베이직 티셔츠,상의,XL,카키,1,15900,15900,C00054,web
O25081800658,2025-08-18,P101,데일리 베이직 티셔츠,상의,S,네이비,1,15900,15900,C00408,web
O25081800659,2025-08-18,P101,데일리 베이직 티셔츠,상의,XS,코랄,1,15900,15900,C03474,web
O25081800660,2025-08-18,P102,프릴 카라 블라우스,상의,M,아이보리,1,32000,32000,C01932,web
O25081800661,2025-08-18,P103,스트라이프 긴팔티,상의,L,카키,1,21000,21000,C03637,web
O25081800662,2025-08-18,P201,코튼 조거 팬츠,하의,XS,네이비,1,24000,24000,C00040,web
O25081800663,2025-08-18,P301,경량 패딩 베스트,아우터,L,아이보리,1,52000,52000,C05117,web
O25081800664,2025-08-18,P401,플라워 원피스,원피스,S,카키,1,36000,36000,C00344,web
O25081800665,2025-08-18,P401,플라워 원피스,원피스,S,그레이,1,36000,36000,C01615,web
O25081800666,2025-08-18,P501,상하 세트 (티+팬츠),세트,L,아이보리,1,42000,42000,C04123,web
O25081800667,2025-08-18,P501,상하 세트 (티+팬츠),세트,L,그레이,1,42000,42000,C03141,web
O25081800668,2025-08-18,P501,상하 세트 (티+팬츠),세트,S,네이비,1,42000,42000,C02723,web
O25081900669,2025-08-19,P101,데일리 베이직 티셔츠,상의,L,그레이,1,15900,15900,C04198,web
O25081900670,2025-08-19,P101,데일리 베이직 티셔츠,상의,XS,코랄,1,15900,15900,C02321,web
O25081900671,2025-08-19,P102,프릴 카라 블라우스,상의,XL,네이비,1,32000,32000,C00154,web
O25082000672,2025-08-20,P101,데일리 베이직 티셔츠,상의,XL,그레이,1,15900,15900,C02527,web
O25082000673,2025-08-20,P101,데일리 베이직 티셔츠,상의,XS,네이비,1,15900,15900,C04910,web
O25082000674,2025-08-20,P102,프릴 카라 블라우스,상의,S,네이비,1,32000,32000,C01102,web
O25082000675,2025-08-20,P103,스트라이프 긴팔티,상의,L,네이비,1,21000,21000,C03897,web
O25082000676,2025-08-20,P201,코튼 조거 팬츠,하의,L,카키,1,24000,24000,C04534,web
O25082000677,2025-08-20,P401,플라워 원피스,원피스,S,코랄,1,36000,36000,C04874,web
O25082000678,2025-08-20,P401,플라워 원피스,원피스,S,그레이,1,36000,36000,C02916,web
O25082000679,2025-08-20,P401,플라워 원피스,원피스,M,카키,1,36000,36000,C00551,web
O25082000680,2025-08-20,P401,플라워 원피스,원피스,S,네이비,1,36000,36000,C00188,web
O25082000681,2025-08-20,P401,플라워 원피스,원피스,L,네이비,1,36000,36000,C00735,web
O25082000682,2025-08-20,P501,상하 세트 (티+팬츠),세트,XL,네이비,1,42000,42000,C01524,web
O25082000683,2025-08-20,P501,상하 세트 (티+팬츠),세트,L,아이보리,1,42000,42000,C03512,web
O25082100684,2025-08-21,P102,프릴 카라 블라우스,상의,L,그레이,1,32000,32000,C04606,web
O25082100685,2025-08-21,P102,프릴 카라 블라우스,상의,S,그레이,1,32000,32000,C00168,web
O25082100686,2025-08-21,P102,프릴 카라 블라우스,상의,S,네이비,1,32000,32000,C03904,web
O25082100687,2025-08-21,P102,프릴 카라 블라우스,상의,S,그레이,1,32000,32000,C02129,web
O25082100688,2025-08-21,P102,프릴 카라 블라우스,상의,L,코랄,1,32000,32000,C02112,web
O25082100689,2025-08-21,P103,스트라이프 긴팔티,상의,M,네이비,1,21000,21000,C00504,web
O25082100690,2025-08-21,P103,스트라이프 긴팔티,상의,XS,그레이,1,21000,21000,C00697,web
O25082100691,2025-08-21,P103,스트라이프 긴팔티,상의,XS,네이비,1,21000,21000,C04838,web
O25082100692,2025-08-21,P201,코튼 조거 팬츠,하의,XS,코랄,1,24000,24000,C00133,web
O25082100693,2025-08-21,P201,코튼 조거 팬츠,하의,M,카키,1,24000,24000,C04920,web
O25082100694,2025-08-21,P401,플라워 원피스,원피스,L,아이보리,1,36000,36000,C03098,web
O25082200695,2025-08-22,P101,데일리 베이직 티셔츠,상의,S,네이비,1,15900,15900,C02372,web
O25082200696,2025-08-22,P102,프릴 카라 블라우스,상의,XL,아이보리,1,32000,32000,C04961,web
O25082200697,2025-08-22,P103,스트라이프 긴팔티,상의,S,아이보리,1,21000,21000,C01631,web
O25082200698,2025-08-22,P103,스트라이프 긴팔티,상의,M,네이비,1,21000,21000,C03312,web
O25082200699,2025-08-22,P103,스트라이프 긴팔티,상의,XS,네이비,1,21000,21000,C04089,web
O25082200700,2025-08-22,P401,플라워 원피스,원피스,S,네이비,1,36000,36000,C04350,web
O25082200701,2025-08-22,P401,플라워 원피스,원피스,S,아이보리,1,36000,36000,C00239,web
O25082200702,2025-08-22,P401,플라워 원피스,원피스,M,네이비,1,36000,36000,C04434,web
O25082300703,2025-08-23,P101,데일리 베이직 티셔츠,상의,XS,그레이,1,15900,15900,C01440,web
O25082300704,2025-08-23,P401,플라워 원피스,원피스,S,카키,1,36000,36000,C01329,web
O25082300705,2025-08-23,P401,플라워 원피스,원피스,S,카키,1,36000,36000,C00208,web
O25082300706,2025-08-23,P401,플라워 원피스,원피스,S,그레이,1,36000,36000,C04105,web
O25082300707,2025-08-23,P501,상하 세트 (티+팬츠),세트,XL,네이비,1,42000,42000,C00070,web
O25082400708,2025-08-24,P102,프릴 카라 블라우스,상의,M,코랄,1,32000,32000,C04182,web
O25082400709,2025-08-24,P103,스트라이프 긴팔티,상의,M,그레이,1,21000,21000,C04942,web
O25082400710,2025-08-24,P201,코튼 조거 팬츠,하의,XS,카키,1,24000,24000,C00209,web
O25082400711,2025-08-24,P501,상하 세트 (티+팬츠),세트,M,코랄,1,42000,42000,C00562,web
O25082400712,2025-08-24,P501,상하 세트 (티+팬츠),세트,XL,그레이,1,42000,42000,C01134,web
O25082500713,2025-08-25,P101,데일리 베이직 티셔츠,상의,S,카키,1,15900,15900,C02902,web
O25082500714,2025-08-25,P101,데일리 베이직 티셔츠,상의,XS,그레이,1,15900,15900,C00347,web
O25082500715,2025-08-25,P102,프릴 카라 블라우스,상의,XL,아이보리,1,32000,32000,C02348,web
O25082500716,2025-08-25,P103,스트라이프 긴팔티,상의,L,카키,1,21000,21000,C03725,web
O25082500717,2025-08-25,P103,스트라이프 긴팔티,상의,XS,아이보리,1,21000,21000,C04074,web
O25082500718,2025-08-25,P103,스트라이프 긴팔티,상의,S,네이비,1,21000,21000,C00055,web
O25082500719,2025-08-25,P201,코튼 조거 팬츠,하의,M,그레이,1,24000,24000,C00437,web
O25082500720,2025-08-25,P401,플라워 원피스,원피스,M,그레이,1,36000,36000,C03222,web
O25082500721,2025-08-25,P501,상하 세트 (티+팬츠),세트,M,네이비,1,42000,42000,C03533,web
O25082600722,2025-08-26,P101,데일리 베이직 티셔츠,상의,L,아이보리,1,15900,15900,C04717,web
O25082600723,2025-08-26,P102,프릴 카라 블라우스,상의,M,네이비,1,32000,32000,C02764,web
O25082600724,2025-08-26,P103,스트라이프 긴팔티,상의,L,아이보리,1,21000,21000,C03135,web
O25082600725,2025-08-26,P103,스트라이프 긴팔티,상의,M,네이비,1,21000,21000,C05106,web
O25082600726,2025-08-26,P201,코튼 조거 팬츠,하의,S,아이보리,1,24000,24000,C02952,web
O25082600727,2025-08-26,P201,코튼 조거 팬츠,하의,M,그레이,1,24000,24000,C03070,web
O25082600728,2025-08-26,P201,코튼 조거 팬츠,하의,L,코랄,1,24000,24000,C01314,web
O25082600729,2025-08-26,P401,플라워 원피스,원피스,S,그레이,1,36000,36000,C00404,web
O25082600730,2025-08-26,P501,상하 세트 (티+팬츠),세트,XL,카키,1,42000,42000,C00031,web
O25082600731,2025-08-26,P501,상하 세트 (티+팬츠),세트,L,카키,1,42000,42000,C04288,web
O25082700732,2025-08-27,P101,데일리 베이직 티셔츠,상의,L,그레이,1,15900,15900,C03319,web
O25082700733,2025-08-27,P102,프릴 카라 블라우스,상의,XL,아이보리,1,32000,32000,C00352,web
O25082700734,2025-08-27,P201,코튼 조거 팬츠,하의,M,네이비,1,24000,24000,C00210,web
O25082700735,2025-08-27,P301,경량 패딩 베스트,아우터,S,아이보리,1,52000,52000,C00141,web
O25082700736,2025-08-27,P401,플라워 원피스,원피스,S,카키,1,36000,36000,C03226,web
O25082700737,2025-08-27,P401,플라워 원피스,원피스,M,코랄,1,36000,36000,C00596,web
O25082700738,2025-08-27,P401,플라워 원피스,원피스,M,코랄,1,36000,36000,C00297,web
O25082700739,2025-08-27,P501,상하 세트 (티+팬츠),세트,M,네이비,1,42000,42000,C00343,web
O25082700740,2025-08-27,P501,상하 세트 (티+팬츠),세트,L,네이비,1,42000,42000,C02842,web
O25082700741,2025-08-27,P501,상하 세트 (티+팬츠),세트,S,카키,1,42000,42000,C04948,web
O25082700742,2025-08-27,P501,상하 세트 (티+팬츠),세트,M,그레이,1,42000,42000,C00429,web
O25082700743,2025-08-27,P501,상하 세트 (티+팬츠),세트,S,코랄,1,42000,42000,C03682,web
O25082800744,2025-08-28,P401,플라워 원피스,원피스,M,그레이,1,36000,36000,C02509,web
O25082800745,2025-08-28,P501,상하 세트 (티+팬츠),세트,L,아이보리,1,42000,42000,C02636,web
O25082900746,2025-08-29,P101,데일리 베이직 티셔츠,상의,XL,그레이,1,15900,15900,C02965,web
O25082900747,2025-08-29,P102,프릴 카라 블라우스,상의,L,코랄,1,32000,32000,C03240,web
O25082900748,2025-08-29,P103,스트라이프 긴팔티,상의,L,그레이,1,21000,21000,C00510,web
O25082900749,2025-08-29,P103,스트라이프 긴팔티,상의,L,카키,1,21000,21000,C02815,web
O25082900750,2025-08-29,P301,경량 패딩 베스트,아우터,M,그레이,1,52000,52000,C00595,web
O25082900751,2025-08-29,P401,플라워 원피스,원피스,S,네이비,1,36000,36000,C02817,web
O25082900752,2025-08-29,P401,플라워 원피스,원피스,S,코랄,1,36000,36000,C03088,web
O25082900753,2025-08-29,P501,상하 세트 (티+팬츠),세트,S,그레이,1,42000,42000,C03796,web
O25083000754,2025-08-30,P103,스트라이프 긴팔티,상의,XS,아이보리,1,21000,21000,C00976,web
O25083000755,2025-08-30,P103,스트라이프 긴팔티,상의,L,그레이,1,21000,21000,C03083,web
O25083000756,2025-08-30,P201,코튼 조거 팬츠,하의,XL,카키,1,24000,24000,C01761,web
O25083000757,2025-08-30,P501,상하 세트 (티+팬츠),세트,L,코랄,1,42000,42000,C03575,web
O25083100758,2025-08-31,P101,데일리 베이직 티셔츠,상의,S,그레이,1,15900,15900,C04293,web
O25083100759,2025-08-31,P101,데일리 베이직 티셔츠,상의,XS,그레이,1,15900,15900,C02782,web
O25083100760,2025-08-31,P101,데일리 베이직 티셔츠,상의,S,코랄,1,15900,15900,C00626,web
O25083100761,2025-08-31,P102,프릴 카라 블라우스,상의,L,카키,1,32000,32000,C03689,web
O25083100762,2025-08-31,P103,스트라이프 긴팔티,상의,XS,아이보리,1,21000,21000,C00311,web
O25083100763,2025-08-31,P201,코튼 조거 팬츠,하의,XL,아이보리,1,24000,24000,C01230,web
O25083100764,2025-08-31,P301,경량 패딩 베스트,아우터,XL,네이비,1,52000,52000,C00220,web
O25083100765,2025-08-31,P301,경량 패딩 베스트,아우터,M,코랄,1,52000,52000,C00263,web
O25083100766,2025-08-31,P501,상하 세트 (티+팬츠),세트,S,네이비,1,42000,42000,C04317,web
O25083100767,2025-08-31,P501,상하 세트 (티+팬츠),세트,L,네이비,1,42000,42000,C03907,web
O25090100768,2025-09-01,P101,데일리 베이직 티셔츠,상의,XS,카키,1,15900,15900,C02863,web
O25090100769,2025-09-01,P101,데일리 베이직 티셔츠,상의,M,네이비,1,15900,15900,C00150,web
O25090100770,2025-09-01,P102,프릴 카라 블라우스,상의,M,아이보리,1,32000,32000,C00241,web
O25090100771,2025-09-01,P103,스트라이프 긴팔티,상의,S,그레이,1,21000,21000,C02560,web
O25090100772,2025-09-01,P103,스트라이프 긴팔티,상의,L,그레이,1,21000,21000,C04661,web
O25090100773,2025-09-01,P201,코튼 조거 팬츠,하의,XS,아이보리,1,24000,24000,C01840,web
O25090100774,2025-09-01,P401,플라워 원피스,원피스,M,네이비,1,36000,36000,C00963,web
O25090100775,2025-09-01,P401,플라워 원피스,원피스,S,코랄,1,36000,36000,C02095,web
O25090200776,2025-09-02,P101,데일리 베이직 티셔츠,상의,S,카키,1,15900,15900,C00078,web
O25090200777,2025-09-02,P102,프릴 카라 블라우스,상의,S,네이비,1,32000,32000,C00106,web
O25090200778,2025-09-02,P103,스트라이프 긴팔티,상의,L,그레이,1,21000,21000,C01281,web
O25090200779,2025-09-02,P201,코튼 조거 팬츠,하의,XL,카키,1,24000,24000,C04416,web
O25090200780,2025-09-02,P301,경량 패딩 베스트,아우터,S,코랄,1,52000,52000,C03686,web
O25090200781,2025-09-02,P501,상하 세트 (티+팬츠),세트,M,그레이,1,42000,42000,C01477,web
O25090300782,2025-09-03,P103,스트라이프 긴팔티,상의,L,코랄,1,21000,21000,C03095,web
O25090300783,2025-09-03,P201,코튼 조거 팬츠,하의,XL,아이보리,1,24000,24000,C04297,web
O25090300784,2025-09-03,P201,코튼 조거 팬츠,하의,XL,그레이,1,24000,24000,C01598,web
O25090300785,2025-09-03,P301,경량 패딩 베스트,아우터,S,코랄,1,52000,52000,C05012,web
O25090300786,2025-09-03,P401,플라워 원피스,원피스,S,코랄,1,36000,36000,C04545,web
O25090400787,2025-09-04,P101,데일리 베이직 티셔츠,상의,L,그레이,1,15900,15900,C04748,web
O25090400788,2025-09-04,P101,데일리 베이직 티셔츠,상의,L,카키,1,15900,15900,C05117,web
O25090400789,2025-09-04,P101,데일리 베이직 티셔츠,상의,M,코랄,1,15900,15900,C00070,web
O25090400790,2025-09-04,P102,프릴 카라 블라우스,상의,XL,카키,1,32000,32000,C00407,web
O25090400791,2025-09-04,P102,프릴 카라 블라우스,상의,S,아이보리,1,32000,32000,C01273,web
O25090400792,2025-09-04,P102,프릴 카라 블라우스,상의,S,그레이,1,32000,32000,C02027,web
O25090400793,2025-09-04,P103,스트라이프 긴팔티,상의,M,코랄,1,21000,21000,C00231,web
O25090400794,2025-09-04,P201,코튼 조거 팬츠,하의,M,네이비,1,24000,24000,C02966,web
O25090400795,2025-09-04,P201,코튼 조거 팬츠,하의,S,그레이,1,24000,24000,C00946,web
O25090400796,2025-09-04,P401,플라워 원피스,원피스,M,네이비,1,36000,36000,C00528,web
O25090500797,2025-09-05,P101,데일리 베이직 티셔츠,상의,M,코랄,1,15900,15900,C02884,web
O25090500797,2025-09-05,P201,코튼 조거 팬츠,하의,L,그레이,1,24000,24000,C02884,web
O25090500798,2025-09-05,P102,프릴 카라 블라우스,상의,XL,네이비,1,32000,32000,C00175,web
O25090500799,2025-09-05,P102,프릴 카라 블라우스,상의,S,아이보리,1,32000,32000,C02665,web
O25090500800,2025-09-05,P103,스트라이프 긴팔티,상의,S,코랄,1,21000,21000,C04784,web
O25090500801,2025-09-05,P201,코튼 조거 팬츠,하의,XL,카키,1,24000,24000,C00371,web
O25090500802,2025-09-05,P301,경량 패딩 베스트,아우터,M,아이보리,1,52000,52000,C02270,web
O25090500803,2025-09-05,P401,플라워 원피스,원피스,L,아이보리,1,36000,36000,C04039,web
O25090500804,2025-09-05,P401,플라워 원피스,원피스,L,카키,1,36000,36000,C00418,web
O25090500805,2025-09-05,P501,상하 세트 (티+팬츠),세트,M,그레이,1,42000,42000,C00077,web
O25090500806,2025-09-05,P501,상하 세트 (티+팬츠),세트,XL,코랄,1,42000,42000,C04015,web
O25090500807,2025-09-05,P501,상하 세트 (티+팬츠),세트,XL,카키,1,42000,42000,C00504,web
O25090600808,2025-09-06,P101,데일리 베이직 티셔츠,상의,M,그레이,1,15900,15900,C00467,web
O25090600809,2025-09-06,P101,데일리 베이직 티셔츠,상의,M,코랄,1,15900,15900,C00093,web
O25090600810,2025-09-06,P102,프릴 카라 블라우스,상의,XL,카키,1,32000,32000,C04494,web
O25090600811,2025-09-06,P102,프릴 카라 블라우스,상의,XL,네이비,1,32000,32000,C04418,web
O25090600812,2025-09-06,P201,코튼 조거 팬츠,하의,XL,네이비,1,24000,24000,C03432,web
O25090600813,2025-09-06,P201,코튼 조거 팬츠,하의,S,카키,1,24000,24000,C01027,web
O25090700814,2025-09-07,P101,데일리 베이직 티셔츠,상의,XL,그레이,1,15900,15900,C04541,web
O25090700815,2025-09-07,P101,데일리 베이직 티셔츠,상의,XS,그레이,1,15900,15900,C04684,web
O25090700816,2025-09-07,P103,스트라이프 긴팔티,상의,M,그레이,1,21000,21000,C00354,web
O25090700817,2025-09-07,P103,스트라이프 긴팔티,상의,M,그레이,1,21000,21000,C02001,web
O25090700818,2025-09-07,P201,코튼 조거 팬츠,하의,S,그레이,1,24000,24000,C01132,web
O25090700819,2025-09-07,P201,코튼 조거 팬츠,하의,XL,코랄,1,24000,24000,C02799,web
O25090700820,2025-09-07,P201,코튼 조거 팬츠,하의,M,아이보리,1,24000,24000,C00432,web
O25090700821,2025-09-07,P301,경량 패딩 베스트,아우터,S,그레이,1,52000,52000,C01773,web
O25090800822,2025-09-08,P101,데일리 베이직 티셔츠,상의,M,카키,1,15900,15900,C01236,web
O25090800823,2025-09-08,P101,데일리 베이직 티셔츠,상의,XS,그레이,1,15900,15900,C00352,web
O25090800824,2025-09-08,P102,프릴 카라 블라우스,상의,XL,카키,1,32000,32000,C04373,web
O25090800825,2025-09-08,P201,코튼 조거 팬츠,하의,S,카키,1,24000,24000,C01623,web
O25090800826,2025-09-08,P301,경량 패딩 베스트,아우터,L,아이보리,1,52000,52000,C00597,web
O25090800827,2025-09-08,P501,상하 세트 (티+팬츠),세트,M,카키,1,42000,42000,C03048,web
O25090800828,2025-09-08,P501,상하 세트 (티+팬츠),세트,S,코랄,1,42000,42000,C04526,web
O25090900829,2025-09-09,P101,데일리 베이직 티셔츠,상의,XS,카키,1,15900,15900,C00321,web
O25090900830,2025-09-09,P101,데일리 베이직 티셔츠,상의,S,그레이,1,15900,15900,C04294,web
O25090900831,2025-09-09,P101,데일리 베이직 티셔츠,상의,XL,카키,1,15900,15900,C00382,web
O25090900832,2025-09-09,P101,데일리 베이직 티셔츠,상의,M,그레이,1,15900,15900,C02772,web
O25090900833,2025-09-09,P101,데일리 베이직 티셔츠,상의,XL,아이보리,1,15900,15900,C02742,web
O25090900834,2025-09-09,P103,스트라이프 긴팔티,상의,XS,아이보리,1,21000,21000,C00938,web
O25090900835,2025-09-09,P201,코튼 조거 팬츠,하의,L,아이보리,1,24000,24000,C00429,web
O25090900836,2025-09-09,P201,코튼 조거 팬츠,하의,M,카키,1,24000,24000,C03850,web
O25090900837,2025-09-09,P201,코튼 조거 팬츠,하의,XS,네이비,1,24000,24000,C03535,web
O25090900838,2025-09-09,P401,플라워 원피스,원피스,S,카키,1,36000,36000,C03116,web
O25090900839,2025-09-09,P401,플라워 원피스,원피스,M,네이비,1,36000,36000,C00347,web
O25090900840,2025-09-09,P501,상하 세트 (티+팬츠),세트,M,아이보리,1,42000,42000,C00849,web
O25091000841,2025-09-10,P102,프릴 카라 블라우스,상의,M,아이보리,1,32000,32000,C02997,web
O25091000842,2025-09-10,P202,데님 오버올,하의,L,그레이,1,39000,39000,C00859,web
O25091000843,2025-09-10,P202,데님 오버올,하의,L,네이비,1,39000,39000,C04539,web
O25091000844,2025-09-10,P202,데님 오버올,하의,S,그레이,1,39000,39000,C00436,web
O25091000845,2025-09-10,P401,플라워 원피스,원피스,S,코랄,1,36000,36000,C01530,web
O25091000846,2025-09-10,P401,플라워 원피스,원피스,M,아이보리,1,36000,36000,C01933,web
O25091000847,2025-09-10,P501,상하 세트 (티+팬츠),세트,S,네이비,1,42000,42000,C01468,web
O25091000848,2025-09-10,P501,상하 세트 (티+팬츠),세트,M,아이보리,1,42000,42000,C03386,web
O25091100849,2025-09-11,P102,프릴 카라 블라우스,상의,M,코랄,1,32000,32000,C00536,web
O25091100850,2025-09-11,P202,데님 오버올,하의,M,그레이,1,39000,39000,C00530,web
O25091100851,2025-09-11,P501,상하 세트 (티+팬츠),세트,S,아이보리,1,42000,42000,C02181,web
O25091100852,2025-09-11,P501,상하 세트 (티+팬츠),세트,M,그레이,1,42000,42000,C00635,web
O25091100853,2025-09-11,P501,상하 세트 (티+팬츠),세트,S,그레이,1,42000,42000,C00586,web
O25091100854,2025-09-11,P501,상하 세트 (티+팬츠),세트,XL,그레이,1,42000,42000,C00159,web
O25091100855,2025-09-11,P501,상하 세트 (티+팬츠),세트,M,아이보리,1,42000,42000,C01590,web
O25091200856,2025-09-12,P101,데일리 베이직 티셔츠,상의,M,코랄,1,15900,15900,C04938,web
O25091200857,2025-09-12,P101,데일리 베이직 티셔츠,상의,S,코랄,1,15900,15900,C00145,web
O25091200858,2025-09-12,P102,프릴 카라 블라우스,상의,M,코랄,1,32000,32000,C04384,web
O25091200859,2025-09-12,P102,프릴 카라 블라우스,상의,S,그레이,1,32000,32000,C03909,web
O25091200860,2025-09-12,P202,데님 오버올,하의,S,아이보리,1,39000,39000,C04580,web
O25091200861,2025-09-12,P202,데님 오버올,하의,L,아이보리,1,39000,39000,C03905,web
O25091200862,2025-09-12,P202,데님 오버올,하의,L,네이비,1,39000,39000,C00363,web
O25091200863,2025-09-12,P301,경량 패딩 베스트,아우터,L,그레이,1,52000,52000,C01346,web
O25091200864,2025-09-12,P501,상하 세트 (티+팬츠),세트,S,코랄,1,42000,42000,C00270,web
O25091300865,2025-09-13,P101,데일리 베이직 티셔츠,상의,M,그레이,1,15900,15900,C00087,web
O25091300866,2025-09-13,P101,데일리 베이직 티셔츠,상의,M,카키,1,15900,15900,C02691,web
O25091300867,2025-09-13,P101,데일리 베이직 티셔츠,상의,S,카키,1,15900,15900,C00434,web
O25091300868,2025-09-13,P101,데일리 베이직 티셔츠,상의,XL,코랄,1,15900,15900,C00317,web
O25091300869,2025-09-13,P103,스트라이프 긴팔티,상의,L,카키,1,21000,21000,C03451,web
O25091300870,2025-09-13,P201,코튼 조거 팬츠,하의,XL,그레이,1,24000,24000,C02903,web
O25091400871,2025-09-14,P102,프릴 카라 블라우스,상의,L,카키,1,32000,32000,C00008,web
O25091400872,2025-09-14,P102,프릴 카라 블라우스,상의,L,네이비,1,32000,32000,C04593,web
O25091400873,2025-09-14,P202,데님 오버올,하의,L,코랄,1,39000,39000,C00226,web
O25091400874,2025-09-14,P401,플라워 원피스,원피스,L,네이비,1,36000,36000,C00375,web
O25091400875,2025-09-14,P401,플라워 원피스,원피스,L,카키,1,36000,36000,C00230,web
O25091500876,2025-09-15,P101,데일리 베이직 티셔츠,상의,L,네이비,1,15900,15900,C00141,web
O25091500877,2025-09-15,P102,프릴 카라 블라우스,상의,M,네이비,1,32000,32000,C03193,web
O25091500878,2025-09-15,P103,스트라이프 긴팔티,상의,XS,코랄,1,21000,21000,C03198,web
O25091500879,2025-09-15,P201,코튼 조거 팬츠,하의,S,코랄,1,24000,24000,C00345,web
O25091500880,2025-09-15,P201,코튼 조거 팬츠,하의,XL,카키,1,24000,24000,C00371,web
O25091500881,2025-09-15,P202,데님 오버올,하의,M,그레이,1,39000,39000,C01093,web
O25091500882,2025-09-15,P301,경량 패딩 베스트,아우터,S,코랄,1,52000,52000,C00161,web
O25091500883,2025-09-15,P401,플라워 원피스,원피스,L,코랄,1,36000,36000,C03825,web
O25091600884,2025-09-16,P102,프릴 카라 블라우스,상의,M,코랄,1,32000,32000,C00246,web
O25091600885,2025-09-16,P102,프릴 카라 블라우스,상의,L,코랄,1,32000,32000,C04358,web
O25091600886,2025-09-16,P202,데님 오버올,하의,S,그레이,1,39000,39000,C02496,web
O25091600887,2025-09-16,P202,데님 오버올,하의,M,네이비,1,39000,39000,C04162,web
O25091600888,2025-09-16,P202,데님 오버올,하의,M,네이비,1,39000,39000,C04808,web
O25091600889,2025-09-16,P401,플라워 원피스,원피스,M,카키,1,36000,36000,C04091,web
O25091600890,2025-09-16,P401,플라워 원피스,원피스,M,그레이,1,36000,36000,C02198,web
O25091600891,2025-09-16,P501,상하 세트 (티+팬츠),세트,M,코랄,1,42000,42000,C03087,web
O25091600892,2025-09-16,P501,상하 세트 (티+팬츠),세트,M,아이보리,1,42000,42000,C03610,web
O25091700893,2025-09-17,P101,데일리 베이직 티셔츠,상의,XS,카키,1,15900,15900,C04314,web
O25091700894,2025-09-17,P102,프릴 카라 블라우스,상의,XL,네이비,1,32000,32000,C01495,web
O25091700895,2025-09-17,P102,프릴 카라 블라우스,상의,M,코랄,1,32000,32000,C00467,web
O25091700896,2025-09-17,P201,코튼 조거 팬츠,하의,L,그레이,1,24000,24000,C03570,web
O25091700897,2025-09-17,P201,코튼 조거 팬츠,하의,M,그레이,1,24000,24000,C01503,web
O25091700898,2025-09-17,P201,코튼 조거 팬츠,하의,XL,카키,1,24000,24000,C00008,web
O25091700899,2025-09-17,P401,플라워 원피스,원피스,L,코랄,1,36000,36000,C02954,web
O25091700900,2025-09-17,P401,플라워 원피스,원피스,S,그레이,1,36000,36000,C03869,web
O25091800901,2025-09-18,P102,프릴 카라 블라우스,상의,L,카키,1,32000,32000,C02627,web
O25091800902,2025-09-18,P103,스트라이프 긴팔티,상의,S,코랄,1,21000,21000,C02782,web
O25091800903,2025-09-18,P201,코튼 조거 팬츠,하의,M,그레이,1,24000,24000,C03593,web
O25091800904,2025-09-18,P401,플라워 원피스,원피스,M,그레이,1,36000,36000,C04872,web
O25091800905,2025-09-18,P401,플라워 원피스,원피스,L,그레이,1,36000,36000,C00521,web
O25091800906,2025-09-18,P401,플라워 원피스,원피스,M,네이비,1,36000,36000,C01037,web
O25091800907,2025-09-18,P401,플라워 원피스,원피스,S,네이비,1,36000,36000,C03031,web
O25091900908,2025-09-19,P101,데일리 베이직 티셔츠,상의,XL,네이비,1,15900,15900,C01264,web
O25091900909,2025-09-19,P202,데님 오버올,하의,L,코랄,1,39000,39000,C00582,web
O25091900910,2025-09-19,P301,경량 패딩 베스트,아우터,M,네이비,1,52000,52000,C00502,web
O25091900911,2025-09-19,P501,상하 세트 (티+팬츠),세트,M,카키,1,42000,42000,C00228,web
O25092000912,2025-09-20,P201,코튼 조거 팬츠,하의,M,아이보리,1,24000,24000,C00506,web
O25092000913,2025-09-20,P201,코튼 조거 팬츠,하의,M,아이보리,1,24000,24000,C04303,web
O25092000914,2025-09-20,P202,데님 오버올,하의,L,그레이,1,39000,39000,C01595,web
O25092000915,2025-09-20,P301,경량 패딩 베스트,아우터,M,카키,1,52000,52000,C00121,web
O25092000916,2025-09-20,P401,플라워 원피스,원피스,S,카키,1,36000,36000,C05066,web
O25092000917,2025-09-20,P501,상하 세트 (티+팬츠),세트,S,그레이,1,42000,42000,C02664,web
O25092000918,2025-09-20,P501,상하 세트 (티+팬츠),세트,L,아이보리,1,42000,42000,C00359,web
O25092000919,2025-09-20,P501,상하 세트 (티+팬츠),세트,L,아이보리,1,42000,42000,C01794,web
O25092100920,2025-09-21,P101,데일리 베이직 티셔츠,상의,XL,네이비,1,15900,15900,C00358,web
O25092100921,2025-09-21,P101,데일리 베이직 티셔츠,상의,L,코랄,1,15900,15900,C01946,web
O25092100922,2025-09-21,P101,데일리 베이직 티셔츠,상의,L,카키,1,15900,15900,C03678,web
O25092100923,2025-09-21,P102,프릴 카라 블라우스,상의,M,아이보리,1,32000,32000,C01025,web
O25092100924,2025-09-21,P103,스트라이프 긴팔티,상의,S,그레이,1,21000,21000,C00618,web
O25092100925,2025-09-21,P103,스트라이프 긴팔티,상의,S,코랄,1,21000,21000,C02436,web
O25092100926,2025-09-21,P103,스트라이프 긴팔티,상의,L,네이비,1,21000,21000,C00754,web
O25092100927,2025-09-21,P201,코튼 조거 팬츠,하의,L,코랄,1,24000,24000,C02610,web
O25092100928,2025-09-21,P301,경량 패딩 베스트,아우터,M,코랄,1,52000,52000,C02455,web
O25092100929,2025-09-21,P401,플라워 원피스,원피스,M,카키,1,36000,36000,C00350,web
O25092100930,2025-09-21,P401,플라워 원피스,원피스,S,그레이,1,36000,36000,C02647,web
O25092100931,2025-09-21,P401,플라워 원피스,원피스,M,카키,1,36000,36000,C02475,web
O25092100932,2025-09-21,P501,상하 세트 (티+팬츠),세트,M,네이비,1,42000,42000,C01295,web
O25092100933,2025-09-21,P501,상하 세트 (티+팬츠),세트,XL,네이비,1,42000,42000,C00713,web
O25092200934,2025-09-22,P101,데일리 베이직 티셔츠,상의,S,코랄,1,15900,15900,C03843,web
O25092200935,2025-09-22,P102,프릴 카라 블라우스,상의,S,네이비,1,32000,32000,C00016,web
O25092200936,2025-09-22,P102,프릴 카라 블라우스,상의,XL,네이비,1,32000,32000,C02553,web
O25092200937,2025-09-22,P103,스트라이프 긴팔티,상의,XS,카키,1,21000,21000,C00552,web
O25092200938,2025-09-22,P201,코튼 조거 팬츠,하의,S,아이보리,1,24000,24000,C01726,web
O25092200939,2025-09-22,P201,코튼 조거 팬츠,하의,L,카키,1,24000,24000,C05042,web
O25092200940,2025-09-22,P202,데님 오버올,하의,S,네이비,1,39000,39000,C00507,web
O25092200941,2025-09-22,P301,경량 패딩 베스트,아우터,XL,네이비,1,52000,52000,C01304,web
O25092200942,2025-09-22,P401,플라워 원피스,원피스,S,아이보리,1,36000,36000,C01963,web
O25092200943,2025-09-22,P401,플라워 원피스,원피스,S,그레이,1,36000,36000,C02263,web
O25092300944,2025-09-23,P101,데일리 베이직 티셔츠,상의,S,코랄,1,15900,15900,C04673,web
O25092300945,2025-09-23,P101,데일리 베이직 티셔츠,상의,L,그레이,1,15900,15900,C03129,web
O25092300946,2025-09-23,P101,데일리 베이직 티셔츠,상의,XL,카키,1,15900,15900,C01328,web
O25092300947,2025-09-23,P102,프릴 카라 블라우스,상의,XL,코랄,1,32000,32000,C00260,web
O25092300948,2025-09-23,P102,프릴 카라 블라우스,상의,L,아이보리,1,32000,32000,C01197,web
O25092300949,2025-09-23,P103,스트라이프 긴팔티,상의,L,그레이,1,21000,21000,C00079,web
O25092300950,2025-09-23,P201,코튼 조거 팬츠,하의,M,코랄,1,24000,24000,C00295,web
O25092300951,2025-09-23,P202,데님 오버올,하의,M,아이보리,1,39000,39000,C00414,web
O25092300952,2025-09-23,P501,상하 세트 (티+팬츠),세트,XL,네이비,1,42000,42000,C00392,web
O25092400953,2025-09-24,P101,데일리 베이직 티셔츠,상의,XL,네이비,1,15900,15900,C00428,web
O25092400954,2025-09-24,P101,데일리 베이직 티셔츠,상의,L,코랄,1,15900,15900,C00841,web
O25092400955,2025-09-24,P101,데일리 베이직 티셔츠,상의,XL,아이보리,1,15900,15900,C01314,web
O25092400956,2025-09-24,P103,스트라이프 긴팔티,상의,M,카키,1,21000,21000,C03547,web
O25092400957,2025-09-24,P201,코튼 조거 팬츠,하의,L,네이비,1,24000,24000,C02364,web
O25092400958,2025-09-24,P202,데님 오버올,하의,L,그레이,1,39000,39000,C03124,web
O25092400959,2025-09-24,P401,플라워 원피스,원피스,L,카키,1,36000,36000,C02177,web
O25092500960,2025-09-25,P101,데일리 베이직 티셔츠,상의,XL,네이비,1,15900,15900,C00752,web
O25092500961,2025-09-25,P102,프릴 카라 블라우스,상의,S,카키,1,32000,32000,C01575,web
O25092500962,2025-09-25,P102,프릴 카라 블라우스,상의,L,그레이,1,32000,32000,C01000,web
O25092500963,2025-09-25,P103,스트라이프 긴팔티,상의,M,네이비,1,21000,21000,C02059,web
O25092500964,2025-09-25,P201,코튼 조거 팬츠,하의,M,카키,1,24000,24000,C01898,web
O25092500965,2025-09-25,P201,코튼 조거 팬츠,하의,M,네이비,1,24000,24000,C00566,web
O25092500966,2025-09-25,P201,코튼 조거 팬츠,하의,XL,네이비,1,24000,24000,C00041,web
O25092500967,2025-09-25,P202,데님 오버올,하의,S,코랄,1,39000,39000,C00319,web
O25092500968,2025-09-25,P501,상하 세트 (티+팬츠),세트,XL,아이보리,1,42000,42000,C00441,web
O25092500969,2025-09-25,P501,상하 세트 (티+팬츠),세트,XL,그레이,1,42000,42000,C02713,web
O25092600970,2025-09-26,P101,데일리 베이직 티셔츠,상의,S,그레이,1,15900,15900,C00219,web
O25092600971,2025-09-26,P101,데일리 베이직 티셔츠,상의,L,아이보리,1,15900,15900,C03064,web
O25092600972,2025-09-26,P101,데일리 베이직 티셔츠,상의,S,그레이,1,15900,15900,C03072,web
O25092600973,2025-09-26,P101,데일리 베이직 티셔츠,상의,S,아이보리,1,15900,15900,C00812,web
O25092600974,2025-09-26,P102,프릴 카라 블라우스,상의,M,그레이,1,32000,32000,C03629,web
O25092600975,2025-09-26,P102,프릴 카라 블라우스,상의,M,아이보리,1,32000,32000,C00097,web
O25092600976,2025-09-26,P102,프릴 카라 블라우스,상의,M,그레이,1,32000,32000,C02557,web
O25092600977,2025-09-26,P103,스트라이프 긴팔티,상의,L,카키,1,21000,21000,C00020,web
O25092600978,2025-09-26,P201,코튼 조거 팬츠,하의,XL,카키,1,24000,24000,C00055,web
O25092600979,2025-09-26,P201,코튼 조거 팬츠,하의,L,아이보리,1,24000,24000,C02309,web
O25092600980,2025-09-26,P201,코튼 조거 팬츠,하의,XL,그레이,1,24000,24000,C04268,web
O25092600981,2025-09-26,P201,코튼 조거 팬츠,하의,S,그레이,1,24000,24000,C00898,web
O25092600982,2025-09-26,P501,상하 세트 (티+팬츠),세트,XL,네이비,1,42000,42000,C02489,web
O25092600983,2025-09-26,P501,상하 세트 (티+팬츠),세트,L,네이비,1,42000,42000,C02170,web
O25092700984,2025-09-27,P101,데일리 베이직 티셔츠,상의,M,네이비,1,15900,15900,C00294,web
O25092700985,2025-09-27,P101,데일리 베이직 티셔츠,상의,L,네이비,1,15900,15900,C03843,web
O25092700986,2025-09-27,P101,데일리 베이직 티셔츠,상의,L,카키,1,15900,15900,C00082,web
O25092700987,2025-09-27,P102,프릴 카라 블라우스,상의,M,아이보리,1,32000,32000,C04503,web
O25092700988,2025-09-27,P102,프릴 카라 블라우스,상의,S,코랄,1,32000,32000,C02448,web
O25092700989,2025-09-27,P102,프릴 카라 블라우스,상의,M,코랄,1,32000,32000,C01785,web
O25092700990,2025-09-27,P103,스트라이프 긴팔티,상의,S,카키,1,21000,21000,C03829,web
O25092700991,2025-09-27,P201,코튼 조거 팬츠,하의,XS,그레이,1,24000,24000,C04041,web
O25092700992,2025-09-27,P201,코튼 조거 팬츠,하의,M,아이보리,1,24000,24000,C02282,web
O25092700993,2025-09-27,P202,데님 오버올,하의,M,그레이,1,39000,39000,C00267,web
O25092700994,2025-09-27,P301,경량 패딩 베스트,아우터,XL,아이보리,1,52000,52000,C00162,web
O25092700995,2025-09-27,P401,플라워 원피스,원피스,S,코랄,1,36000,36000,C04781,web
O25092700996,2025-09-27,P401,플라워 원피스,원피스,S,네이비,1,36000,36000,C01290,web
O25092700997,2025-09-27,P501,상하 세트 (티+팬츠),세트,L,아이보리,1,42000,42000,C00005,web
O25092800998,2025-09-28,P102,프릴 카라 블라우스,상의,M,그레이,1,32000,32000,C01372,web
O25092800999,2025-09-28,P102,프릴 카라 블라우스,상의,L,카키,1,32000,32000,C00249,web
O25092801000,2025-09-28,P102,프릴 카라 블라우스,상의,S,아이보리,1,32000,32000,C03894,web
O25092801001,2025-09-28,P201,코튼 조거 팬츠,하의,XS,코랄,1,24000,24000,C01823,web
O25092801002,2025-09-28,P201,코튼 조거 팬츠,하의,XS,코랄,1,24000,24000,C00344,web
O25092801003,2025-09-28,P401,플라워 원피스,원피스,S,코랄,1,36000,36000,C02531,web
O25092801004,2025-09-28,P401,플라워 원피스,원피스,S,아이보리,1,36000,36000,C03381,web
O25092801005,2025-09-28,P401,플라워 원피스,원피스,S,그레이,1,36000,36000,C00019,web
O25092801006,2025-09-28,P501,상하 세트 (티+팬츠),세트,XL,코랄,1,42000,42000,C03430,web
O25092901007,2025-09-29,P101,데일리 베이직 티셔츠,상의,S,카키,1,15900,15900,C04988,web
O25092901008,2025-09-29,P102,프릴 카라 블라우스,상의,M,코랄,1,32000,32000,C02038,web
O25092901009,2025-09-29,P103,스트라이프 긴팔티,상의,L,카키,1,21000,21000,C00491,web
O25092901010,2025-09-29,P201,코튼 조거 팬츠,하의,XL,아이보리,1,24000,24000,C02579,web
O25092901011,2025-09-29,P501,상하 세트 (티+팬츠),세트,L,그레이,1,42000,42000,C00178,web
O25092901012,2025-09-29,P501,상하 세트 (티+팬츠),세트,M,아이보리,1,42000,42000,C00847,web
O25093001013,2025-09-30,P101,데일리 베이직 티셔츠,상의,XS,코랄,1,15900,15900,C00125,web
O25093001014,2025-09-30,P101,데일리 베이직 티셔츠,상의,XS,네이비,1,15900,15900,C05103,web
O25093001015,2025-09-30,P103,스트라이프 긴팔티,상의,M,그레이,1,21000,21000,C00155,web
O25093001016,2025-09-30,P201,코튼 조거 팬츠,하의,XS,그레이,1,24000,24000,C00534,web
O25093001017,2025-09-30,P201,코튼 조거 팬츠,하의,M,네이비,1,24000,24000,C05129,web
O25093001018,2025-09-30,P201,코튼 조거 팬츠,하의,XS,아이보리,1,24000,24000,C00386,web
O25093001019,2025-09-30,P202,데님 오버올,하의,L,아이보리,1,39000,39000,C00771,web
O25093001020,2025-09-30,P202,데님 오버올,하의,L,코랄,1,39000,39000,C00063,web
O25093001021,2025-09-30,P202,데님 오버올,하의,L,아이보리,1,39000,39000,C00783,web
O25093001022,2025-09-30,P401,플라워 원피스,원피스,L,아이보리,1,36000,36000,C04349,web
O25093001023,2025-09-30,P501,상하 세트 (티+팬츠),세트,M,카키,1,42000,42000,C00191,web
O25100101024,2025-10-01,P101,데일리 베이직 티셔츠,상의,XS,그레이,1,15900,15900,C00135,web
O25100101025,2025-10-01,P103,스트라이프 긴팔티,상의,M,그레이,1,21000,21000,C00528,web
O25100101026,2025-10-01,P201,코튼 조거 팬츠,하의,S,네이비,1,24000,24000,C01241,web
O25100101027,2025-10-01,P201,코튼 조거 팬츠,하의,L,네이비,1,24000,24000,C02316,web
O25100101028,2025-10-01,P201,코튼 조거 팬츠,하의,S,네이비,1,24000,24000,C00727,web
O25100101029,2025-10-01,P401,플라워 원피스,원피스,S,네이비,1,36000,36000,C00651,web
O25100101030,2025-10-01,P501,상하 세트 (티+팬츠),세트,L,코랄,1,42000,42000,C01952,web
O25100101031,2025-10-01,P501,상하 세트 (티+팬츠),세트,S,코랄,1,42000,42000,C04690,web
O25100201032,2025-10-02,P101,데일리 베이직 티셔츠,상의,XL,네이비,1,15900,15900,C02387,web
O25100201033,2025-10-02,P101,데일리 베이직 티셔츠,상의,L,아이보리,1,15900,15900,C01971,web
O25100201034,2025-10-02,P102,프릴 카라 블라우스,상의,S,아이보리,1,32000,32000,C01261,web
O25100201035,2025-10-02,P103,스트라이프 긴팔티,상의,L,코랄,1,21000,21000,C01316,web
O25100201036,2025-10-02,P201,코튼 조거 팬츠,하의,S,아이보리,1,24000,24000,C04020,web
O25100201037,2025-10-02,P201,코튼 조거 팬츠,하의,XL,카키,1,24000,24000,C00183,web
O25100201038,2025-10-02,P201,코튼 조거 팬츠,하의,XS,그레이,1,24000,24000,C05025,web
O25100201039,2025-10-02,P201,코튼 조거 팬츠,하의,L,카키,1,24000,24000,C00358,web
O25100201040,2025-10-02,P202,데님 오버올,하의,L,아이보리,1,39000,39000,C00394,web
O25100201041,2025-10-02,P202,데님 오버올,하의,M,아이보리,1,39000,39000,C04654,web
O25100201042,2025-10-02,P202,데님 오버올,하의,L,코랄,1,39000,39000,C01413,web
O25100201043,2025-10-02,P301,경량 패딩 베스트,아우터,L,카키,1,52000,52000,C04349,web
O25100201044,2025-10-02,P301,경량 패딩 베스트,아우터,L,그레이,1,52000,52000,C00546,web
O25100201045,2025-10-02,P501,상하 세트 (티+팬츠),세트,M,네이비,1,42000,42000,C02855,web
O25100201046,2025-10-02,P501,상하 세트 (티+팬츠),세트,M,네이비,1,42000,42000,C00007,web
O25100201047,2025-10-02,P501,상하 세트 (티+팬츠),세트,M,네이비,1,42000,42000,C00334,web
O25100301048,2025-10-03,P101,데일리 베이직 티셔츠,상의,S,아이보리,1,15900,15900,C02955,web
O25100301049,2025-10-03,P101,데일리 베이직 티셔츠,상의,XS,카키,1,15900,15900,C04159,web
O25100301050,2025-10-03,P102,프릴 카라 블라우스,상의,S,네이비,1,32000,32000,C02595,web
O25100301051,2025-10-03,P201,코튼 조거 팬츠,하의,S,코랄,1,24000,24000,C02394,web
O25100301052,2025-10-03,P301,경량 패딩 베스트,아우터,M,그레이,1,52000,52000,C05005,web
O25100301053,2025-10-03,P401,플라워 원피스,원피스,S,카키,1,36000,36000,C01282,web
O25100401054,2025-10-04,P101,데일리 베이직 티셔츠,상의,L,그레이,1,15900,15900,C00397,web
O25100401055,2025-10-04,P101,데일리 베이직 티셔츠,상의,M,코랄,1,15900,15900,C02926,web
O25100401056,2025-10-04,P102,프릴 카라 블라우스,상의,L,그레이,1,32000,32000,C00175,web
O25100401057,2025-10-04,P102,프릴 카라 블라우스,상의,XL,코랄,1,32000,32000,C02054,web
O25100401058,2025-10-04,P102,프릴 카라 블라우스,상의,S,그레이,1,32000,32000,C04580,web
O25100401059,2025-10-04,P102,프릴 카라 블라우스,상의,L,카키,1,32000,32000,C01555,web
O25100401060,2025-10-04,P103,스트라이프 긴팔티,상의,L,네이비,1,21000,21000,C00197,web
O25100401061,2025-10-04,P201,코튼 조거 팬츠,하의,L,그레이,1,24000,24000,C04452,web
O25100401062,2025-10-04,P201,코튼 조거 팬츠,하의,L,코랄,1,24000,24000,C00116,web
O25100401063,2025-10-04,P202,데님 오버올,하의,S,카키,1,39000,39000,C00354,web
O25100401064,2025-10-04,P301,경량 패딩 베스트,아우터,XL,코랄,1,52000,52000,C04967,web
O25100401065,2025-10-04,P301,경량 패딩 베스트,아우터,M,아이보리,1,52000,52000,C00303,web
O25100401066,2025-10-04,P501,상하 세트 (티+팬츠),세트,L,코랄,1,42000,42000,C00487,web
O25100501067,2025-10-05,P101,데일리 베이직 티셔츠,상의,M,네이비,1,15900,15900,C05147,web
O25100501068,2025-10-05,P101,데일리 베이직 티셔츠,상의,XS,카키,1,15900,15900,C02724,web
O25100501069,2025-10-05,P101,데일리 베이직 티셔츠,상의,S,아이보리,1,15900,15900,C02774,web
O25100501070,2025-10-05,P102,프릴 카라 블라우스,상의,L,코랄,1,32000,32000,C02256,web
O25100501071,2025-10-05,P201,코튼 조거 팬츠,하의,M,그레이,1,24000,24000,C02666,web
O25100501072,2025-10-05,P201,코튼 조거 팬츠,하의,S,그레이,1,24000,24000,C00476,web
O25100501073,2025-10-05,P201,코튼 조거 팬츠,하의,M,아이보리,1,24000,24000,C03262,web
O25100501074,2025-10-05,P201,코튼 조거 팬츠,하의,S,그레이,1,24000,24000,C04008,web
O25100501075,2025-10-05,P301,경량 패딩 베스트,아우터,XL,아이보리,1,52000,52000,C00945,web
O25100501076,2025-10-05,P401,플라워 원피스,원피스,L,코랄,1,36000,36000,C01444,web
O25100601077,2025-10-06,P101,데일리 베이직 티셔츠,상의,S,그레이,1,15900,15900,C03921,web
O25100601078,2025-10-06,P101,데일리 베이직 티셔츠,상의,S,네이비,1,15900,15900,C00469,web
O25100601079,2025-10-06,P101,데일리 베이직 티셔츠,상의,XS,코랄,1,15900,15900,C00205,web
O25100601080,2025-10-06,P102,프릴 카라 블라우스,상의,M,아이보리,1,32000,32000,C03682,web
O25100601081,2025-10-06,P102,프릴 카라 블라우스,상의,L,코랄,1,32000,32000,C03720,web
O25100601082,2025-10-06,P103,스트라이프 긴팔티,상의,M,그레이,1,21000,21000,C03573,web
O25100601083,2025-10-06,P103,스트라이프 긴팔티,상의,L,아이보리,1,21000,21000,C00280,web
O25100601084,2025-10-06,P201,코튼 조거 팬츠,하의,S,아이보리,1,24000,24000,C04158,web
O25100601085,2025-10-06,P201,코튼 조거 팬츠,하의,S,그레이,1,24000,24000,C00331,web
O25100601086,2025-10-06,P202,데님 오버올,하의,S,카키,1,39000,39000,C01450,web
O25100601087,2025-10-06,P301,경량 패딩 베스트,아우터,M,아이보리,1,52000,52000,C00547,web
O25100601088,2025-10-06,P301,경량 패딩 베스트,아우터,S,카키,1,52000,52000,C04757,web
O25100601089,2025-10-06,P501,상하 세트 (티+팬츠),세트,M,코랄,1,42000,42000,C00274,web
O25100601090,2025-10-06,P501,상하 세트 (티+팬츠),세트,M,그레이,1,42000,42000,C04542,web
O25100601091,2025-10-06,P501,상하 세트 (티+팬츠),세트,L,네이비,1,42000,42000,C02012,web
O25100701092,2025-10-07,P101,데일리 베이직 티셔츠,상의,M,코랄,1,15900,15900,C04449,web
O25100701093,2025-10-07,P101,데일리 베이직 티셔츠,상의,L,코랄,1,15900,15900,C00196,web
O25100701094,2025-10-07,P101,데일리 베이직 티셔츠,상의,M,코랄,1,15900,15900,C00392,web
O25100701095,2025-10-07,P201,코튼 조거 팬츠,하의,M,그레이,1,24000,24000,C03621,web
O25100701096,2025-10-07,P202,데님 오버올,하의,L,네이비,1,39000,39000,C03647,web
O25100701097,2025-10-07,P202,데님 오버올,하의,S,카키,1,39000,39000,C00551,web
O25100701098,2025-10-07,P301,경량 패딩 베스트,아우터,M,아이보리,1,52000,52000,C04416,web
O25100701099,2025-10-07,P401,플라워 원피스,원피스,M,코랄,1,36000,36000,C04081,web
O25100701100,2025-10-07,P401,플라워 원피스,원피스,S,아이보리,1,36000,36000,C01341,web
O25100801101,2025-10-08,P101,데일리 베이직 티셔츠,상의,M,코랄,1,15900,15900,C00377,web
O25100801102,2025-10-08,P101,데일리 베이직 티셔츠,상의,L,그레이,1,15900,15900,C03168,web
O25100801103,2025-10-08,P101,데일리 베이직 티셔츠,상의,M,네이비,1,15900,15900,C04076,web
O25100801104,2025-10-08,P102,프릴 카라 블라우스,상의,XL,네이비,1,32000,32000,C05077,web
O25100801105,2025-10-08,P201,코튼 조거 팬츠,하의,M,아이보리,1,24000,24000,C01794,web
O25100801106,2025-10-08,P202,데님 오버올,하의,S,코랄,1,39000,39000,C00883,web
O25100801107,2025-10-08,P202,데님 오버올,하의,M,네이비,1,39000,39000,C01372,web
O25100801108,2025-10-08,P301,경량 패딩 베스트,아우터,M,네이비,1,52000,52000,C04165,web
O25100801109,2025-10-08,P301,경량 패딩 베스트,아우터,S,네이비,1,52000,52000,C00685,web
O25100801110,2025-10-08,P401,플라워 원피스,원피스,L,아이보리,1,36000,36000,C03367,web
O25100801111,2025-10-08,P401,플라워 원피스,원피스,M,네이비,1,36000,36000,C00456,web
O25100901112,2025-10-09,P101,데일리 베이직 티셔츠,상의,XL,코랄,1,15900,15900,C03478,web
O25100901113,2025-10-09,P102,프릴 카라 블라우스,상의,M,코랄,1,32000,32000,C04416,web
O25100901114,2025-10-09,P102,프릴 카라 블라우스,상의,XL,네이비,1,32000,32000,C04076,web
O25100901115,2025-10-09,P103,스트라이프 긴팔티,상의,S,아이보리,1,21000,21000,C03981,web
O25100901116,2025-10-09,P103,스트라이프 긴팔티,상의,XS,아이보리,1,21000,21000,C00688,web
O25100901117,2025-10-09,P201,코튼 조거 팬츠,하의,XS,코랄,1,24000,24000,C01813,web
O25100901118,2025-10-09,P202,데님 오버올,하의,M,네이비,1,39000,39000,C05024,web
O25100901119,2025-10-09,P202,데님 오버올,하의,M,그레이,1,39000,39000,C04490,web
O25100901120,2025-10-09,P501,상하 세트 (티+팬츠),세트,XL,네이비,1,42000,42000,C01084,web
O25100901121,2025-10-09,P501,상하 세트 (티+팬츠),세트,S,카키,1,42000,42000,C00578,web
O25101001122,2025-10-10,P102,프릴 카라 블라우스,상의,M,카키,1,32000,32000,C03358,web
O25101001123,2025-10-10,P102,프릴 카라 블라우스,상의,L,아이보리,1,32000,32000,C00069,web
O25101001124,2025-10-10,P201,코튼 조거 팬츠,하의,S,카키,1,24000,24000,C00113,web
O25101001125,2025-10-10,P202,데님 오버올,하의,M,아이보리,1,39000,39000,C00537,web
O25101001126,2025-10-10,P202,데님 오버올,하의,M,네이비,1,39000,39000,C01962,web
O25101001127,2025-10-10,P301,경량 패딩 베스트,아우터,L,코랄,1,52000,52000,C01116,web
O25101001128,2025-10-10,P302,후드 집업 점퍼,아우터,S,카키,1,48000,48000,C04701,web
O25101001129,2025-10-10,P501,상하 세트 (티+팬츠),세트,M,아이보리,1,42000,42000,C00276,web
O25101001130,2025-10-10,P501,상하 세트 (티+팬츠),세트,L,아이보리,1,42000,42000,C00594,web
O25101101131,2025-10-11,P101,데일리 베이직 티셔츠,상의,S,카키,1,15900,15900,C00841,web
O25101101132,2025-10-11,P101,데일리 베이직 티셔츠,상의,XS,코랄,1,15900,15900,C02511,web
O25101101133,2025-10-11,P201,코튼 조거 팬츠,하의,XL,카키,1,24000,24000,C04956,web
O25101101134,2025-10-11,P201,코튼 조거 팬츠,하의,XL,아이보리,1,24000,24000,C00173,web
O25101101135,2025-10-11,P201,코튼 조거 팬츠,하의,L,아이보리,1,24000,24000,C02731,web
O25101101136,2025-10-11,P201,코튼 조거 팬츠,하의,M,카키,1,24000,24000,C00051,web
O25101101137,2025-10-11,P202,데님 오버올,하의,M,네이비,1,39000,39000,C00341,web
O25101101138,2025-10-11,P202,데님 오버올,하의,M,아이보리,1,39000,39000,C03936,web
O25101101139,2025-10-11,P202,데님 오버올,하의,L,카키,1,39000,39000,C00533,web
O25101101140,2025-10-11,P301,경량 패딩 베스트,아우터,S,그레이,1,52000,52000,C01682,web
O25101101141,2025-10-11,P301,경량 패딩 베스트,아우터,M,네이비,1,52000,52000,C00733,web
O25101201142,2025-10-12,P101,데일리 베이직 티셔츠,상의,L,네이비,1,15900,15900,C02880,web
O25101201143,2025-10-12,P102,프릴 카라 블라우스,상의,M,아이보리,1,32000,32000,C00498,web
O25101201144,2025-10-12,P102,프릴 카라 블라우스,상의,M,아이보리,1,32000,32000,C00398,web
O25101201145,2025-10-12,P102,프릴 카라 블라우스,상의,XL,카키,1,32000,32000,C04836,web
O25101201146,2025-10-12,P201,코튼 조거 팬츠,하의,M,카키,1,24000,24000,C00161,web
O25101201147,2025-10-12,P301,경량 패딩 베스트,아우터,XL,아이보리,1,52000,52000,C05193,web
O25101201148,2025-10-12,P302,후드 집업 점퍼,아우터,L,네이비,1,48000,48000,C04674,web
O25101201149,2025-10-12,P401,플라워 원피스,원피스,M,네이비,1,36000,36000,C00004,web
O25101201150,2025-10-12,P501,상하 세트 (티+팬츠),세트,XL,코랄,1,42000,42000,C05012,web
O25101201151,2025-10-12,P501,상하 세트 (티+팬츠),세트,M,아이보리,1,42000,42000,C00249,web
O25101301152,2025-10-13,P101,데일리 베이직 티셔츠,상의,M,카키,1,15900,15900,C02250,web
O25101301153,2025-10-13,P103,스트라이프 긴팔티,상의,M,아이보리,1,21000,21000,C01152,web
O25101301154,2025-10-13,P103,스트라이프 긴팔티,상의,S,아이보리,1,21000,21000,C04099,web
O25101301155,2025-10-13,P103,스트라이프 긴팔티,상의,XS,카키,1,21000,21000,C04755,web
O25101301156,2025-10-13,P201,코튼 조거 팬츠,하의,L,네이비,1,24000,24000,C01323,web
O25101301157,2025-10-13,P201,코튼 조거 팬츠,하의,M,코랄,1,24000,24000,C04530,web
O25101301158,2025-10-13,P201,코튼 조거 팬츠,하의,S,아이보리,1,24000,24000,C00021,web
O25101301159,2025-10-13,P202,데님 오버올,하의,L,카키,1,39000,39000,C04358,web
O25101301160,2025-10-13,P301,경량 패딩 베스트,아우터,L,그레이,1,52000,52000,C00283,web
O25101301161,2025-10-13,P302,후드 집업 점퍼,아우터,S,아이보리,1,48000,48000,C04729,web
O25101301162,2025-10-13,P302,후드 집업 점퍼,아우터,M,카키,1,48000,48000,C00197,web
O25101301163,2025-10-13,P501,상하 세트 (티+팬츠),세트,XL,네이비,1,42000,42000,C00471,web
O25101301164,2025-10-13,P501,상하 세트 (티+팬츠),세트,L,카키,1,42000,42000,C01312,web
O25101301165,2025-10-13,P501,상하 세트 (티+팬츠),세트,S,아이보리,1,42000,42000,C04877,web
O25101301166,2025-10-13,P501,상하 세트 (티+팬츠),세트,L,아이보리,1,42000,42000,C03672,web
O25101401167,2025-10-14,P101,데일리 베이직 티셔츠,상의,XS,아이보리,1,15900,15900,C03328,web
O25101401168,2025-10-14,P101,데일리 베이직 티셔츠,상의,M,카키,1,15900,15900,C01311,web
O25101401169,2025-10-14,P102,프릴 카라 블라우스,상의,S,아이보리,1,32000,32000,C01710,web
O25101401170,2025-10-14,P103,스트라이프 긴팔티,상의,M,그레이,1,21000,21000,C01951,web
O25101401171,2025-10-14,P103,스트라이프 긴팔티,상의,XS,코랄,1,21000,21000,C04787,web
O25101401172,2025-10-14,P103,스트라이프 긴팔티,상의,L,네이비,1,21000,21000,C01786,web
O25101401173,2025-10-14,P201,코튼 조거 팬츠,하의,XL,아이보리,1,24000,24000,C03973,web
O25101401174,2025-10-14,P201,코튼 조거 팬츠,하의,XS,네이비,1,24000,24000,C00199,web
O25101401175,2025-10-14,P202,데님 오버올,하의,L,네이비,1,39000,39000,C01110,web
O25101401176,2025-10-14,P301,경량 패딩 베스트,아우터,L,아이보리,1,52000,52000,C00012,web
O25101401177,2025-10-14,P301,경량 패딩 베스트,아우터,S,아이보리,1,52000,52000,C00249,web
O25101401178,2025-10-14,P301,경량 패딩 베스트,아우터,S,코랄,1,52000,52000,C00600,web
O25101401179,2025-10-14,P301,경량 패딩 베스트,아우터,S,아이보리,1,52000,52000,C03939,web
O25101401180,2025-10-14,P401,플라워 원피스,원피스,L,아이보리,1,36000,36000,C05156,web
O25101401181,2025-10-14,P401,플라워 원피스,원피스,L,코랄,1,36000,36000,C03599,web
O25101401182,2025-10-14,P501,상하 세트 (티+팬츠),세트,S,카키,1,42000,42000,C00406,web
O25101501183,2025-10-15,P101,데일리 베이직 티셔츠,상의,S,카키,1,15900,15900,C03590,web
O25101501184,2025-10-15,P101,데일리 베이직 티셔츠,상의,XS,네이비,1,15900,15900,C00376,web
O25101501185,2025-10-15,P101,데일리 베이직 티셔츠,상의,M,그레이,1,15900,15900,C00266,web
O25101501186,2025-10-15,P101,데일리 베이직 티셔츠,상의,XL,네이비,1,15900,15900,C03039,web
O25101501187,2025-10-15,P102,프릴 카라 블라우스,상의,S,그레이,1,32000,32000,C00498,web
O25101501188,2025-10-15,P202,데님 오버올,하의,S,코랄,1,39000,39000,C03493,web
O25101501189,2025-10-15,P301,경량 패딩 베스트,아우터,S,그레이,1,52000,52000,C04416,web
O25101501190,2025-10-15,P301,경량 패딩 베스트,아우터,L,아이보리,1,52000,52000,C04956,web
O25101501191,2025-10-15,P301,경량 패딩 베스트,아우터,S,네이비,1,52000,52000,C02563,web
O25101501192,2025-10-15,P401,플라워 원피스,원피스,S,아이보리,1,36000,36000,C03011,web
O25101501193,2025-10-15,P401,플라워 원피스,원피스,M,카키,1,36000,36000,C00374,web
O25101501194,2025-10-15,P501,상하 세트 (티+팬츠),세트,M,아이보리,1,42000,42000,C01902,web
O25101601195,2025-10-16,P101,데일리 베이직 티셔츠,상의,XS,카키,1,15900,15900,C00376,web
O25101601196,2025-10-16,P102,프릴 카라 블라우스,상의,XL,코랄,1,32000,32000,C00478,web
O25101601197,2025-10-16,P201,코튼 조거 팬츠,하의,S,아이보리,1,24000,24000,C01013,web
O25101601198,2025-10-16,P201,코튼 조거 팬츠,하의,L,그레이,1,24000,24000,C00277,web
O25101601199,2025-10-16,P301,경량 패딩 베스트,아우터,S,카키,1,52000,52000,C02394,web
O25101601200,2025-10-16,P501,상하 세트 (티+팬츠),세트,M,그레이,1,42000,42000,C02246,web
O25101601201,2025-10-16,P501,상하 세트 (티+팬츠),세트,XL,코랄,1,42000,42000,C00521,web
O25101701202,2025-10-17,P101,데일리 베이직 티셔츠,상의,M,네이비,1,15900,15900,C00213,web
O25101701203,2025-10-17,P102,프릴 카라 블라우스,상의,L,카키,1,32000,32000,C00073,web
O25101701204,2025-10-17,P102,프릴 카라 블라우스,상의,L,아이보리,1,32000,32000,C04256,web
O25101701205,2025-10-17,P103,스트라이프 긴팔티,상의,L,그레이,1,21000,21000,C04830,web
O25101701206,2025-10-17,P103,스트라이프 긴팔티,상의,XS,그레이,1,21000,21000,C00926,web
O25101701207,2025-10-17,P103,스트라이프 긴팔티,상의,M,카키,1,21000,21000,C02019,web
O25101701208,2025-10-17,P201,코튼 조거 팬츠,하의,XS,아이보리,1,24000,24000,C03403,web
O25101701209,2025-10-17,P201,코튼 조거 팬츠,하의,XS,아이보리,1,24000,24000,C04438,web
O25101701210,2025-10-17,P201,코튼 조거 팬츠,하의,XL,네이비,1,24000,24000,C00401,web
O25101701211,2025-10-17,P302,후드 집업 점퍼,아우터,M,아이보리,1,48000,48000,C01609,web
O25101701212,2025-10-17,P302,후드 집업 점퍼,아우터,S,카키,1,48000,48000,C03852,web
O25101701213,2025-10-17,P401,플라워 원피스,원피스,M,네이비,1,36000,36000,C00539,web
O25101701214,2025-10-17,P401,플라워 원피스,원피스,M,네이비,1,36000,36000,C01597,web
O25101701215,2025-10-17,P501,상하 세트 (티+팬츠),세트,XL,코랄,1,42000,42000,C01163,web
O25101801216,2025-10-18,P101,데일리 베이직 티셔츠,상의,L,카키,1,15900,15900,C04602,web
O25101801217,2025-10-18,P101,데일리 베이직 티셔츠,상의,XS,코랄,1,15900,15900,C03656,web
O25101801218,2025-10-18,P103,스트라이프 긴팔티,상의,S,코랄,1,21000,21000,C03013,web
O25101801219,2025-10-18,P103,스트라이프 긴팔티,상의,M,아이보리,1,21000,21000,C04963,web
O25101801220,2025-10-18,P103,스트라이프 긴팔티,상의,XS,아이보리,1,21000,21000,C01964,web
O25101801221,2025-10-18,P202,데님 오버올,하의,M,아이보리,1,39000,39000,C03966,web
O25101801222,2025-10-18,P501,상하 세트 (티+팬츠),세트,XL,아이보리,1,42000,42000,C01873,web
O25101801223,2025-10-18,P501,상하 세트 (티+팬츠),세트,S,아이보리,1,42000,42000,C01298,web
O25101901224,2025-10-19,P101,데일리 베이직 티셔츠,상의,XL,코랄,1,15900,15900,C04024,web
O25101901225,2025-10-19,P102,프릴 카라 블라우스,상의,XL,네이비,1,32000,32000,C00255,web
O25101901226,2025-10-19,P102,프릴 카라 블라우스,상의,M,카키,1,32000,32000,C03402,web
O25101901227,2025-10-19,P201,코튼 조거 팬츠,하의,M,코랄,1,24000,24000,C00192,web
O25101901228,2025-10-19,P201,코튼 조거 팬츠,하의,M,코랄,1,24000,24000,C00817,web
O25101901229,2025-10-19,P202,데님 오버올,하의,M,그레이,1,39000,39000,C02353,web
O25101901230,2025-10-19,P301,경량 패딩 베스트,아우터,XL,코랄,1,52000,52000,C00628,web
O25101901231,2025-10-19,P301,경량 패딩 베스트,아우터,M,네이비,1,52000,52000,C02368,web
O25101901232,2025-10-19,P302,후드 집업 점퍼,아우터,XL,아이보리,1,48000,48000,C00944,web
O25101901233,2025-10-19,P501,상하 세트 (티+팬츠),세트,L,코랄,1,42000,42000,C02216,web
O25101901234,2025-10-19,P501,상하 세트 (티+팬츠),세트,S,네이비,1,42000,42000,C00109,web
O25102001235,2025-10-20,P101,데일리 베이직 티셔츠,상의,S,아이보리,1,15900,15900,C03647,web
O25102001236,2025-10-20,P102,프릴 카라 블라우스,상의,L,그레이,1,32000,32000,C03499,web
O25102001237,2025-10-20,P102,프릴 카라 블라우스,상의,S,네이비,1,32000,32000,C04506,web
O25102001238,2025-10-20,P201,코튼 조거 팬츠,하의,XL,그레이,1,24000,24000,C03519,web
O25102001239,2025-10-20,P202,데님 오버올,하의,L,아이보리,1,39000,39000,C00342,web
O25102001240,2025-10-20,P301,경량 패딩 베스트,아우터,S,코랄,1,52000,52000,C00331,web
O25102101241,2025-10-21,P101,데일리 베이직 티셔츠,상의,M,코랄,1,15900,15900,C04506,web
O25102101242,2025-10-21,P101,데일리 베이직 티셔츠,상의,XL,코랄,1,15900,15900,C01291,web
O25102101243,2025-10-21,P101,데일리 베이직 티셔츠,상의,S,코랄,1,15900,15900,C00995,web
O25102101244,2025-10-21,P101,데일리 베이직 티셔츠,상의,S,네이비,1,15900,15900,C00506,web
O25102101245,2025-10-21,P101,데일리 베이직 티셔츠,상의,XS,코랄,1,15900,15900,C03023,web
O25102101246,2025-10-21,P101,데일리 베이직 티셔츠,상의,L,카키,1,15900,15900,C00089,web
O25102101247,2025-10-21,P102,프릴 카라 블라우스,상의,L,네이비,1,32000,32000,C04915,web
O25102101248,2025-10-21,P103,스트라이프 긴팔티,상의,M,아이보리,1,21000,21000,C01937,web
O25102101249,2025-10-21,P301,경량 패딩 베스트,아우터,XL,아이보리,1,52000,52000,C00051,web
O25102101250,2025-10-21,P401,플라워 원피스,원피스,L,아이보리,1,36000,36000,C01783,web
O25102101251,2025-10-21,P401,플라워 원피스,원피스,M,카키,1,36000,36000,C00712,web
O25102101252,2025-10-21,P401,플라워 원피스,원피스,M,네이비,1,36000,36000,C01626,web
O25102101253,2025-10-21,P501,상하 세트 (티+팬츠),세트,L,코랄,1,42000,42000,C00097,web
O25102101254,2025-10-21,P501,상하 세트 (티+팬츠),세트,L,네이비,1,42000,42000,C01144,web
O25102201255,2025-10-22,P102,프릴 카라 블라우스,상의,L,코랄,1,32000,32000,C02660,web
O25102201256,2025-10-22,P103,스트라이프 긴팔티,상의,L,아이보리,1,21000,21000,C03220,web
O25102201257,2025-10-22,P103,스트라이프 긴팔티,상의,M,코랄,1,21000,21000,C00242,web
O25102201258,2025-10-22,P201,코튼 조거 팬츠,하의,XL,코랄,1,24000,24000,C04369,web
O25102201259,2025-10-22,P201,코튼 조거 팬츠,하의,XL,네이비,1,24000,24000,C04072,web
O25102201260,2025-10-22,P201,코튼 조거 팬츠,하의,L,코랄,1,24000,24000,C00888,web
O25102201261,2025-10-22,P201,코튼 조거 팬츠,하의,L,네이비,1,24000,24000,C00204,web
O25102301262,2025-10-23,P101,데일리 베이직 티셔츠,상의,L,카키,1,15900,15900,C03355,web
O25102301263,2025-10-23,P102,프릴 카라 블라우스,상의,XL,그레이,1,32000,32000,C02650,web
O25102301264,2025-10-23,P102,프릴 카라 블라우스,상의,M,카키,1,32000,32000,C03073,web
O25102301265,2025-10-23,P201,코튼 조거 팬츠,하의,S,그레이,1,24000,24000,C04614,web
O25102301266,2025-10-23,P202,데님 오버올,하의,L,카키,1,39000,39000,C02570,web
O25102301267,2025-10-23,P202,데님 오버올,하의,L,아이보리,1,39000,39000,C00387,web
O25102301268,2025-10-23,P501,상하 세트 (티+팬츠),세트,L,네이비,1,42000,42000,C00405,web
O25102301269,2025-10-23,P501,상하 세트 (티+팬츠),세트,XL,그레이,1,42000,42000,C03777,web
O25102401270,2025-10-24,P101,데일리 베이직 티셔츠,상의,XS,네이비,1,15900,15900,C00608,web
O25102401271,2025-10-24,P101,데일리 베이직 티셔츠,상의,L,그레이,1,15900,15900,C02823,web
O25102401272,2025-10-24,P101,데일리 베이직 티셔츠,상의,S,카키,1,15900,15900,C01491,web
O25102401273,2025-10-24,P102,프릴 카라 블라우스,상의,L,코랄,1,32000,32000,C03666,web
O25102401274,2025-10-24,P102,프릴 카라 블라우스,상의,XL,아이보리,1,32000,32000,C02331,web
O25102401275,2025-10-24,P103,스트라이프 긴팔티,상의,S,그레이,1,21000,21000,C03329,web
O25102401276,2025-10-24,P103,스트라이프 긴팔티,상의,XS,코랄,1,21000,21000,C04028,web
O25102401277,2025-10-24,P202,데님 오버올,하의,M,네이비,1,39000,39000,C04406,web
O25102401278,2025-10-24,P202,데님 오버올,하의,S,그레이,1,39000,39000,C04293,web
O25102401279,2025-10-24,P202,데님 오버올,하의,S,카키,1,39000,39000,C00367,web
O25102401280,2025-10-24,P501,상하 세트 (티+팬츠),세트,L,그레이,1,42000,42000,C01040,web
O25102401281,2025-10-24,P501,상하 세트 (티+팬츠),세트,L,코랄,1,42000,42000,C01257,web
O25102501282,2025-10-25,P101,데일리 베이직 티셔츠,상의,S,그레이,1,15900,15900,C00454,web
O25102501283,2025-10-25,P101,데일리 베이직 티셔츠,상의,XS,카키,1,15900,15900,C00169,web
O25102501284,2025-10-25,P101,데일리 베이직 티셔츠,상의,S,코랄,1,15900,15900,C01848,web
O25102501285,2025-10-25,P102,프릴 카라 블라우스,상의,M,코랄,1,32000,32000,C00228,web
O25102501286,2025-10-25,P103,스트라이프 긴팔티,상의,L,코랄,1,21000,21000,C00823,web
O25102501287,2025-10-25,P201,코튼 조거 팬츠,하의,S,아이보리,1,24000,24000,C00174,web
O25102501288,2025-10-25,P202,데님 오버올,하의,S,그레이,1,39000,39000,C01816,web
O25102501289,2025-10-25,P202,데님 오버올,하의,L,코랄,1,39000,39000,C00209,web
O25102501290,2025-10-25,P401,플라워 원피스,원피스,L,그레이,1,36000,36000,C00028,web
O25102501291,2025-10-25,P501,상하 세트 (티+팬츠),세트,M,코랄,1,42000,42000,C02633,web
O25102501292,2025-10-25,P501,상하 세트 (티+팬츠),세트,S,카키,1,42000,42000,C00008,web
O25102501293,2025-10-25,P501,상하 세트 (티+팬츠),세트,L,카키,1,42000,42000,C00340,web
O25102501294,2025-10-25,P501,상하 세트 (티+팬츠),세트,XL,그레이,1,42000,42000,C04707,web
O25102601295,2025-10-26,P101,데일리 베이직 티셔츠,상의,XL,코랄,1,15900,15900,C02053,web
O25102601296,2025-10-26,P103,스트라이프 긴팔티,상의,M,카키,1,21000,21000,C00431,web
O25102601297,2025-10-26,P103,스트라이프 긴팔티,상의,M,그레이,1,21000,21000,C00427,web
O25102601298,2025-10-26,P202,데님 오버올,하의,L,카키,1,39000,39000,C00391,web
O25102601299,2025-10-26,P302,후드 집업 점퍼,아우터,XL,그레이,1,48000,48000,C01144,web
O25102601300,2025-10-26,P401,플라워 원피스,원피스,S,카키,1,36000,36000,C03971,web
O25102701301,2025-10-27,P101,데일리 베이직 티셔츠,상의,XL,코랄,1,15900,15900,C00311,web
O25102701302,2025-10-27,P103,스트라이프 긴팔티,상의,S,그레이,1,21000,21000,C01115,web
O25102701303,2025-10-27,P201,코튼 조거 팬츠,하의,XL,네이비,1,24000,24000,C00413,web
O25102701304,2025-10-27,P201,코튼 조거 팬츠,하의,XL,그레이,1,24000,24000,C04642,web
O25102701305,2025-10-27,P201,코튼 조거 팬츠,하의,S,아이보리,1,24000,24000,C02065,web
O25102701306,2025-10-27,P401,플라워 원피스,원피스,M,네이비,1,36000,36000,C05042,web
O25102801307,2025-10-28,P101,데일리 베이직 티셔츠,상의,XS,카키,1,15900,15900,C04849,web
O25102801308,2025-10-28,P101,데일리 베이직 티셔츠,상의,XL,네이비,1,15900,15900,C00346,web
O25102801309,2025-10-28,P102,프릴 카라 블라우스,상의,L,카키,1,32000,32000,C04675,web
O25102801310,2025-10-28,P102,프릴 카라 블라우스,상의,M,아이보리,1,32000,32000,C00365,web
O25102801311,2025-10-28,P201,코튼 조거 팬츠,하의,M,네이비,1,24000,24000,C00579,web
O25102801312,2025-10-28,P202,데님 오버올,하의,M,아이보리,1,39000,39000,C02710,web
O25102801313,2025-10-28,P301,경량 패딩 베스트,아우터,M,그레이,1,52000,52000,C01008,web
O25102801314,2025-10-28,P302,후드 집업 점퍼,아우터,S,아이보리,1,48000,48000,C00413,web
O25102901315,2025-10-29,P101,데일리 베이직 티셔츠,상의,XL,아이보리,1,15900,15900,C00233,web
O25102901316,2025-10-29,P101,데일리 베이직 티셔츠,상의,XS,아이보리,1,15900,15900,C04725,web
O25102901317,2025-10-29,P101,데일리 베이직 티셔츠,상의,M,네이비,1,15900,15900,C03413,web
O25102901318,2025-10-29,P201,코튼 조거 팬츠,하의,XS,코랄,1,24000,24000,C04608,web
O25102901319,2025-10-29,P201,코튼 조거 팬츠,하의,L,카키,1,24000,24000,C01932,web
O25102901320,2025-10-29,P202,데님 오버올,하의,M,네이비,1,39000,39000,C03293,web
O25102901321,2025-10-29,P202,데님 오버올,하의,S,네이비,1,39000,39000,C00253,web
O25102901322,2025-10-29,P202,데님 오버올,하의,L,코랄,1,39000,39000,C03464,web
O25102901323,2025-10-29,P401,플라워 원피스,원피스,L,네이비,1,36000,36000,C01216,web
O25102901324,2025-10-29,P401,플라워 원피스,원피스,S,네이비,1,36000,36000,C03627,web
O25103001325,2025-10-30,P101,데일리 베이직 티셔츠,상의,XS,그레이,1,15900,15900,C04470,web
O25103001326,2025-10-30,P101,데일리 베이직 티셔츠,상의,M,코랄,1,15900,15900,C03327,web
O25103001327,2025-10-30,P201,코튼 조거 팬츠,하의,L,카키,1,24000,24000,C00668,web
O25103001328,2025-10-30,P202,데님 오버올,하의,L,코랄,1,39000,39000,C00280,web
O25103001329,2025-10-30,P302,후드 집업 점퍼,아우터,S,아이보리,1,48000,48000,C00262,web
O25103001330,2025-10-30,P302,후드 집업 점퍼,아우터,XL,네이비,1,48000,48000,C04335,web
O25103001331,2025-10-30,P302,후드 집업 점퍼,아우터,XL,네이비,1,48000,48000,C00220,web
O25103001332,2025-10-30,P501,상하 세트 (티+팬츠),세트,XL,코랄,1,42000,42000,C00059,web
O25103101333,2025-10-31,P101,데일리 베이직 티셔츠,상의,XS,아이보리,1,15900,15900,C00426,web
O25103101334,2025-10-31,P102,프릴 카라 블라우스,상의,M,네이비,1,32000,32000,C02461,web
O25103101335,2025-10-31,P102,프릴 카라 블라우스,상의,S,카키,1,32000,32000,C01782,web
O25103101336,2025-10-31,P103,스트라이프 긴팔티,상의,XS,네이비,1,21000,21000,C00134,web
O25103101337,2025-10-31,P201,코튼 조거 팬츠,하의,L,아이보리,1,24000,24000,C00112,web
O25103101338,2025-10-31,P201,코튼 조거 팬츠,하의,S,카키,1,24000,24000,C01362,web
O25103101339,2025-10-31,P201,코튼 조거 팬츠,하의,S,그레이,1,24000,24000,C00932,web
O25103101340,2025-10-31,P401,플라워 원피스,원피스,L,카키,1,36000,36000,C00012,web
O25110101341,2025-11-01,P101,데일리 베이직 티셔츠,상의,S,코랄,1,15900,15900,C02561,web
O25110101342,2025-11-01,P102,프릴 카라 블라우스,상의,L,그레이,1,32000,32000,C00591,web
O25110101343,2025-11-01,P103,스트라이프 긴팔티,상의,L,코랄,1,21000,21000,C01094,web
O25110101344,2025-11-01,P103,스트라이프 긴팔티,상의,M,네이비,1,21000,21000,C02684,web
O25110101345,2025-11-01,P302,후드 집업 점퍼,아우터,XL,그레이,1,48000,48000,C04393,web
O25110101346,2025-11-01,P302,후드 집업 점퍼,아우터,S,네이비,1,48000,48000,C02470,web
O25110101347,2025-11-01,P501,상하 세트 (티+팬츠),세트,L,그레이,1,42000,42000,C04258,web
O25110201348,2025-11-02,P101,데일리 베이직 티셔츠,상의,M,코랄,1,15900,15900,C01072,web
O25110201349,2025-11-02,P101,데일리 베이직 티셔츠,상의,M,카키,1,15900,15900,C02615,web
O25110201350,2025-11-02,P101,데일리 베이직 티셔츠,상의,S,그레이,1,15900,15900,C00461,web
O25110201351,2025-11-02,P102,프릴 카라 블라우스,상의,S,카키,1,32000,32000,C00307,web
O25110201352,2025-11-02,P102,프릴 카라 블라우스,상의,XL,아이보리,1,32000,32000,C02740,web
O25110201353,2025-11-02,P103,스트라이프 긴팔티,상의,S,아이보리,1,21000,21000,C01491,web
O25110201354,2025-11-02,P201,코튼 조거 팬츠,하의,S,카키,1,24000,24000,C04482,web
O25110201355,2025-11-02,P202,데님 오버올,하의,M,코랄,1,39000,39000,C01553,web
O25110201356,2025-11-02,P202,데님 오버올,하의,M,코랄,1,39000,39000,C05133,web
O25110201357,2025-11-02,P301,경량 패딩 베스트,아우터,S,코랄,1,52000,52000,C01395,web
O25110201358,2025-11-02,P302,후드 집업 점퍼,아우터,S,네이비,1,48000,48000,C02311,web
O25110201359,2025-11-02,P302,후드 집업 점퍼,아우터,M,아이보리,1,48000,48000,C00024,web
O25110201360,2025-11-02,P401,플라워 원피스,원피스,L,네이비,1,36000,36000,C01848,web
O25110201361,2025-11-02,P501,상하 세트 (티+팬츠),세트,L,카키,1,42000,42000,C04436,web
O25110301362,2025-11-03,P101,데일리 베이직 티셔츠,상의,XS,아이보리,1,15900,15900,C03147,web
O25110301363,2025-11-03,P201,코튼 조거 팬츠,하의,XS,코랄,1,24000,24000,C00302,web
O25110301364,2025-11-03,P202,데님 오버올,하의,S,그레이,1,39000,39000,C00229,web
O25110301365,2025-11-03,P301,경량 패딩 베스트,아우터,XL,아이보리,1,52000,52000,C00323,web
O25110301366,2025-11-03,P301,경량 패딩 베스트,아우터,XL,아이보리,1,52000,52000,C01970,web
O25110301367,2025-11-03,P302,후드 집업 점퍼,아우터,XL,카키,1,48000,48000,C00346,web
O25110301368,2025-11-03,P302,후드 집업 점퍼,아우터,S,카키,1,48000,48000,C01103,web
O25110301369,2025-11-03,P302,후드 집업 점퍼,아우터,M,카키,1,48000,48000,C01056,web
O25110401370,2025-11-04,P101,데일리 베이직 티셔츠,상의,L,네이비,1,15900,15900,C01309,web
O25110401371,2025-11-04,P101,데일리 베이직 티셔츠,상의,M,카키,1,15900,15900,C01556,web
O25110401372,2025-11-04,P101,데일리 베이직 티셔츠,상의,S,그레이,1,15900,15900,C03825,web
O25110401373,2025-11-04,P102,프릴 카라 블라우스,상의,XL,아이보리,1,32000,32000,C01858,web
O25110401374,2025-11-04,P102,프릴 카라 블라우스,상의,S,그레이,1,32000,32000,C00537,web
O25110401375,2025-11-04,P201,코튼 조거 팬츠,하의,M,카키,1,24000,24000,C03045,web
O25110401376,2025-11-04,P201,코튼 조거 팬츠,하의,XL,네이비,1,24000,24000,C00536,web
O25110401377,2025-11-04,P301,경량 패딩 베스트,아우터,XL,카키,1,52000,52000,C00140,web
O25110401378,2025-11-04,P501,상하 세트 (티+팬츠),세트,XL,그레이,1,42000,42000,C00177,web
O25110401379,2025-11-04,P501,상하 세트 (티+팬츠),세트,S,카키,1,42000,42000,C03951,web
O25110501380,2025-11-05,P101,데일리 베이직 티셔츠,상의,M,그레이,1,15900,15900,C00403,web
O25110501381,2025-11-05,P103,스트라이프 긴팔티,상의,S,아이보리,1,21000,21000,C04576,web
O25110501382,2025-11-05,P103,스트라이프 긴팔티,상의,S,아이보리,1,21000,21000,C01625,web
O25110501383,2025-11-05,P201,코튼 조거 팬츠,하의,XL,코랄,1,24000,24000,C02059,web
O25110501384,2025-11-05,P201,코튼 조거 팬츠,하의,L,그레이,1,24000,24000,C00339,web
O25110501385,2025-11-05,P301,경량 패딩 베스트,아우터,M,네이비,1,52000,52000,C00275,web
O25110501386,2025-11-05,P301,경량 패딩 베스트,아우터,S,아이보리,1,52000,52000,C02072,web
O25110501387,2025-11-05,P302,후드 집업 점퍼,아우터,M,코랄,1,48000,48000,C02867,web
O25110501388,2025-11-05,P302,후드 집업 점퍼,아우터,XL,아이보리,1,48000,48000,C00011,web
O25110501389,2025-11-05,P302,후드 집업 점퍼,아우터,M,카키,1,48000,48000,C01051,web
O25110601390,2025-11-06,P101,데일리 베이직 티셔츠,상의,S,네이비,1,15900,15900,C00399,web
O25110601391,2025-11-06,P102,프릴 카라 블라우스,상의,M,코랄,1,32000,32000,C01809,web
O25110601392,2025-11-06,P201,코튼 조거 팬츠,하의,S,네이비,1,24000,24000,C03882,web
O25110601393,2025-11-06,P201,코튼 조거 팬츠,하의,XS,코랄,1,24000,24000,C01232,web
O25110601394,2025-11-06,P201,코튼 조거 팬츠,하의,L,아이보리,1,24000,24000,C00046,web
O25110601395,2025-11-06,P301,경량 패딩 베스트,아우터,S,카키,1,52000,52000,C00041,web
O25110601396,2025-11-06,P301,경량 패딩 베스트,아우터,L,코랄,1,52000,52000,C01454,web
O25110601397,2025-11-06,P301,경량 패딩 베스트,아우터,XL,그레이,1,52000,52000,C02040,web
O25110601398,2025-11-06,P302,후드 집업 점퍼,아우터,XL,아이보리,1,48000,48000,C01875,web
O25110601399,2025-11-06,P302,후드 집업 점퍼,아우터,XL,아이보리,1,48000,48000,C00196,web
O25110601400,2025-11-06,P501,상하 세트 (티+팬츠),세트,M,코랄,1,42000,42000,C01776,web
O25110701401,2025-11-07,P103,스트라이프 긴팔티,상의,XS,그레이,1,21000,21000,C04919,web
O25110701402,2025-11-07,P103,스트라이프 긴팔티,상의,M,네이비,1,21000,21000,C00377,web
O25110701403,2025-11-07,P201,코튼 조거 팬츠,하의,S,네이비,1,24000,24000,C04406,web
O25110701404,2025-11-07,P202,데님 오버올,하의,S,네이비,1,39000,39000,C01372,web
O25110701405,2025-11-07,P301,경량 패딩 베스트,아우터,XL,네이비,1,52000,52000,C00526,web
O25110701406,2025-11-07,P302,후드 집업 점퍼,아우터,L,카키,1,48000,48000,C03004,web
O25110701407,2025-11-07,P501,상하 세트 (티+팬츠),세트,L,코랄,1,42000,42000,C00600,web
O25110701408,2025-11-07,P501,상하 세트 (티+팬츠),세트,XL,네이비,1,42000,42000,C01415,web
O25110701409,2025-11-07,P501,상하 세트 (티+팬츠),세트,M,코랄,1,42000,42000,C00109,web
O25110801410,2025-11-08,P101,데일리 베이직 티셔츠,상의,L,코랄,1,15900,15900,C00881,web
O25110801411,2025-11-08,P102,프릴 카라 블라우스,상의,XL,그레이,1,32000,32000,C04713,web
O25110801412,2025-11-08,P201,코튼 조거 팬츠,하의,XS,아이보리,1,24000,24000,C04870,web
O25110801413,2025-11-08,P202,데님 오버올,하의,M,그레이,1,39000,39000,C02347,web
O25110801414,2025-11-08,P202,데님 오버올,하의,M,카키,1,39000,39000,C00979,web
O25110801415,2025-11-08,P301,경량 패딩 베스트,아우터,M,네이비,1,52000,52000,C01160,web
O25110801416,2025-11-08,P302,후드 집업 점퍼,아우터,M,네이비,1,48000,48000,C02125,web
O25110801417,2025-11-08,P501,상하 세트 (티+팬츠),세트,L,그레이,1,42000,42000,C00308,web
O25110901418,2025-11-09,P101,데일리 베이직 티셔츠,상의,M,코랄,1,15900,15900,C02998,web
O25110901419,2025-11-09,P102,프릴 카라 블라우스,상의,M,그레이,1,32000,32000,C03231,web
O25110901420,2025-11-09,P103,스트라이프 긴팔티,상의,XS,카키,1,21000,21000,C03717,web
O25110901421,2025-11-09,P301,경량 패딩 베스트,아우터,L,네이비,1,52000,52000,C02520,web
O25110901422,2025-11-09,P301,경량 패딩 베스트,아우터,XL,코랄,1,52000,52000,C00249,web
O25110901423,2025-11-09,P302,후드 집업 점퍼,아우터,M,아이보리,1,48000,48000,C00494,web
O25110901424,2025-11-09,P302,후드 집업 점퍼,아우터,S,그레이,1,48000,48000,C00166,web
O25110901425,2025-11-09,P302,후드 집업 점퍼,아우터,XL,네이비,1,48000,48000,C02277,web
O25110901426,2025-11-09,P302,후드 집업 점퍼,아우터,S,네이비,1,48000,48000,C00504,web
O25110901427,2025-11-09,P401,플라워 원피스,원피스,L,그레이,1,36000,36000,C00192,web
O25110901428,2025-11-09,P401,플라워 원피스,원피스,M,카키,1,36000,36000,C00990,web
O25110901429,2025-11-09,P501,상하 세트 (티+팬츠),세트,XL,네이비,1,42000,42000,C02064,web
O25111001430,2025-11-10,P103,스트라이프 긴팔티,상의,L,아이보리,1,21000,21000,C00209,web
O25111001431,2025-11-10,P103,스트라이프 긴팔티,상의,S,코랄,1,21000,21000,C04049,web
O25111001432,2025-11-10,P201,코튼 조거 팬츠,하의,XL,네이비,1,24000,24000,C00116,web
O25111001433,2025-11-10,P202,데님 오버올,하의,S,아이보리,1,39000,39000,C04080,web
O25111001434,2025-11-10,P202,데님 오버올,하의,S,네이비,1,39000,39000,C00293,web
O25111001435,2025-11-10,P301,경량 패딩 베스트,아우터,M,코랄,1,52000,52000,C04329,web
O25111001436,2025-11-10,P301,경량 패딩 베스트,아우터,XL,네이비,1,52000,52000,C00258,web
O25111001437,2025-11-10,P301,경량 패딩 베스트,아우터,S,그레이,1,52000,52000,C03197,web
O25111001438,2025-11-10,P302,후드 집업 점퍼,아우터,S,그레이,1,48000,48000,C04840,web
O25111001439,2025-11-10,P401,플라워 원피스,원피스,S,네이비,1,36000,36000,C00809,web
O25111001440,2025-11-10,P501,상하 세트 (티+팬츠),세트,S,아이보리,1,42000,42000,C01389,web
O25111001441,2025-11-10,P501,상하 세트 (티+팬츠),세트,M,네이비,1,42000,42000,C00715,web
O25111001442,2025-11-10,P501,상하 세트 (티+팬츠),세트,L,카키,1,42000,42000,C04867,web
O25111001443,2025-11-10,P502,잠옷 세트,세트,XS,카키,1,28000,28000,C00326,web
O25111101444,2025-11-11,P201,코튼 조거 팬츠,하의,M,코랄,1,24000,24000,C03492,web
O25111101445,2025-11-11,P201,코튼 조거 팬츠,하의,XL,코랄,1,24000,24000,C03304,web
O25111101446,2025-11-11,P201,코튼 조거 팬츠,하의,M,카키,1,24000,24000,C01660,web
O25111101447,2025-11-11,P202,데님 오버올,하의,S,아이보리,1,39000,39000,C00398,web
O25111101448,2025-11-11,P301,경량 패딩 베스트,아우터,XL,네이비,1,52000,52000,C03062,web
O25111101449,2025-11-11,P502,잠옷 세트,세트,S,그레이,1,28000,28000,C02890,web
O25111101450,2025-11-11,P502,잠옷 세트,세트,XS,코랄,1,28000,28000,C00476,web
O25111201451,2025-11-12,P101,데일리 베이직 티셔츠,상의,M,카키,1,15900,15900,C03165,web
O25111201452,2025-11-12,P101,데일리 베이직 티셔츠,상의,XL,그레이,1,15900,15900,C02292,web
O25111201453,2025-11-12,P102,프릴 카라 블라우스,상의,S,카키,1,32000,32000,C00697,web
O25111201454,2025-11-12,P301,경량 패딩 베스트,아우터,S,네이비,1,52000,52000,C01877,web
O25111201455,2025-11-12,P301,경량 패딩 베스트,아우터,L,코랄,1,52000,52000,C01532,web
O25111201456,2025-11-12,P302,후드 집업 점퍼,아우터,M,코랄,1,48000,48000,C00877,web
O25111201457,2025-11-12,P502,잠옷 세트,세트,M,코랄,1,28000,28000,C04986,web
O25111301458,2025-11-13,P101,데일리 베이직 티셔츠,상의,XL,카키,1,15900,15900,C00100,web
O25111301459,2025-11-13,P101,데일리 베이직 티셔츠,상의,L,코랄,1,15900,15900,C02778,web
O25111301460,2025-11-13,P101,데일리 베이직 티셔츠,상의,XL,코랄,1,15900,15900,C01631,web
O25111301461,2025-11-13,P102,프릴 카라 블라우스,상의,XL,네이비,1,32000,32000,C03940,web
O25111301462,2025-11-13,P104,고밀도 맨투맨,상의,2XL,코랄,1,29000,29000,C04022,web
O25111301463,2025-11-13,P104,고밀도 맨투맨,상의,XL,그레이,1,29000,29000,C00747,web
O25111301464,2025-11-13,P202,데님 오버올,하의,S,네이비,1,39000,39000,C03039,web
O25111301465,2025-11-13,P301,경량 패딩 베스트,아우터,S,아이보리,1,52000,52000,C02521,web
O25111301466,2025-11-13,P302,후드 집업 점퍼,아우터,L,네이비,1,48000,48000,C05176,web
O25111301467,2025-11-13,P501,상하 세트 (티+팬츠),세트,XL,그레이,1,42000,42000,C00455,web
O25111301468,2025-11-13,P501,상하 세트 (티+팬츠),세트,S,네이비,1,42000,42000,C00003,web
O25111301469,2025-11-13,P502,잠옷 세트,세트,L,네이비,1,28000,28000,C04506,web
O25111301470,2025-11-13,P502,잠옷 세트,세트,S,카키,1,28000,28000,C04193,web
O25111401471,2025-11-14,P101,데일리 베이직 티셔츠,상의,L,카키,1,15900,15900,C00040,web
O25111401472,2025-11-14,P101,데일리 베이직 티셔츠,상의,S,코랄,1,15900,15900,C04255,web
O25111401473,2025-11-14,P102,프릴 카라 블라우스,상의,XL,그레이,1,32000,32000,C01607,web
O25111401474,2025-11-14,P201,코튼 조거 팬츠,하의,M,네이비,1,24000,24000,C00839,web
O25111401475,2025-11-14,P201,코튼 조거 팬츠,하의,S,카키,1,24000,24000,C03138,web
O25111401476,2025-11-14,P301,경량 패딩 베스트,아우터,L,코랄,1,52000,52000,C04345,web
O25111401477,2025-11-14,P302,후드 집업 점퍼,아우터,M,코랄,1,48000,48000,C00061,web
O25111401478,2025-11-14,P302,후드 집업 점퍼,아우터,S,아이보리,1,48000,48000,C03323,web
O25111401479,2025-11-14,P502,잠옷 세트,세트,S,카키,1,28000,28000,C00160,web
O25111501480,2025-11-15,P101,데일리 베이직 티셔츠,상의,XL,카키,1,15900,15900,C00327,web
O25111501481,2025-11-15,P102,프릴 카라 블라우스,상의,M,네이비,1,32000,32000,C00441,web
O25111501482,2025-11-15,P103,스트라이프 긴팔티,상의,S,그레이,1,21000,21000,C00150,web
O25111501483,2025-11-15,P103,스트라이프 긴팔티,상의,XS,코랄,1,21000,21000,C01930,web
O25111501484,2025-11-15,P104,고밀도 맨투맨,상의,XL,코랄,1,29000,29000,C02437,web
O25111501485,2025-11-15,P104,고밀도 맨투맨,상의,XL,카키,1,29000,29000,C01435,web
O25111501486,2025-11-15,P201,코튼 조거 팬츠,하의,XL,카키,1,24000,24000,C05046,web
O25111501487,2025-11-15,P301,경량 패딩 베스트,아우터,S,네이비,1,52000,52000,C03018,web
O25111501488,2025-11-15,P302,후드 집업 점퍼,아우터,XL,코랄,1,48000,48000,C02526,web
O25111501489,2025-11-15,P302,후드 집업 점퍼,아우터,S,코랄,1,48000,48000,C02852,web
O25111501490,2025-11-15,P302,후드 집업 점퍼,아우터,L,코랄,1,48000,48000,C01413,web
O25111501491,2025-11-15,P302,후드 집업 점퍼,아우터,M,코랄,1,48000,48000,C00872,web
O25111501492,2025-11-15,P401,플라워 원피스,원피스,L,네이비,1,36000,36000,C04574,web
O25111501493,2025-11-15,P501,상하 세트 (티+팬츠),세트,L,아이보리,1,42000,42000,C02960,web
O25111501494,2025-11-15,P501,상하 세트 (티+팬츠),세트,XL,네이비,1,42000,42000,C00489,web
O25111501495,2025-11-15,P502,잠옷 세트,세트,L,그레이,1,28000,28000,C00244,web
O25111501496,2025-11-15,P502,잠옷 세트,세트,L,아이보리,1,28000,28000,C00029,web
O25111501497,2025-11-15,P502,잠옷 세트,세트,M,아이보리,1,28000,28000,C04480,web
O25111601498,2025-11-16,P103,스트라이프 긴팔티,상의,S,코랄,1,21000,21000,C03754,web
O25111601499,2025-11-16,P104,고밀도 맨투맨,상의,M,카키,1,29000,29000,C03751,web
O25111601500,2025-11-16,P201,코튼 조거 팬츠,하의,L,네이비,1,24000,24000,C00238,web
O25111601501,2025-11-16,P201,코튼 조거 팬츠,하의,S,아이보리,1,24000,24000,C05038,web
O25111601502,2025-11-16,P202,데님 오버올,하의,S,카키,1,39000,39000,C01549,web
O25111601503,2025-11-16,P301,경량 패딩 베스트,아우터,M,코랄,1,52000,52000,C01100,web
O25111601504,2025-11-16,P401,플라워 원피스,원피스,L,네이비,1,36000,36000,C04039,web
O25111601505,2025-11-16,P501,상하 세트 (티+팬츠),세트,S,아이보리,1,42000,42000,C05035,web
O25111601506,2025-11-16,P501,상하 세트 (티+팬츠),세트,S,아이보리,1,42000,42000,C00692,web
O25111701507,2025-11-17,P101,데일리 베이직 티셔츠,상의,M,카키,1,15900,15900,C04176,web
O25111701508,2025-11-17,P101,데일리 베이직 티셔츠,상의,XL,그레이,1,15900,15900,C02456,web
O25111701509,2025-11-17,P101,데일리 베이직 티셔츠,상의,L,아이보리,1,15900,15900,C00898,web
O25111701510,2025-11-17,P101,데일리 베이직 티셔츠,상의,L,카키,1,15900,15900,C05155,web
O25111701511,2025-11-17,P101,데일리 베이직 티셔츠,상의,XS,카키,1,15900,15900,C04739,web
O25111701512,2025-11-17,P102,프릴 카라 블라우스,상의,S,아이보리,1,32000,32000,C03470,web
O25111701513,2025-11-17,P102,프릴 카라 블라우스,상의,L,코랄,1,32000,32000,C00353,web
O25111701514,2025-11-17,P202,데님 오버올,하의,L,코랄,1,39000,39000,C00015,web
O25111701515,2025-11-17,P301,경량 패딩 베스트,아우터,S,코랄,1,52000,52000,C00059,web
O25111701516,2025-11-17,P302,후드 집업 점퍼,아우터,XL,그레이,1,48000,48000,C00046,web
O25111701517,2025-11-17,P302,후드 집업 점퍼,아우터,S,아이보리,1,48000,48000,C04213,web
O25111701518,2025-11-17,P302,후드 집업 점퍼,아우터,S,아이보리,1,48000,48000,C00423,web
O25111701519,2025-11-17,P401,플라워 원피스,원피스,L,그레이,1,36000,36000,C02148,web
O25111701520,2025-11-17,P501,상하 세트 (티+팬츠),세트,M,코랄,1,42000,42000,C04414,web
O25111701521,2025-11-17,P502,잠옷 세트,세트,L,아이보리,1,28000,28000,C01097,web
O25111701522,2025-11-17,P502,잠옷 세트,세트,XS,그레이,1,28000,28000,C00412,web
O25111701523,2025-11-17,P502,잠옷 세트,세트,L,카키,1,28000,28000,C00122,web
O25111801524,2025-11-18,P101,데일리 베이직 티셔츠,상의,XS,카키,1,15900,15900,C04295,web
O25111801525,2025-11-18,P101,데일리 베이직 티셔츠,상의,XL,그레이,1,15900,15900,C00249,web
O25111801526,2025-11-18,P102,프릴 카라 블라우스,상의,S,코랄,1,32000,32000,C00359,web
O25111801527,2025-11-18,P103,스트라이프 긴팔티,상의,M,그레이,1,21000,21000,C03142,web
O25111801528,2025-11-18,P104,고밀도 맨투맨,상의,2XL,아이보리,1,29000,29000,C00358,web
O25111801529,2025-11-18,P202,데님 오버올,하의,M,코랄,1,39000,39000,C02869,web
O25111801530,2025-11-18,P202,데님 오버올,하의,M,네이비,1,39000,39000,C00463,web
O25111801531,2025-11-18,P301,경량 패딩 베스트,아우터,L,네이비,1,52000,52000,C00222,web
O25111801532,2025-11-18,P301,경량 패딩 베스트,아우터,M,코랄,1,52000,52000,C00539,web
O25111801533,2025-11-18,P301,경량 패딩 베스트,아우터,L,카키,1,52000,52000,C01001,web
O25111801534,2025-11-18,P301,경량 패딩 베스트,아우터,XL,네이비,1,52000,52000,C00838,web
O25111801535,2025-11-18,P301,경량 패딩 베스트,아우터,S,아이보리,1,52000,52000,C03726,web
O25111801536,2025-11-18,P302,후드 집업 점퍼,아우터,S,그레이,1,48000,48000,C00738,web
O25111801537,2025-11-18,P302,후드 집업 점퍼,아우터,XL,네이비,1,48000,48000,C00350,web
O25111801538,2025-11-18,P501,상하 세트 (티+팬츠),세트,M,네이비,1,42000,42000,C03799,web
O25111901539,2025-11-19,P102,프릴 카라 블라우스,상의,XL,카키,1,32000,32000,C00046,web
O25111901540,2025-11-19,P103,스트라이프 긴팔티,상의,M,아이보리,1,21000,21000,C00061,web
O25111901541,2025-11-19,P201,코튼 조거 팬츠,하의,M,아이보리,1,24000,24000,C00428,web
O25111901542,2025-11-19,P201,코튼 조거 팬츠,하의,S,카키,1,24000,24000,C03485,web
O25111901543,2025-11-19,P201,코튼 조거 팬츠,하의,L,코랄,1,24000,24000,C00961,web
O25111901544,2025-11-19,P301,경량 패딩 베스트,아우터,S,카키,1,52000,52000,C00204,web
O25111901545,2025-11-19,P302,후드 집업 점퍼,아우터,S,코랄,1,48000,48000,C01214,web
O25111901546,2025-11-19,P302,후드 집업 점퍼,아우터,S,아이보리,1,48000,48000,C00499,web
O25111901547,2025-11-19,P502,잠옷 세트,세트,S,그레이,1,28000,28000,C04830,web
O25112001548,2025-11-20,P101,데일리 베이직 티셔츠,상의,XS,네이비,1,15900,15900,C00322,web
O25112001549,2025-11-20,P101,데일리 베이직 티셔츠,상의,L,네이비,1,15900,15900,C01671,web
O25112001550,2025-11-20,P101,데일리 베이직 티셔츠,상의,L,카키,1,15900,15900,C03864,web
O25112001551,2025-11-20,P101,데일리 베이직 티셔츠,상의,XS,네이비,1,15900,15900,C04595,web
O25112001552,2025-11-20,P102,프릴 카라 블라우스,상의,M,네이비,1,32000,32000,C01278,web
O25112001553,2025-11-20,P102,프릴 카라 블라우스,상의,S,아이보리,1,32000,32000,C01992,web
O25112001554,2025-11-20,P104,고밀도 맨투맨,상의,L,카키,1,29000,29000,C00547,web
O25112001555,2025-11-20,P104,고밀도 맨투맨,상의,M,그레이,1,29000,29000,C04529,web
O25112001556,2025-11-20,P301,경량 패딩 베스트,아우터,S,네이비,1,52000,52000,C01104,web
O25112001557,2025-11-20,P302,후드 집업 점퍼,아우터,M,카키,1,48000,48000,C00464,web
O25112001558,2025-11-20,P501,상하 세트 (티+팬츠),세트,M,그레이,1,42000,42000,C00384,web
O25112001559,2025-11-20,P501,상하 세트 (티+팬츠),세트,XL,아이보리,1,42000,42000,C01177,web
O25112001560,2025-11-20,P501,상하 세트 (티+팬츠),세트,XL,그레이,1,42000,42000,C02625,web
O25112001561,2025-11-20,P502,잠옷 세트,세트,L,카키,1,28000,28000,C01893,web
O25112101562,2025-11-21,P101,데일리 베이직 티셔츠,상의,L,카키,1,15900,15900,C01419,web
O25112101563,2025-11-21,P102,프릴 카라 블라우스,상의,M,코랄,1,32000,32000,C00114,web
O25112101564,2025-11-21,P102,프릴 카라 블라우스,상의,L,그레이,1,32000,32000,C02719,web
O25112101565,2025-11-21,P102,프릴 카라 블라우스,상의,M,카키,1,32000,32000,C00560,web
O25112101566,2025-11-21,P103,스트라이프 긴팔티,상의,L,코랄,1,21000,21000,C04901,web
O25112101567,2025-11-21,P103,스트라이프 긴팔티,상의,XS,아이보리,1,21000,21000,C05077,web
O25112101568,2025-11-21,P201,코튼 조거 팬츠,하의,L,그레이,1,24000,24000,C04277,web
O25112101569,2025-11-21,P301,경량 패딩 베스트,아우터,L,네이비,1,52000,52000,C00417,web
O25112101570,2025-11-21,P501,상하 세트 (티+팬츠),세트,XL,아이보리,1,42000,42000,C03425,web
O25112201571,2025-11-22,P101,데일리 베이직 티셔츠,상의,XL,코랄,1,15900,15900,C02166,web
O25112201572,2025-11-22,P102,프릴 카라 블라우스,상의,L,카키,1,32000,32000,C01158,web
O25112201573,2025-11-22,P201,코튼 조거 팬츠,하의,XS,카키,1,24000,24000,C01361,web
O25112201574,2025-11-22,P301,경량 패딩 베스트,아우터,S,아이보리,1,52000,52000,C05013,web
O25112201575,2025-11-22,P301,경량 패딩 베스트,아우터,XL,코랄,1,52000,52000,C00781,web
O25112201576,2025-11-22,P301,경량 패딩 베스트,아우터,XL,카키,1,52000,52000,C04527,web
O25112201577,2025-11-22,P501,상하 세트 (티+팬츠),세트,S,그레이,1,42000,42000,C01064,web
O25112201578,2025-11-22,P501,상하 세트 (티+팬츠),세트,XL,코랄,1,42000,42000,C00539,web
O25112201579,2025-11-22,P502,잠옷 세트,세트,L,코랄,1,28000,28000,C03721,web
O25112201580,2025-11-22,P502,잠옷 세트,세트,XS,네이비,1,28000,28000,C00363,web
O25112301581,2025-11-23,P101,데일리 베이직 티셔츠,상의,S,네이비,1,15900,15900,C02446,web
O25112301582,2025-11-23,P101,데일리 베이직 티셔츠,상의,S,코랄,1,15900,15900,C01699,web
O25112301583,2025-11-23,P102,프릴 카라 블라우스,상의,S,그레이,1,32000,32000,C04316,web
O25112301584,2025-11-23,P103,스트라이프 긴팔티,상의,M,네이비,1,21000,21000,C04584,web
O25112301585,2025-11-23,P103,스트라이프 긴팔티,상의,XS,카키,1,21000,21000,C00174,web
O25112301586,2025-11-23,P103,스트라이프 긴팔티,상의,L,코랄,1,21000,21000,C01081,web
O25112301587,2025-11-23,P104,고밀도 맨투맨,상의,2XL,코랄,1,29000,29000,C01351,web
O25112301588,2025-11-23,P201,코튼 조거 팬츠,하의,M,네이비,1,24000,24000,C04592,web
O25112301589,2025-11-23,P201,코튼 조거 팬츠,하의,L,그레이,1,24000,24000,C02053,web
O25112301590,2025-11-23,P201,코튼 조거 팬츠,하의,XS,카키,1,24000,24000,C02853,web
O25112301591,2025-11-23,P301,경량 패딩 베스트,아우터,S,아이보리,1,52000,52000,C01710,web
O25112301592,2025-11-23,P301,경량 패딩 베스트,아우터,S,아이보리,1,52000,52000,C02741,web
O25112301593,2025-11-23,P302,후드 집업 점퍼,아우터,L,아이보리,1,48000,48000,C02358,web
O25112301594,2025-11-23,P302,후드 집업 점퍼,아우터,L,카키,1,48000,48000,C04031,web
O25112301595,2025-11-23,P501,상하 세트 (티+팬츠),세트,L,아이보리,1,42000,42000,C00334,web
O25112301596,2025-11-23,P501,상하 세트 (티+팬츠),세트,M,그레이,1,42000,42000,C00278,web
O25112301597,2025-11-23,P502,잠옷 세트,세트,M,그레이,1,28000,28000,C03390,web
O25112401598,2025-11-24,P101,데일리 베이직 티셔츠,상의,L,코랄,1,15900,15900,C04592,web
O25112401599,2025-11-24,P101,데일리 베이직 티셔츠,상의,M,코랄,1,15900,15900,C00557,web
O25112401600,2025-11-24,P301,경량 패딩 베스트,아우터,S,카키,1,52000,52000,C00537,web
O25112401601,2025-11-24,P301,경량 패딩 베스트,아우터,S,네이비,1,52000,52000,C02735,web
O25112401602,2025-11-24,P302,후드 집업 점퍼,아우터,XL,네이비,1,48000,48000,C00202,web
O25112401603,2025-11-24,P501,상하 세트 (티+팬츠),세트,XL,그레이,1,42000,42000,C01827,web
O25112401604,2025-11-24,P502,잠옷 세트,세트,S,네이비,1,28000,28000,C03655,web
O25112401605,2025-11-24,P502,잠옷 세트,세트,XS,그레이,1,28000,28000,C00832,web
O25112501606,2025-11-25,P101,데일리 베이직 티셔츠,상의,L,코랄,1,15900,15900,C01200,web
O25112501607,2025-11-25,P103,스트라이프 긴팔티,상의,L,네이비,1,21000,21000,C02567,web
O25112501608,2025-11-25,P104,고밀도 맨투맨,상의,XL,아이보리,1,29000,29000,C00473,web
O25112501609,2025-11-25,P201,코튼 조거 팬츠,하의,L,코랄,1,24000,24000,C01752,web
O25112501610,2025-11-25,P201,코튼 조거 팬츠,하의,XL,카키,1,24000,24000,C01565,web
O25112501611,2025-11-25,P202,데님 오버올,하의,M,아이보리,1,39000,39000,C00569,web
O25112501612,2025-11-25,P301,경량 패딩 베스트,아우터,XL,코랄,1,52000,52000,C04884,web
O25112501613,2025-11-25,P401,플라워 원피스,원피스,S,네이비,1,36000,36000,C00166,web
O25112501614,2025-11-25,P401,플라워 원피스,원피스,L,카키,1,36000,36000,C00109,web
O25112501615,2025-11-25,P501,상하 세트 (티+팬츠),세트,M,네이비,1,42000,42000,C00940,web
O25112501616,2025-11-25,P501,상하 세트 (티+팬츠),세트,S,카키,1,42000,42000,C00764,web
O25112501617,2025-11-25,P502,잠옷 세트,세트,S,아이보리,1,28000,28000,C02788,web
O25112501618,2025-11-25,P502,잠옷 세트,세트,XS,코랄,1,28000,28000,C00269,web
O25112601619,2025-11-26,P101,데일리 베이직 티셔츠,상의,M,아이보리,1,15900,15900,C03624,web
O25112601620,2025-11-26,P201,코튼 조거 팬츠,하의,S,아이보리,1,24000,24000,C00370,web
O25112601621,2025-11-26,P202,데님 오버올,하의,L,카키,1,39000,39000,C01320,web
O25112601622,2025-11-26,P202,데님 오버올,하의,S,카키,1,39000,39000,C00465,web
O25112601623,2025-11-26,P302,후드 집업 점퍼,아우터,M,코랄,1,48000,48000,C04327,web
O25112601624,2025-11-26,P302,후드 집업 점퍼,아우터,L,그레이,1,48000,48000,C03519,web
O25112601625,2025-11-26,P401,플라워 원피스,원피스,M,코랄,1,36000,36000,C02836,web
O25112601626,2025-11-26,P501,상하 세트 (티+팬츠),세트,L,네이비,1,42000,42000,C00813,web
O25112601627,2025-11-26,P501,상하 세트 (티+팬츠),세트,XL,코랄,1,42000,42000,C02357,web
O25112601628,2025-11-26,P501,상하 세트 (티+팬츠),세트,S,네이비,1,42000,42000,C03801,web
O25112601629,2025-11-26,P501,상하 세트 (티+팬츠),세트,XL,그레이,1,42000,42000,C03905,web
O25112701630,2025-11-27,P101,데일리 베이직 티셔츠,상의,L,네이비,1,15900,15900,C00552,web
O25112701631,2025-11-27,P101,데일리 베이직 티셔츠,상의,M,카키,1,15900,15900,C01125,web
O25112701632,2025-11-27,P102,프릴 카라 블라우스,상의,L,아이보리,1,32000,32000,C00069,web
O25112701633,2025-11-27,P102,프릴 카라 블라우스,상의,S,그레이,1,32000,32000,C02951,web
O25112701634,2025-11-27,P104,고밀도 맨투맨,상의,M,그레이,1,29000,29000,C00257,web
O25112701635,2025-11-27,P201,코튼 조거 팬츠,하의,XS,카키,1,24000,24000,C00771,web
O25112701636,2025-11-27,P301,경량 패딩 베스트,아우터,XL,아이보리,1,52000,52000,C01751,web
O25112701637,2025-11-27,P301,경량 패딩 베스트,아우터,XL,코랄,1,52000,52000,C02833,web
O25112701638,2025-11-27,P302,후드 집업 점퍼,아우터,XL,아이보리,1,48000,48000,C00575,web
O25112701639,2025-11-27,P302,후드 집업 점퍼,아우터,S,코랄,1,48000,48000,C00206,web
O25112701640,2025-11-27,P501,상하 세트 (티+팬츠),세트,S,그레이,1,42000,42000,C01708,web
O25112701641,2025-11-27,P501,상하 세트 (티+팬츠),세트,L,카키,1,42000,42000,C05110,web
O25112701642,2025-11-27,P501,상하 세트 (티+팬츠),세트,S,코랄,1,42000,42000,C00570,web
O25112701643,2025-11-27,P502,잠옷 세트,세트,L,카키,1,28000,28000,C01824,web
O25112801644,2025-11-28,P102,프릴 카라 블라우스,상의,S,코랄,1,32000,32000,C03167,web
O25112801645,2025-11-28,P102,프릴 카라 블라우스,상의,M,그레이,1,32000,32000,C00816,web
O25112801646,2025-11-28,P103,스트라이프 긴팔티,상의,M,코랄,1,21000,21000,C02318,web
O25112801647,2025-11-28,P103,스트라이프 긴팔티,상의,M,카키,1,21000,21000,C02161,web
O25112801648,2025-11-28,P201,코튼 조거 팬츠,하의,M,카키,1,24000,24000,C04971,web
O25112801649,2025-11-28,P201,코튼 조거 팬츠,하의,M,아이보리,1,24000,24000,C03922,web
O25112801650,2025-11-28,P201,코튼 조거 팬츠,하의,L,아이보리,1,24000,24000,C02073,web
O25112801651,2025-11-28,P302,후드 집업 점퍼,아우터,M,그레이,1,48000,48000,C03584,web
O25112801652,2025-11-28,P302,후드 집업 점퍼,아우터,XL,그레이,1,48000,48000,C00647,web
O25112801653,2025-11-28,P401,플라워 원피스,원피스,L,카키,1,36000,36000,C00189,web
O25112801654,2025-11-28,P501,상하 세트 (티+팬츠),세트,L,아이보리,1,42000,42000,C03616,web
O25112801655,2025-11-28,P502,잠옷 세트,세트,M,코랄,1,28000,28000,C00377,web
O25112901656,2025-11-29,P101,데일리 베이직 티셔츠,상의,S,네이비,1,15900,15900,C00544,web
O25112901657,2025-11-29,P101,데일리 베이직 티셔츠,상의,S,네이비,1,15900,15900,C00424,web
O25112901658,2025-11-29,P102,프릴 카라 블라우스,상의,XL,카키,1,32000,32000,C01528,web
O25112901659,2025-11-29,P102,프릴 카라 블라우스,상의,M,카키,1,32000,32000,C04594,web
O25112901660,2025-11-29,P103,스트라이프 긴팔티,상의,L,네이비,1,21000,21000,C04025,web
O25112901661,2025-11-29,P104,고밀도 맨투맨,상의,L,그레이,1,29000,29000,C00559,web
O25112901662,2025-11-29,P104,고밀도 맨투맨,상의,S,카키,1,29000,29000,C03586,web
O25112901663,2025-11-29,P202,데님 오버올,하의,S,카키,1,39000,39000,C02636,web
O25112901664,2025-11-29,P302,후드 집업 점퍼,아우터,S,카키,1,48000,48000,C00142,web
O25112901665,2025-11-29,P502,잠옷 세트,세트,S,아이보리,1,28000,28000,C02551,web
O25112901666,2025-11-29,P502,잠옷 세트,세트,XS,코랄,1,28000,28000,C00422,web
O25112901667,2025-11-29,P502,잠옷 세트,세트,XS,네이비,1,28000,28000,C02644,web
O25112901668,2025-11-29,P502,잠옷 세트,세트,XS,네이비,1,28000,28000,C03637,web
O25113001669,2025-11-30,P101,데일리 베이직 티셔츠,상의,L,아이보리,1,15900,15900,C01127,web
O25113001670,2025-11-30,P102,프릴 카라 블라우스,상의,S,아이보리,1,32000,32000,C00543,web
O25113001671,2025-11-30,P102,프릴 카라 블라우스,상의,L,코랄,1,32000,32000,C01287,web
O25113001672,2025-11-30,P102,프릴 카라 블라우스,상의,S,코랄,1,32000,32000,C02912,web
O25113001673,2025-11-30,P103,스트라이프 긴팔티,상의,S,카키,1,21000,21000,C03605,web
O25113001674,2025-11-30,P301,경량 패딩 베스트,아우터,S,아이보리,1,52000,52000,C04711,web
O25113001675,2025-11-30,P302,후드 집업 점퍼,아우터,XL,아이보리,1,48000,48000,C00273,web
O25113001676,2025-11-30,P302,후드 집업 점퍼,아우터,XL,그레이,1,48000,48000,C02545,web
O25113001677,2025-11-30,P401,플라워 원피스,원피스,M,아이보리,1,36000,36000,C05063,web
O25113001678,2025-11-30,P401,플라워 원피스,원피스,M,네이비,1,36000,36000,C00404,web
O25120101679,2025-12-01,P102,프릴 카라 블라우스,상의,M,카키,1,32000,32000,C00508,web
O25120101680,2025-12-01,P104,고밀도 맨투맨,상의,M,네이비,1,29000,29000,C04973,web
O25120101681,2025-12-01,P104,고밀도 맨투맨,상의,S,네이비,1,29000,29000,C04380,web
O25120101682,2025-12-01,P201,코튼 조거 팬츠,하의,XS,그레이,1,24000,24000,C05180,web
O25120101683,2025-12-01,P301,경량 패딩 베스트,아우터,L,네이비,1,52000,52000,C00543,web
O25120101684,2025-12-01,P302,후드 집업 점퍼,아우터,S,아이보리,1,48000,48000,C00415,web
O25120101685,2025-12-01,P302,후드 집업 점퍼,아우터,XL,카키,1,48000,48000,C03829,web
O25120101686,2025-12-01,P302,후드 집업 점퍼,아우터,S,코랄,1,48000,48000,C00269,web
O25120101687,2025-12-01,P302,후드 집업 점퍼,아우터,M,카키,1,48000,48000,C04523,web
O25120101688,2025-12-01,P302,후드 집업 점퍼,아우터,S,카키,1,48000,48000,C05170,web
O25120101689,2025-12-01,P401,플라워 원피스,원피스,S,그레이,1,36000,36000,C02005,web
O25120101690,2025-12-01,P501,상하 세트 (티+팬츠),세트,M,네이비,1,42000,42000,C01498,web
O25120101691,2025-12-01,P501,상하 세트 (티+팬츠),세트,S,네이비,1,42000,42000,C01796,web
O25120101692,2025-12-01,P502,잠옷 세트,세트,L,카키,1,28000,28000,C00307,web
O25120201693,2025-12-02,P101,데일리 베이직 티셔츠,상의,S,그레이,1,15900,15900,C03897,web
O25120201694,2025-12-02,P101,데일리 베이직 티셔츠,상의,L,네이비,1,15900,15900,C02354,web
O25120201695,2025-12-02,P102,프릴 카라 블라우스,상의,XL,아이보리,1,32000,32000,C02296,web
O25120201696,2025-12-02,P104,고밀도 맨투맨,상의,M,아이보리,1,29000,29000,C00092,web
O25120201697,2025-12-02,P201,코튼 조거 팬츠,하의,S,그레이,1,24000,24000,C04470,web
O25120201698,2025-12-02,P301,경량 패딩 베스트,아우터,S,카키,1,52000,52000,C00418,web
O25120201699,2025-12-02,P302,후드 집업 점퍼,아우터,S,코랄,1,48000,48000,C00068,web
O25120201700,2025-12-02,P302,후드 집업 점퍼,아우터,L,네이비,1,48000,48000,C00514,web
O25120201701,2025-12-02,P501,상하 세트 (티+팬츠),세트,L,코랄,1,42000,42000,C00509,web
O25120201702,2025-12-02,P502,잠옷 세트,세트,L,그레이,1,28000,28000,C04406,web
O25120301703,2025-12-03,P101,데일리 베이직 티셔츠,상의,XS,아이보리,1,15900,15900,C01903,web
O25120301704,2025-12-03,P104,고밀도 맨투맨,상의,M,그레이,1,29000,29000,C01775,web
O25120301705,2025-12-03,P201,코튼 조거 팬츠,하의,XS,코랄,1,24000,24000,C00157,web
O25120301706,2025-12-03,P201,코튼 조거 팬츠,하의,S,네이비,1,24000,24000,C00123,web
O25120401707,2025-12-04,P101,데일리 베이직 티셔츠,상의,XS,네이비,1,15900,15900,C01441,web
O25120401708,2025-12-04,P104,고밀도 맨투맨,상의,2XL,네이비,1,29000,29000,C00392,web
O25120401709,2025-12-04,P301,경량 패딩 베스트,아우터,M,네이비,1,52000,52000,C04144,web
O25120401710,2025-12-04,P301,경량 패딩 베스트,아우터,M,아이보리,1,52000,52000,C00282,web
O25120401711,2025-12-04,P301,경량 패딩 베스트,아우터,L,코랄,1,52000,52000,C00756,web
O25120401712,2025-12-04,P302,후드 집업 점퍼,아우터,XL,그레이,1,48000,48000,C04336,web
O25120401713,2025-12-04,P302,후드 집업 점퍼,아우터,XL,네이비,1,48000,48000,C01628,web
O25120401714,2025-12-04,P502,잠옷 세트,세트,S,코랄,1,28000,28000,C05141,web
O25120401715,2025-12-04,P502,잠옷 세트,세트,M,코랄,1,28000,28000,C02392,web
O25120501716,2025-12-05,P101,데일리 베이직 티셔츠,상의,XS,그레이,1,15900,15900,C01527,web
O25120501717,2025-12-05,P101,데일리 베이직 티셔츠,상의,M,아이보리,1,15900,15900,C00582,web
O25120501718,2025-12-05,P101,데일리 베이직 티셔츠,상의,XL,아이보리,1,15900,15900,C02745,web
O25120501719,2025-12-05,P101,데일리 베이직 티셔츠,상의,M,그레이,1,15900,15900,C04451,web
O25120501720,2025-12-05,P102,프릴 카라 블라우스,상의,M,아이보리,1,32000,32000,C04266,web
O25120501721,2025-12-05,P104,고밀도 맨투맨,상의,2XL,아이보리,1,29000,29000,C02526,web
O25120501722,2025-12-05,P104,고밀도 맨투맨,상의,XL,아이보리,1,29000,29000,C00399,web
O25120501723,2025-12-05,P201,코튼 조거 팬츠,하의,XS,코랄,1,24000,24000,C00558,web
O25120501724,2025-12-05,P202,데님 오버올,하의,M,카키,1,39000,39000,C00230,web
O25120501725,2025-12-05,P301,경량 패딩 베스트,아우터,S,코랄,1,52000,52000,C00549,web
O25120501726,2025-12-05,P302,후드 집업 점퍼,아우터,XL,아이보리,1,48000,48000,C03132,web
O25120501727,2025-12-05,P501,상하 세트 (티+팬츠),세트,L,네이비,1,42000,42000,C03185,web
O25120601728,2025-12-06,P101,데일리 베이직 티셔츠,상의,S,카키,1,15900,15900,C01580,web
O25120601729,2025-12-06,P102,프릴 카라 블라우스,상의,M,그레이,1,32000,32000,C00157,web
O25120601730,2025-12-06,P102,프릴 카라 블라우스,상의,XL,코랄,1,32000,32000,C02698,web
O25120601731,2025-12-06,P102,프릴 카라 블라우스,상의,XL,카키,1,32000,32000,C00142,web
O25120601732,2025-12-06,P103,스트라이프 긴팔티,상의,L,아이보리,1,21000,21000,C04055,web
O25120601733,2025-12-06,P104,고밀도 맨투맨,상의,M,네이비,1,29000,29000,C01955,web
O25120601734,2025-12-06,P202,데님 오버올,하의,S,카키,1,39000,39000,C00163,web
O25120601735,2025-12-06,P301,경량 패딩 베스트,아우터,S,코랄,1,52000,52000,C02765,web
O25120601736,2025-12-06,P302,후드 집업 점퍼,아우터,L,아이보리,1,48000,48000,C03130,web
O25120601737,2025-12-06,P302,후드 집업 점퍼,아우터,S,네이비,1,48000,48000,C00294,web
O25120601738,2025-12-06,P401,플라워 원피스,원피스,M,코랄,1,36000,36000,C00242,web
O25120601739,2025-12-06,P501,상하 세트 (티+팬츠),세트,XL,카키,1,42000,42000,C00089,web
O25120601740,2025-12-06,P502,잠옷 세트,세트,M,아이보리,1,28000,28000,C01900,web
O25120601741,2025-12-06,P502,잠옷 세트,세트,L,그레이,1,28000,28000,C00178,web
O25120601742,2025-12-06,P502,잠옷 세트,세트,XS,그레이,1,28000,28000,C00138,web
O25120701743,2025-12-07,P101,데일리 베이직 티셔츠,상의,M,네이비,1,15900,15900,C02108,web
O25120701744,2025-12-07,P101,데일리 베이직 티셔츠,상의,S,아이보리,1,15900,15900,C02417,web
O25120701745,2025-12-07,P101,데일리 베이직 티셔츠,상의,XL,네이비,1,15900,15900,C00416,web
O25120701746,2025-12-07,P102,프릴 카라 블라우스,상의,M,네이비,1,32000,32000,C04292,web
O25120701747,2025-12-07,P201,코튼 조거 팬츠,하의,XL,아이보리,1,24000,24000,C02593,web
O25120701748,2025-12-07,P201,코튼 조거 팬츠,하의,S,카키,1,24000,24000,C03001,web
O25120701749,2025-12-07,P202,데님 오버올,하의,M,카키,1,39000,39000,C02314,web
O25120701750,2025-12-07,P301,경량 패딩 베스트,아우터,XL,그레이,1,52000,52000,C00380,web
O25120701751,2025-12-07,P302,후드 집업 점퍼,아우터,XL,그레이,1,48000,48000,C02034,web
O25120701752,2025-12-07,P302,후드 집업 점퍼,아우터,M,네이비,1,48000,48000,C03580,web
O25120701753,2025-12-07,P302,후드 집업 점퍼,아우터,M,네이비,1,48000,48000,C04223,web
O25120701754,2025-12-07,P302,후드 집업 점퍼,아우터,L,카키,1,48000,48000,C00934,web
O25120701755,2025-12-07,P502,잠옷 세트,세트,L,네이비,1,28000,28000,C04146,web
O25120801756,2025-12-08,P101,데일리 베이직 티셔츠,상의,XL,코랄,1,15900,15900,C00098,web
O25120801757,2025-12-08,P101,데일리 베이직 티셔츠,상의,S,네이비,1,15900,15900,C02033,web
O25120801758,2025-12-08,P101,데일리 베이직 티셔츠,상의,XS,코랄,1,15900,15900,C03660,web
O25120801759,2025-12-08,P102,프릴 카라 블라우스,상의,XL,네이비,1,32000,32000,C04628,web
O25120801760,2025-12-08,P102,프릴 카라 블라우스,상의,M,코랄,1,32000,32000,C00546,web
O25120801761,2025-12-08,P201,코튼 조거 팬츠,하의,L,그레이,1,24000,24000,C00504,web
O25120801762,2025-12-08,P202,데님 오버올,하의,M,그레이,1,39000,39000,C01947,web
O25120801763,2025-12-08,P301,경량 패딩 베스트,아우터,S,아이보리,1,52000,52000,C03495,web
O25120801764,2025-12-08,P301,경량 패딩 베스트,아우터,S,아이보리,1,52000,52000,C00454,web
O25120801765,2025-12-08,P302,후드 집업 점퍼,아우터,XL,아이보리,1,48000,48000,C00271,web
O25120801766,2025-12-08,P302,후드 집업 점퍼,아우터,M,그레이,1,48000,48000,C01144,web
O25120801767,2025-12-08,P302,후드 집업 점퍼,아우터,S,네이비,1,48000,48000,C04224,web
O25120801768,2025-12-08,P302,후드 집업 점퍼,아우터,XL,카키,1,48000,48000,C00866,web
O25120801769,2025-12-08,P302,후드 집업 점퍼,아우터,S,그레이,1,48000,48000,C00163,web
O25120801770,2025-12-08,P302,후드 집업 점퍼,아우터,S,코랄,1,48000,48000,C00559,web
O25120801771,2025-12-08,P401,플라워 원피스,원피스,S,카키,1,36000,36000,C01000,web
O25120801772,2025-12-08,P501,상하 세트 (티+팬츠),세트,L,네이비,1,42000,42000,C01121,web
O25120801773,2025-12-08,P501,상하 세트 (티+팬츠),세트,XL,카키,1,42000,42000,C02301,web
O25120801774,2025-12-08,P501,상하 세트 (티+팬츠),세트,XL,네이비,1,42000,42000,C00445,web
O25120801775,2025-12-08,P502,잠옷 세트,세트,XS,코랄,1,28000,28000,C04082,web
O25120901776,2025-12-09,P101,데일리 베이직 티셔츠,상의,M,코랄,1,15900,15900,C04694,web
O25120901777,2025-12-09,P101,데일리 베이직 티셔츠,상의,XS,코랄,1,15900,15900,C01936,web
O25120901778,2025-12-09,P102,프릴 카라 블라우스,상의,S,네이비,1,32000,32000,C01193,web
O25120901779,2025-12-09,P102,프릴 카라 블라우스,상의,S,코랄,1,32000,32000,C03392,web
O25120901780,2025-12-09,P102,프릴 카라 블라우스,상의,XL,코랄,1,32000,32000,C02243,web
O25120901781,2025-12-09,P103,스트라이프 긴팔티,상의,L,그레이,1,21000,21000,C01213,web
O25120901782,2025-12-09,P202,데님 오버올,하의,L,코랄,1,39000,39000,C03728,web
O25120901783,2025-12-09,P301,경량 패딩 베스트,아우터,M,코랄,1,52000,52000,C04977,web
O25120901784,2025-12-09,P301,경량 패딩 베스트,아우터,S,아이보리,1,52000,52000,C03733,web
O25120901785,2025-12-09,P302,후드 집업 점퍼,아우터,S,네이비,1,48000,48000,C05040,web
O25120901786,2025-12-09,P302,후드 집업 점퍼,아우터,XL,네이비,1,48000,48000,C00685,web
O25120901787,2025-12-09,P302,후드 집업 점퍼,아우터,XL,아이보리,1,48000,48000,C04404,web
O25120901788,2025-12-09,P302,후드 집업 점퍼,아우터,L,카키,1,48000,48000,C00073,web
O25120901789,2025-12-09,P401,플라워 원피스,원피스,M,네이비,1,36000,36000,C00074,web
O25120901790,2025-12-09,P501,상하 세트 (티+팬츠),세트,L,아이보리,1,42000,42000,C00027,web
O25120901791,2025-12-09,P501,상하 세트 (티+팬츠),세트,L,네이비,1,42000,42000,C02763,web
O25121001792,2025-12-10,P201,코튼 조거 팬츠,하의,XL,네이비,1,24000,24000,C00688,web
O25121001793,2025-12-10,P201,코튼 조거 팬츠,하의,S,그레이,1,24000,24000,C00204,web
O25121001794,2025-12-10,P203,레깅스 2종세트,하의,L,코랄,1,18000,18000,C02096,web
O25121001795,2025-12-10,P203,레깅스 2종세트,하의,L,그레이,1,18000,18000,C00803,web
O25121001796,2025-12-10,P203,레깅스 2종세트,하의,L,카키,1,18000,18000,C02876,web
O25121001797,2025-12-10,P302,후드 집업 점퍼,아우터,XL,코랄,1,48000,48000,C01133,web
O25121001798,2025-12-10,P302,후드 집업 점퍼,아우터,M,아이보리,1,48000,48000,C02917,web
O25121001799,2025-12-10,P302,후드 집업 점퍼,아우터,M,카키,1,48000,48000,C04153,web
O25121001800,2025-12-10,P302,후드 집업 점퍼,아우터,L,그레이,1,48000,48000,C04417,web
O25121001801,2025-12-10,P302,후드 집업 점퍼,아우터,M,아이보리,1,48000,48000,C02126,web
O25121001802,2025-12-10,P501,상하 세트 (티+팬츠),세트,L,그레이,1,42000,42000,C02195,web
O25121001803,2025-12-10,P502,잠옷 세트,세트,S,카키,1,28000,28000,C01207,web
O25121101804,2025-12-11,P104,고밀도 맨투맨,상의,S,네이비,1,29000,29000,C00792,web
O25121101805,2025-12-11,P104,고밀도 맨투맨,상의,M,네이비,1,29000,29000,C00525,web
O25121101806,2025-12-11,P201,코튼 조거 팬츠,하의,L,네이비,1,24000,24000,C00027,web
O25121101807,2025-12-11,P201,코튼 조거 팬츠,하의,M,코랄,1,24000,24000,C00965,web
O25121101808,2025-12-11,P202,데님 오버올,하의,M,카키,1,39000,39000,C01834,web
O25121101809,2025-12-11,P202,데님 오버올,하의,S,코랄,1,39000,39000,C01429,web
O25121101810,2025-12-11,P203,레깅스 2종세트,하의,L,아이보리,1,18000,18000,C03994,web
O25121101811,2025-12-11,P203,레깅스 2종세트,하의,XS,그레이,1,18000,18000,C00755,web
O25121101812,2025-12-11,P301,경량 패딩 베스트,아우터,M,아이보리,1,52000,52000,C01791,web
O25121101813,2025-12-11,P301,경량 패딩 베스트,아우터,L,코랄,1,52000,52000,C03521,web
O25121101814,2025-12-11,P301,경량 패딩 베스트,아우터,M,그레이,1,52000,52000,C03977,web
O25121101815,2025-12-11,P301,경량 패딩 베스트,아우터,XL,그레이,1,52000,52000,C01169,web
O25121101816,2025-12-11,P302,후드 집업 점퍼,아우터,XL,그레이,1,48000,48000,C00768,web
O25121101817,2025-12-11,P302,후드 집업 점퍼,아우터,M,네이비,1,48000,48000,C00698,web
O25121101818,2025-12-11,P502,잠옷 세트,세트,S,아이보리,1,28000,28000,C04584,web
O25121201819,2025-12-12,P101,데일리 베이직 티셔츠,상의,L,카키,1,15900,15900,C02548,web
O25121201820,2025-12-12,P103,스트라이프 긴팔티,상의,S,네이비,1,21000,21000,C02235,web
O25121201821,2025-12-12,P103,스트라이프 긴팔티,상의,S,카키,1,21000,21000,C00034,web
O25121201822,2025-12-12,P201,코튼 조거 팬츠,하의,XL,아이보리,1,24000,24000,C03793,web
O25121201823,2025-12-12,P202,데님 오버올,하의,M,코랄,1,39000,39000,C03016,web
O25121201824,2025-12-12,P202,데님 오버올,하의,L,아이보리,1,39000,39000,C02457,web
O25121201825,2025-12-12,P202,데님 오버올,하의,S,아이보리,1,39000,39000,C04436,web
O25121201826,2025-12-12,P301,경량 패딩 베스트,아우터,L,코랄,1,52000,52000,C00331,web
O25121201827,2025-12-12,P301,경량 패딩 베스트,아우터,S,네이비,1,52000,52000,C04543,web
O25121201828,2025-12-12,P302,후드 집업 점퍼,아우터,XL,아이보리,1,48000,48000,C00689,web
O25121201829,2025-12-12,P501,상하 세트 (티+팬츠),세트,L,네이비,1,42000,42000,C04834,web
O25121201830,2025-12-12,P502,잠옷 세트,세트,S,아이보리,1,28000,28000,C00091,web
O25121201831,2025-12-12,P502,잠옷 세트,세트,M,카키,1,28000,28000,C02493,web
O25121301832,2025-12-13,P101,데일리 베이직 티셔츠,상의,M,코랄,1,15900,15900,C01796,web
O25121301833,2025-12-13,P101,데일리 베이직 티셔츠,상의,S,그레이,1,15900,15900,C00383,web
O25121301834,2025-12-13,P103,스트라이프 긴팔티,상의,S,그레이,1,21000,21000,C02017,web
O25121301835,2025-12-13,P202,데님 오버올,하의,M,네이비,1,39000,39000,C02892,web
O25121301836,2025-12-13,P202,데님 오버올,하의,S,그레이,1,39000,39000,C03423,web
O25121301837,2025-12-13,P203,레깅스 2종세트,하의,XS,그레이,1,18000,18000,C02764,web
O25121301838,2025-12-13,P302,후드 집업 점퍼,아우터,XL,카키,1,48000,48000,C01355,web
O25121301839,2025-12-13,P302,후드 집업 점퍼,아우터,XL,카키,1,48000,48000,C01233,web
O25121301840,2025-12-13,P302,후드 집업 점퍼,아우터,XL,그레이,1,48000,48000,C03909,web
O25121301841,2025-12-13,P302,후드 집업 점퍼,아우터,S,코랄,1,48000,48000,C00364,web
O25121301842,2025-12-13,P501,상하 세트 (티+팬츠),세트,S,카키,1,42000,42000,C03908,web
O25121301843,2025-12-13,P502,잠옷 세트,세트,S,네이비,1,28000,28000,C00093,web
O25121401844,2025-12-14,P101,데일리 베이직 티셔츠,상의,XL,그레이,1,15900,15900,C01790,web
O25121401845,2025-12-14,P102,프릴 카라 블라우스,상의,L,카키,1,32000,32000,C01892,web
O25121401846,2025-12-14,P102,프릴 카라 블라우스,상의,M,네이비,1,32000,32000,C02944,web
O25121401847,2025-12-14,P102,프릴 카라 블라우스,상의,S,그레이,1,32000,32000,C00481,web
O25121401848,2025-12-14,P102,프릴 카라 블라우스,상의,L,네이비,1,32000,32000,C04026,web
O25121401849,2025-12-14,P103,스트라이프 긴팔티,상의,XS,코랄,1,21000,21000,C00125,web
O25121401850,2025-12-14,P104,고밀도 맨투맨,상의,M,카키,1,29000,29000,C00555,web
O25121401851,2025-12-14,P201,코튼 조거 팬츠,하의,S,아이보리,1,24000,24000,C00021,web
O25121401852,2025-12-14,P201,코튼 조거 팬츠,하의,S,아이보리,1,24000,24000,C00384,web
O25121401853,2025-12-14,P201,코튼 조거 팬츠,하의,L,아이보리,1,24000,24000,C02022,web
O25121401854,2025-12-14,P301,경량 패딩 베스트,아우터,XL,네이비,1,52000,52000,C01945,web
O25121401855,2025-12-14,P301,경량 패딩 베스트,아우터,XL,카키,1,52000,52000,C04331,web
O25121401856,2025-12-14,P302,후드 집업 점퍼,아우터,S,코랄,1,48000,48000,C00725,web
O25121401857,2025-12-14,P401,플라워 원피스,원피스,L,그레이,1,36000,36000,C00485,web
O25121401858,2025-12-14,P501,상하 세트 (티+팬츠),세트,L,그레이,1,42000,42000,C00501,web
O25121401859,2025-12-14,P502,잠옷 세트,세트,M,아이보리,1,28000,28000,C05135,web
O25121501860,2025-12-15,P101,데일리 베이직 티셔츠,상의,XL,아이보리,1,15900,15900,C04327,web
O25121501861,2025-12-15,P101,데일리 베이직 티셔츠,상의,M,아이보리,1,15900,15900,C00920,web
O25121501862,2025-12-15,P102,프릴 카라 블라우스,상의,M,네이비,1,32000,32000,C00419,web
O25121501863,2025-12-15,P203,레깅스 2종세트,하의,XS,코랄,1,18000,18000,C03697,web
O25121501864,2025-12-15,P203,레깅스 2종세트,하의,S,카키,1,18000,18000,C00085,web
O25121501865,2025-12-15,P203,레깅스 2종세트,하의,S,카키,1,18000,18000,C00232,web
O25121501866,2025-12-15,P302,후드 집업 점퍼,아우터,XL,아이보리,1,48000,48000,C00361,web
O25121501867,2025-12-15,P302,후드 집업 점퍼,아우터,XL,카키,1,48000,48000,C01451,web
O25121501868,2025-12-15,P302,후드 집업 점퍼,아우터,XL,코랄,1,48000,48000,C04532,web
O25121501869,2025-12-15,P401,플라워 원피스,원피스,M,아이보리,1,36000,36000,C02268,web
O25121501870,2025-12-15,P501,상하 세트 (티+팬츠),세트,XL,아이보리,1,42000,42000,C03733,web
O25121501871,2025-12-15,P501,상하 세트 (티+팬츠),세트,L,코랄,1,42000,42000,C00053,web
O25121501872,2025-12-15,P502,잠옷 세트,세트,S,카키,1,28000,28000,C03188,web
O25121601873,2025-12-16,P102,프릴 카라 블라우스,상의,S,코랄,1,32000,32000,C01824,web
O25121601874,2025-12-16,P102,프릴 카라 블라우스,상의,M,네이비,1,32000,32000,C00450,web
O25121601875,2025-12-16,P103,스트라이프 긴팔티,상의,XS,코랄,1,21000,21000,C00084,web
O25121601876,2025-12-16,P104,고밀도 맨투맨,상의,M,네이비,1,29000,29000,C00332,web
O25121601877,2025-12-16,P201,코튼 조거 팬츠,하의,S,네이비,1,24000,24000,C03108,web
O25121601878,2025-12-16,P202,데님 오버올,하의,M,코랄,1,39000,39000,C03268,web
O25121601879,2025-12-16,P202,데님 오버올,하의,S,카키,1,39000,39000,C00223,web
O25121601880,2025-12-16,P203,레깅스 2종세트,하의,L,아이보리,1,18000,18000,C03795,web
O25121601881,2025-12-16,P203,레깅스 2종세트,하의,M,카키,1,18000,18000,C04389,web
O25121601882,2025-12-16,P302,후드 집업 점퍼,아우터,L,그레이,1,48000,48000,C03771,web
O25121601883,2025-12-16,P302,후드 집업 점퍼,아우터,XL,네이비,1,48000,48000,C00371,web
O25121601884,2025-12-16,P401,플라워 원피스,원피스,S,코랄,1,36000,36000,C04659,web
O25121601885,2025-12-16,P501,상하 세트 (티+팬츠),세트,XL,아이보리,1,42000,42000,C03698,web
O25121701886,2025-12-17,P101,데일리 베이직 티셔츠,상의,XL,네이비,1,15900,15900,C01228,web
O25121701887,2025-12-17,P101,데일리 베이직 티셔츠,상의,S,코랄,1,15900,15900,C03620,web
O25121701888,2025-12-17,P102,프릴 카라 블라우스,상의,XL,코랄,1,32000,32000,C02022,web
O25121701889,2025-12-17,P102,프릴 카라 블라우스,상의,XL,그레이,1,32000,32000,C04981,web
O25121701890,2025-12-17,P103,스트라이프 긴팔티,상의,L,그레이,1,21000,21000,C02207,web
O25121701891,2025-12-17,P201,코튼 조거 팬츠,하의,S,코랄,1,24000,24000,C00324,web
O25121701892,2025-12-17,P201,코튼 조거 팬츠,하의,L,네이비,1,24000,24000,C02235,web
O25121701893,2025-12-17,P202,데님 오버올,하의,L,네이비,1,39000,39000,C05070,web
O25121701894,2025-12-17,P203,레깅스 2종세트,하의,XS,코랄,1,18000,18000,C04234,web
O25121701895,2025-12-17,P301,경량 패딩 베스트,아우터,L,카키,1,52000,52000,C00438,web
O25121701896,2025-12-17,P302,후드 집업 점퍼,아우터,XL,코랄,1,48000,48000,C03083,web
O25121701897,2025-12-17,P302,후드 집업 점퍼,아우터,XL,카키,1,48000,48000,C00272,web
O25121701898,2025-12-17,P302,후드 집업 점퍼,아우터,XL,아이보리,1,48000,48000,C04192,web
O25121701899,2025-12-17,P501,상하 세트 (티+팬츠),세트,L,그레이,1,42000,42000,C03393,web
O25121701900,2025-12-17,P501,상하 세트 (티+팬츠),세트,XL,네이비,1,42000,42000,C03177,web
O25121701901,2025-12-17,P502,잠옷 세트,세트,S,코랄,1,28000,28000,C03149,web
O25121801902,2025-12-18,P102,프릴 카라 블라우스,상의,XL,코랄,1,32000,32000,C04686,web
O25121801903,2025-12-18,P103,스트라이프 긴팔티,상의,XS,코랄,1,21000,21000,C05099,web
O25121801904,2025-12-18,P201,코튼 조거 팬츠,하의,S,코랄,1,24000,24000,C03602,web
O25121801905,2025-12-18,P201,코튼 조거 팬츠,하의,M,아이보리,1,24000,24000,C04741,web
O25121801906,2025-12-18,P203,레깅스 2종세트,하의,L,코랄,1,18000,18000,C00327,web
O25121801907,2025-12-18,P302,후드 집업 점퍼,아우터,S,그레이,1,48000,48000,C00575,web
O25121801908,2025-12-18,P501,상하 세트 (티+팬츠),세트,XL,카키,1,42000,42000,C00551,web
O25121801909,2025-12-18,P501,상하 세트 (티+팬츠),세트,L,코랄,1,42000,42000,C00714,web
O25121801910,2025-12-18,P502,잠옷 세트,세트,M,그레이,1,28000,28000,C00126,web
O25121801911,2025-12-18,P502,잠옷 세트,세트,M,카키,1,28000,28000,C02322,web
O25121901912,2025-12-19,P102,프릴 카라 블라우스,상의,S,카키,1,32000,32000,C00468,web
O25121901913,2025-12-19,P103,스트라이프 긴팔티,상의,M,카키,1,21000,21000,C00050,web
O25121901914,2025-12-19,P103,스트라이프 긴팔티,상의,M,코랄,1,21000,21000,C00580,web
O25121901915,2025-12-19,P201,코튼 조거 팬츠,하의,XL,그레이,1,24000,24000,C01397,web
O25121901916,2025-12-19,P301,경량 패딩 베스트,아우터,S,카키,1,52000,52000,C04157,web
O25121901917,2025-12-19,P302,후드 집업 점퍼,아우터,XL,네이비,1,48000,48000,C00365,web
O25121901918,2025-12-19,P501,상하 세트 (티+팬츠),세트,S,아이보리,1,42000,42000,C00487,web
O25121901919,2025-12-19,P502,잠옷 세트,세트,L,코랄,1,28000,28000,C04996,web
O25122001920,2025-12-20,P101,데일리 베이직 티셔츠,상의,XS,카키,1,15900,15900,C00456,web
O25122001921,2025-12-20,P101,데일리 베이직 티셔츠,상의,L,네이비,1,15900,15900,C03743,web
O25122001922,2025-12-20,P102,프릴 카라 블라우스,상의,S,네이비,1,32000,32000,C03241,web
O25122001923,2025-12-20,P102,프릴 카라 블라우스,상의,S,카키,1,32000,32000,C05167,web
O25122001924,2025-12-20,P103,스트라이프 긴팔티,상의,L,아이보리,1,21000,21000,C01459,web
O25122001925,2025-12-20,P202,데님 오버올,하의,M,코랄,1,39000,39000,C01750,web
O25122001926,2025-12-20,P202,데님 오버올,하의,M,네이비,1,39000,39000,C04447,web
O25122001927,2025-12-20,P301,경량 패딩 베스트,아우터,S,코랄,1,52000,52000,C01490,web
O25122001928,2025-12-20,P302,후드 집업 점퍼,아우터,M,그레이,1,48000,48000,C04479,web
O25122001929,2025-12-20,P302,후드 집업 점퍼,아우터,M,아이보리,1,48000,48000,C04702,web
O25122001930,2025-12-20,P501,상하 세트 (티+팬츠),세트,M,카키,1,42000,42000,C00091,web
O25122001931,2025-12-20,P501,상하 세트 (티+팬츠),세트,L,코랄,1,42000,42000,C00466,web
O25122001932,2025-12-20,P501,상하 세트 (티+팬츠),세트,XL,아이보리,1,42000,42000,C01935,web
O25122101933,2025-12-21,P101,데일리 베이직 티셔츠,상의,XL,그레이,1,15900,15900,C02525,web
O25122101934,2025-12-21,P101,데일리 베이직 티셔츠,상의,XS,그레이,1,15900,15900,C00025,web
O25122101935,2025-12-21,P102,프릴 카라 블라우스,상의,M,코랄,1,32000,32000,C02495,web
O25122101936,2025-12-21,P102,프릴 카라 블라우스,상의,L,그레이,1,32000,32000,C00302,web
O25122101937,2025-12-21,P102,프릴 카라 블라우스,상의,S,카키,1,32000,32000,C03798,web
O25122101938,2025-12-21,P104,고밀도 맨투맨,상의,S,코랄,1,29000,29000,C03023,web
O25122101939,2025-12-21,P201,코튼 조거 팬츠,하의,L,네이비,1,24000,24000,C01726,web
O25122101940,2025-12-21,P201,코튼 조거 팬츠,하의,L,코랄,1,24000,24000,C02365,web
O25122101941,2025-12-21,P202,데님 오버올,하의,M,카키,1,39000,39000,C01634,web
O25122101942,2025-12-21,P301,경량 패딩 베스트,아우터,XL,코랄,1,52000,52000,C01357,web
O25122101943,2025-12-21,P301,경량 패딩 베스트,아우터,XL,카키,1,52000,52000,C05110,web
O25122101944,2025-12-21,P301,경량 패딩 베스트,아우터,XL,카키,1,52000,52000,C03080,web
O25122101945,2025-12-21,P301,경량 패딩 베스트,아우터,L,카키,1,52000,52000,C04918,web
O25122101946,2025-12-21,P302,후드 집업 점퍼,아우터,M,코랄,1,48000,48000,C04364,web
O25122101947,2025-12-21,P302,후드 집업 점퍼,아우터,M,카키,1,48000,48000,C00447,web
O25122101948,2025-12-21,P302,후드 집업 점퍼,아우터,M,코랄,1,48000,48000,C01240,web
O25122101949,2025-12-21,P302,후드 집업 점퍼,아우터,XL,카키,1,48000,48000,C03481,web
O25122101950,2025-12-21,P501,상하 세트 (티+팬츠),세트,XL,아이보리,1,42000,42000,C00300,web
O25122201951,2025-12-22,P101,데일리 베이직 티셔츠,상의,XL,아이보리,1,15900,15900,C00353,web
O25122201952,2025-12-22,P101,데일리 베이직 티셔츠,상의,XS,카키,1,15900,15900,C00566,web
O25122201953,2025-12-22,P102,프릴 카라 블라우스,상의,XL,아이보리,1,32000,32000,C00928,web
O25122201954,2025-12-22,P102,프릴 카라 블라우스,상의,M,카키,1,32000,32000,C04477,web
O25122201955,2025-12-22,P103,스트라이프 긴팔티,상의,L,아이보리,1,21000,21000,C00214,web
O25122201956,2025-12-22,P301,경량 패딩 베스트,아우터,XL,아이보리,1,52000,52000,C02422,web
O25122201957,2025-12-22,P301,경량 패딩 베스트,아우터,M,카키,1,52000,52000,C04746,web
O25122201958,2025-12-22,P401,플라워 원피스,원피스,M,아이보리,1,36000,36000,C00351,web
O25122201959,2025-12-22,P401,플라워 원피스,원피스,M,그레이,1,36000,36000,C04666,web
O25122301960,2025-12-23,P101,데일리 베이직 티셔츠,상의,L,아이보리,1,15900,15900,C01475,web
O25122301961,2025-12-23,P101,데일리 베이직 티셔츠,상의,S,그레이,1,15900,15900,C03134,web
O25122301962,2025-12-23,P101,데일리 베이직 티셔츠,상의,L,그레이,1,15900,15900,C04418,web
O25122301963,2025-12-23,P101,데일리 베이직 티셔츠,상의,S,코랄,1,15900,15900,C00551,web
O25122301964,2025-12-23,P101,데일리 베이직 티셔츠,상의,L,카키,1,15900,15900,C00229,web
O25122301965,2025-12-23,P104,고밀도 맨투맨,상의,XL,코랄,1,29000,29000,C04093,web
O25122301966,2025-12-23,P104,고밀도 맨투맨,상의,S,카키,1,29000,29000,C04663,web
O25122301967,2025-12-23,P201,코튼 조거 팬츠,하의,XL,카키,1,24000,24000,C02204,web
O25122301968,2025-12-23,P201,코튼 조거 팬츠,하의,XS,카키,1,24000,24000,C02116,web
O25122301969,2025-12-23,P202,데님 오버올,하의,S,그레이,1,39000,39000,C03538,web
O25122301970,2025-12-23,P203,레깅스 2종세트,하의,S,그레이,1,18000,18000,C00047,web
O25122301971,2025-12-23,P203,레깅스 2종세트,하의,L,네이비,1,18000,18000,C00360,web
O25122301972,2025-12-23,P301,경량 패딩 베스트,아우터,M,네이비,1,52000,52000,C00844,web
O25122301973,2025-12-23,P302,후드 집업 점퍼,아우터,S,코랄,1,48000,48000,C00116,web
O25122301974,2025-12-23,P302,후드 집업 점퍼,아우터,M,코랄,1,48000,48000,C04913,web
O25122301975,2025-12-23,P302,후드 집업 점퍼,아우터,M,네이비,1,48000,48000,C00885,web
O25122301976,2025-12-23,P401,플라워 원피스,원피스,S,카키,1,36000,36000,C04854,web
O25122301977,2025-12-23,P401,플라워 원피스,원피스,S,카키,1,36000,36000,C04483,web
O25122401978,2025-12-24,P101,데일리 베이직 티셔츠,상의,XS,코랄,1,15900,15900,C04461,web
O25122401979,2025-12-24,P101,데일리 베이직 티셔츠,상의,L,카키,1,15900,15900,C01882,web
O25122401980,2025-12-24,P101,데일리 베이직 티셔츠,상의,S,그레이,1,15900,15900,C02259,web
O25122401981,2025-12-24,P102,프릴 카라 블라우스,상의,XL,아이보리,1,32000,32000,C00207,web
O25122401982,2025-12-24,P103,스트라이프 긴팔티,상의,M,네이비,1,21000,21000,C00503,web
O25122401983,2025-12-24,P301,경량 패딩 베스트,아우터,L,카키,1,52000,52000,C01593,web
O25122401984,2025-12-24,P302,후드 집업 점퍼,아우터,XL,그레이,1,48000,48000,C02800,web
O25122501985,2025-12-25,P102,프릴 카라 블라우스,상의,S,코랄,1,32000,32000,C01344,web
O25122501986,2025-12-25,P102,프릴 카라 블라우스,상의,S,아이보리,1,32000,32000,C00461,web
O25122501987,2025-12-25,P103,스트라이프 긴팔티,상의,M,카키,1,21000,21000,C00099,web
O25122501988,2025-12-25,P104,고밀도 맨투맨,상의,2XL,코랄,1,29000,29000,C03184,web
O25122501989,2025-12-25,P104,고밀도 맨투맨,상의,M,코랄,1,29000,29000,C00326,web
O25122501990,2025-12-25,P104,고밀도 맨투맨,상의,XL,아이보리,1,29000,29000,C04986,web
O25122501991,2025-12-25,P301,경량 패딩 베스트,아우터,M,아이보리,1,52000,52000,C00229,web
O25122501992,2025-12-25,P301,경량 패딩 베스트,아우터,L,네이비,1,52000,52000,C03522,web
O25122501993,2025-12-25,P301,경량 패딩 베스트,아우터,XL,카키,1,52000,52000,C00449,web
O25122501994,2025-12-25,P301,경량 패딩 베스트,아우터,XL,카키,1,52000,52000,C04571,web
O25122501995,2025-12-25,P302,후드 집업 점퍼,아우터,M,아이보리,1,48000,48000,C02632,web
O25122501996,2025-12-25,P401,플라워 원피스,원피스,S,그레이,1,36000,36000,C01124,web
O25122501997,2025-12-25,P501,상하 세트 (티+팬츠),세트,M,네이비,1,42000,42000,C00495,web
O25122601998,2025-12-26,P101,데일리 베이직 티셔츠,상의,XS,아이보리,1,15900,15900,C03435,web
O25122601999,2025-12-26,P101,데일리 베이직 티셔츠,상의,XL,아이보리,1,15900,15900,C00069,web
O25122602000,2025-12-26,P101,데일리 베이직 티셔츠,상의,XS,카키,1,15900,15900,C00050,web
O25122602001,2025-12-26,P102,프릴 카라 블라우스,상의,S,카키,1,32000,32000,C04192,web
O25122602002,2025-12-26,P103,스트라이프 긴팔티,상의,S,그레이,1,21000,21000,C03180,web
O25122602003,2025-12-26,P103,스트라이프 긴팔티,상의,L,코랄,1,21000,21000,C03466,web
O25122602004,2025-12-26,P104,고밀도 맨투맨,상의,XL,그레이,1,29000,29000,C01905,web
O25122602005,2025-12-26,P104,고밀도 맨투맨,상의,2XL,카키,1,29000,29000,C00109,web
O25122602006,2025-12-26,P201,코튼 조거 팬츠,하의,XL,네이비,1,24000,24000,C03828,web
O25122602007,2025-12-26,P201,코튼 조거 팬츠,하의,XL,코랄,1,24000,24000,C03096,web
O25122602008,2025-12-26,P201,코튼 조거 팬츠,하의,XL,아이보리,1,24000,24000,C00857,web
O25122602009,2025-12-26,P202,데님 오버올,하의,M,카키,1,39000,39000,C02240,web
O25122602010,2025-12-26,P203,레깅스 2종세트,하의,L,네이비,1,18000,18000,C00952,web
O25122602011,2025-12-26,P203,레깅스 2종세트,하의,XS,네이비,1,18000,18000,C00577,web
O25122602012,2025-12-26,P301,경량 패딩 베스트,아우터,XL,아이보리,1,52000,52000,C03422,web
O25122602013,2025-12-26,P302,후드 집업 점퍼,아우터,S,그레이,1,48000,48000,C00180,web
O25122602014,2025-12-26,P302,후드 집업 점퍼,아우터,M,코랄,1,48000,48000,C02281,web
O25122602015,2025-12-26,P501,상하 세트 (티+팬츠),세트,M,아이보리,1,42000,42000,C03859,web
O25122602016,2025-12-26,P501,상하 세트 (티+팬츠),세트,S,카키,1,42000,42000,C01500,web
O25122602017,2025-12-26,P502,잠옷 세트,세트,XS,그레이,1,28000,28000,C00589,web
O25122702018,2025-12-27,P101,데일리 베이직 티셔츠,상의,XS,그레이,1,15900,15900,C04422,web
O25122702019,2025-12-27,P102,프릴 카라 블라우스,상의,M,그레이,1,32000,32000,C00360,web
O25122702020,2025-12-27,P201,코튼 조거 팬츠,하의,XS,네이비,1,24000,24000,C02742,web
O25122702021,2025-12-27,P202,데님 오버올,하의,L,카키,1,39000,39000,C03293,web
O25122702022,2025-12-27,P202,데님 오버올,하의,L,네이비,1,39000,39000,C00325,web
O25122702023,2025-12-27,P202,데님 오버올,하의,M,네이비,1,39000,39000,C01070,web
O25122702024,2025-12-27,P301,경량 패딩 베스트,아우터,S,그레이,1,52000,52000,C00222,web
O25122702025,2025-12-27,P301,경량 패딩 베스트,아우터,L,카키,1,52000,52000,C01869,web
O25122702026,2025-12-27,P301,경량 패딩 베스트,아우터,M,코랄,1,52000,52000,C04935,web
O25122702027,2025-12-27,P301,경량 패딩 베스트,아우터,L,네이비,1,52000,52000,C04262,web
O25122702028,2025-12-27,P302,후드 집업 점퍼,아우터,XL,네이비,1,48000,48000,C05049,web
O25122702029,2025-12-27,P302,후드 집업 점퍼,아우터,S,그레이,1,48000,48000,C00259,web
O25122702030,2025-12-27,P302,후드 집업 점퍼,아우터,M,코랄,1,48000,48000,C04647,web
O25122702031,2025-12-27,P501,상하 세트 (티+팬츠),세트,XL,그레이,1,42000,42000,C03895,web
O25122702032,2025-12-27,P501,상하 세트 (티+팬츠),세트,L,아이보리,1,42000,42000,C04194,web
O25122702033,2025-12-27,P502,잠옷 세트,세트,M,아이보리,1,28000,28000,C00308,web
O25122802034,2025-12-28,P101,데일리 베이직 티셔츠,상의,XS,네이비,1,15900,15900,C02370,web
O25122802035,2025-12-28,P102,프릴 카라 블라우스,상의,L,카키,1,32000,32000,C01230,web
O25122802036,2025-12-28,P102,프릴 카라 블라우스,상의,M,네이비,1,32000,32000,C00053,web
O25122802037,2025-12-28,P104,고밀도 맨투맨,상의,S,코랄,1,29000,29000,C00439,web
O25122802038,2025-12-28,P201,코튼 조거 팬츠,하의,XS,네이비,1,24000,24000,C02510,web
O25122802039,2025-12-28,P202,데님 오버올,하의,M,코랄,1,39000,39000,C05017,web
O25122802040,2025-12-28,P203,레깅스 2종세트,하의,L,아이보리,1,18000,18000,C03018,web
O25122802041,2025-12-28,P302,후드 집업 점퍼,아우터,S,그레이,1,48000,48000,C03967,web
O25122802042,2025-12-28,P401,플라워 원피스,원피스,L,아이보리,1,36000,36000,C00509,web
O25122802043,2025-12-28,P401,플라워 원피스,원피스,S,네이비,1,36000,36000,C00736,web
O25122802044,2025-12-28,P501,상하 세트 (티+팬츠),세트,XL,코랄,1,42000,42000,C00338,web
O25122802045,2025-12-28,P502,잠옷 세트,세트,L,그레이,1,28000,28000,C00480,web
O25122802046,2025-12-28,P502,잠옷 세트,세트,M,카키,1,28000,28000,C00499,web
O25122902047,2025-12-29,P101,데일리 베이직 티셔츠,상의,XL,코랄,1,15900,15900,C02627,web
O25122902048,2025-12-29,P102,프릴 카라 블라우스,상의,L,그레이,1,32000,32000,C01481,web
O25122902049,2025-12-29,P104,고밀도 맨투맨,상의,2XL,아이보리,1,29000,29000,C00384,web
O25122902050,2025-12-29,P202,데님 오버올,하의,L,아이보리,1,39000,39000,C00536,web
O25122902051,2025-12-29,P203,레깅스 2종세트,하의,XS,그레이,1,18000,18000,C02285,web
O25122902052,2025-12-29,P301,경량 패딩 베스트,아우터,S,코랄,1,52000,52000,C02824,web
O25122902053,2025-12-29,P301,경량 패딩 베스트,아우터,XL,아이보리,1,52000,52000,C04639,web
O25122902054,2025-12-29,P301,경량 패딩 베스트,아우터,XL,코랄,1,52000,52000,C00151,web
O25122902055,2025-12-29,P302,후드 집업 점퍼,아우터,S,카키,1,48000,48000,C00265,web
O25122902056,2025-12-29,P302,후드 집업 점퍼,아우터,S,카키,1,48000,48000,C00024,web
O25122902057,2025-12-29,P302,후드 집업 점퍼,아우터,XL,그레이,1,48000,48000,C01192,web
O25122902058,2025-12-29,P302,후드 집업 점퍼,아우터,S,코랄,1,48000,48000,C00278,web
O25122902059,2025-12-29,P501,상하 세트 (티+팬츠),세트,S,그레이,1,42000,42000,C01682,web
O25122902060,2025-12-29,P501,상하 세트 (티+팬츠),세트,XL,네이비,1,42000,42000,C01386,web
O25122902061,2025-12-29,P502,잠옷 세트,세트,M,아이보리,1,28000,28000,C01053,web
O25122902062,2025-12-29,P502,잠옷 세트,세트,S,카키,1,28000,28000,C01978,web
O25123002063,2025-12-30,P101,데일리 베이직 티셔츠,상의,S,카키,1,15900,15900,C00308,web
O25123002064,2025-12-30,P104,고밀도 맨투맨,상의,M,네이비,1,29000,29000,C00311,web
O25123002065,2025-12-30,P201,코튼 조거 팬츠,하의,XS,그레이,1,24000,24000,C03740,web
O25123002066,2025-12-30,P301,경량 패딩 베스트,아우터,L,카키,1,52000,52000,C03557,web
O25123002067,2025-12-30,P302,후드 집업 점퍼,아우터,S,네이비,1,48000,48000,C05100,web
O25123002068,2025-12-30,P501,상하 세트 (티+팬츠),세트,XL,그레이,1,42000,42000,C00323,web
O25123002069,2025-12-30,P501,상하 세트 (티+팬츠),세트,L,아이보리,1,42000,42000,C02480,web
O25123002070,2025-12-30,P502,잠옷 세트,세트,XS,네이비,1,28000,28000,C05198,web
O25123002071,2025-12-30,P502,잠옷 세트,세트,M,아이보리,1,28000,28000,C04794,web
O25123002072,2025-12-30,P502,잠옷 세트,세트,L,네이비,1,28000,28000,C00194,web
O25123102073,2025-12-31,P101,데일리 베이직 티셔츠,상의,XL,카키,1,15900,15900,C01435,web
O25123102074,2025-12-31,P103,스트라이프 긴팔티,상의,XS,아이보리,1,21000,21000,C03798,web
O25123102075,2025-12-31,P201,코튼 조거 팬츠,하의,L,그레이,1,24000,24000,C01996,web
O25123102076,2025-12-31,P203,레깅스 2종세트,하의,XS,아이보리,1,18000,18000,C00367,web
O25123102077,2025-12-31,P301,경량 패딩 베스트,아우터,S,카키,1,52000,52000,C03100,web
O25123102078,2025-12-31,P301,경량 패딩 베스트,아우터,L,그레이,1,52000,52000,C01775,web
O25123102079,2025-12-31,P302,후드 집업 점퍼,아우터,XL,그레이,1,48000,48000,C04473,web
O25123102080,2025-12-31,P501,상하 세트 (티+팬츠),세트,M,아이보리,1,42000,42000,C00481,web
O25123102081,2025-12-31,P502,잠옷 세트,세트,L,그레이,1,28000,28000,C00387,web
O26010102082,2026-01-01,P101,데일리 베이직 티셔츠,상의,L,카키,1,15900,15900,C02822,web
O26010102083,2026-01-01,P101,데일리 베이직 티셔츠,상의,L,카키,1,15900,15900,C03411,web
O26010102084,2026-01-01,P103,스트라이프 긴팔티,상의,S,그레이,1,21000,21000,C04299,web
O26010102085,2026-01-01,P104,고밀도 맨투맨,상의,XL,코랄,1,29000,29000,C00326,web
O26010102086,2026-01-01,P202,데님 오버올,하의,S,코랄,1,39000,39000,C02567,web
O26010102087,2026-01-01,P202,데님 오버올,하의,M,네이비,1,39000,39000,C01745,web
O26010102088,2026-01-01,P203,레깅스 2종세트,하의,S,네이비,1,18000,18000,C00166,web
O26010102089,2026-01-01,P302,후드 집업 점퍼,아우터,M,카키,1,48000,48000,C05068,web
O26010102090,2026-01-01,P502,잠옷 세트,세트,L,그레이,1,28000,28000,C00013,web
O26010102091,2026-01-01,P502,잠옷 세트,세트,S,코랄,1,28000,28000,C01971,web
O26010102092,2026-01-01,P502,잠옷 세트,세트,M,네이비,1,28000,28000,C00263,web
O26010102093,2026-01-01,P502,잠옷 세트,세트,S,네이비,1,28000,28000,C00226,web
O26010202094,2026-01-02,P101,데일리 베이직 티셔츠,상의,M,그레이,1,15900,15900,C00551,web
O26010202095,2026-01-02,P102,프릴 카라 블라우스,상의,L,아이보리,1,32000,32000,C04085,web
O26010202096,2026-01-02,P104,고밀도 맨투맨,상의,S,카키,1,29000,29000,C03399,web
O26010202097,2026-01-02,P201,코튼 조거 팬츠,하의,M,그레이,1,24000,24000,C02460,web
O26010202098,2026-01-02,P301,경량 패딩 베스트,아우터,XL,아이보리,1,52000,52000,C01194,web
O26010202099,2026-01-02,P302,후드 집업 점퍼,아우터,L,카키,1,48000,48000,C02559,web
O26010202100,2026-01-02,P302,후드 집업 점퍼,아우터,S,코랄,1,48000,48000,C02140,web
O26010202101,2026-01-02,P401,플라워 원피스,원피스,L,그레이,1,36000,36000,C04642,web
O26010202102,2026-01-02,P501,상하 세트 (티+팬츠),세트,XL,아이보리,1,42000,42000,C03289,web
O26010202103,2026-01-02,P501,상하 세트 (티+팬츠),세트,XL,아이보리,1,42000,42000,C01688,web
O26010302104,2026-01-03,P101,데일리 베이직 티셔츠,상의,S,코랄,1,15900,15900,C01183,web
O26010302105,2026-01-03,P102,프릴 카라 블라우스,상의,S,카키,1,32000,32000,C01949,web
O26010302106,2026-01-03,P104,고밀도 맨투맨,상의,L,아이보리,1,29000,29000,C00340,web
O26010302107,2026-01-03,P301,경량 패딩 베스트,아우터,L,카키,1,52000,52000,C00985,web
O26010302108,2026-01-03,P301,경량 패딩 베스트,아우터,L,네이비,1,52000,52000,C03266,web
O26010302109,2026-01-03,P302,후드 집업 점퍼,아우터,S,아이보리,1,48000,48000,C00139,web
O26010302110,2026-01-03,P302,후드 집업 점퍼,아우터,M,아이보리,1,48000,48000,C03914,web
O26010302111,2026-01-03,P302,후드 집업 점퍼,아우터,L,네이비,1,48000,48000,C03126,web
O26010302112,2026-01-03,P302,후드 집업 점퍼,아우터,S,코랄,1,48000,48000,C00486,web
O26010302113,2026-01-03,P302,후드 집업 점퍼,아우터,S,그레이,1,48000,48000,C00507,web
O26010302114,2026-01-03,P401,플라워 원피스,원피스,M,아이보리,1,36000,36000,C04287,web
O26010302115,2026-01-03,P502,잠옷 세트,세트,XS,아이보리,1,28000,28000,C01711,web
O26010402116,2026-01-04,P101,데일리 베이직 티셔츠,상의,XS,카키,1,15900,15900,C03413,web
O26010402117,2026-01-04,P101,데일리 베이직 티셔츠,상의,XL,카키,1,15900,15900,C00249,web
O26010402118,2026-01-04,P201,코튼 조거 팬츠,하의,S,카키,1,24000,24000,C00437,web
O26010402119,2026-01-04,P201,코튼 조거 팬츠,하의,M,카키,1,24000,24000,C00234,web
O26010402120,2026-01-04,P201,코튼 조거 팬츠,하의,S,카키,1,24000,24000,C00308,web
O26010402121,2026-01-04,P202,데님 오버올,하의,M,카키,1,39000,39000,C03659,web
O26010402122,2026-01-04,P301,경량 패딩 베스트,아우터,M,카키,1,52000,52000,C02546,web
O26010402123,2026-01-04,P302,후드 집업 점퍼,아우터,XL,네이비,1,48000,48000,C02037,web
O26010402124,2026-01-04,P502,잠옷 세트,세트,L,카키,1,28000,28000,C00432,web
O26010502125,2026-01-05,P101,데일리 베이직 티셔츠,상의,M,아이보리,1,15900,15900,C03040,web
O26010502126,2026-01-05,P102,프릴 카라 블라우스,상의,XL,그레이,1,32000,32000,C04926,web
O26010502127,2026-01-05,P103,스트라이프 긴팔티,상의,M,네이비,1,21000,21000,C02461,web
O26010502128,2026-01-05,P201,코튼 조거 팬츠,하의,XL,네이비,1,24000,24000,C04653,web
O26010502129,2026-01-05,P201,코튼 조거 팬츠,하의,S,네이비,1,24000,24000,C00441,web
O26010502130,2026-01-05,P203,레깅스 2종세트,하의,M,카키,1,18000,18000,C00548,web
O26010502131,2026-01-05,P301,경량 패딩 베스트,아우터,L,아이보리,1,52000,52000,C01346,web
O26010502132,2026-01-05,P301,경량 패딩 베스트,아우터,XL,네이비,1,52000,52000,C00527,web
O26010502133,2026-01-05,P301,경량 패딩 베스트,아우터,XL,카키,1,52000,52000,C03190,web
O26010502134,2026-01-05,P302,후드 집업 점퍼,아우터,M,아이보리,1,48000,48000,C02130,web
O26010502135,2026-01-05,P502,잠옷 세트,세트,XS,아이보리,1,28000,28000,C03706,web
O26010602136,2026-01-06,P102,프릴 카라 블라우스,상의,M,카키,1,32000,32000,C05150,web
O26010602137,2026-01-06,P103,스트라이프 긴팔티,상의,L,코랄,1,21000,21000,C04514,web
O26010602138,2026-01-06,P103,스트라이프 긴팔티,상의,XS,아이보리,1,21000,21000,C04184,web
O26010602139,2026-01-06,P201,코튼 조거 팬츠,하의,M,네이비,1,24000,24000,C03758,web
O26010602140,2026-01-06,P201,코튼 조거 팬츠,하의,L,네이비,1,24000,24000,C01209,web
O26010602141,2026-01-06,P201,코튼 조거 팬츠,하의,S,네이비,1,24000,24000,C00659,web
O26010602142,2026-01-06,P202,데님 오버올,하의,M,코랄,1,39000,39000,C00576,web
O26010602143,2026-01-06,P203,레깅스 2종세트,하의,S,카키,1,18000,18000,C04585,web
O26010602144,2026-01-06,P203,레깅스 2종세트,하의,XS,네이비,1,18000,18000,C00308,web
O26010602145,2026-01-06,P203,레깅스 2종세트,하의,S,그레이,1,18000,18000,C00062,web
O26010602146,2026-01-06,P302,후드 집업 점퍼,아우터,S,그레이,1,48000,48000,C00403,web
O26010602147,2026-01-06,P501,상하 세트 (티+팬츠),세트,S,그레이,1,42000,42000,C00595,web
O26010602148,2026-01-06,P501,상하 세트 (티+팬츠),세트,M,카키,1,42000,42000,C00657,web
O26010602149,2026-01-06,P502,잠옷 세트,세트,M,네이비,1,28000,28000,C02262,web
O26010702150,2026-01-07,P101,데일리 베이직 티셔츠,상의,S,아이보리,1,15900,15900,C04956,web
O26010702151,2026-01-07,P101,데일리 베이직 티셔츠,상의,XL,아이보리,1,15900,15900,C01542,web
O26010702152,2026-01-07,P102,프릴 카라 블라우스,상의,M,아이보리,1,32000,32000,C00057,web
O26010702153,2026-01-07,P104,고밀도 맨투맨,상의,M,네이비,1,29000,29000,C03126,web
O26010702154,2026-01-07,P104,고밀도 맨투맨,상의,2XL,코랄,1,29000,29000,C00007,web
O26010702155,2026-01-07,P203,레깅스 2종세트,하의,XS,아이보리,1,18000,18000,C02179,web
O26010702156,2026-01-07,P401,플라워 원피스,원피스,S,아이보리,1,36000,36000,C01519,web
O26010702157,2026-01-07,P501,상하 세트 (티+팬츠),세트,M,그레이,1,42000,42000,C00158,web
O26010702158,2026-01-07,P502,잠옷 세트,세트,XS,코랄,1,28000,28000,C05053,web
O26010702159,2026-01-07,P502,잠옷 세트,세트,S,네이비,1,28000,28000,C00359,web
O26010802160,2026-01-08,P101,데일리 베이직 티셔츠,상의,XL,카키,1,15900,15900,C00214,web
O26010802161,2026-01-08,P101,데일리 베이직 티셔츠,상의,M,코랄,1,15900,15900,C00126,web
O26010802162,2026-01-08,P102,프릴 카라 블라우스,상의,S,네이비,1,32000,32000,C04736,web
O26010802163,2026-01-08,P201,코튼 조거 팬츠,하의,L,아이보리,1,24000,24000,C01263,web
O26010802164,2026-01-08,P201,코튼 조거 팬츠,하의,XL,코랄,1,24000,24000,C00164,web
O26010802165,2026-01-08,P202,데님 오버올,하의,S,그레이,1,39000,39000,C00420,web
O26010802166,2026-01-08,P202,데님 오버올,하의,S,카키,1,39000,39000,C03847,web
O26010802167,2026-01-08,P203,레깅스 2종세트,하의,XS,코랄,1,18000,18000,C01123,web
O26010802168,2026-01-08,P301,경량 패딩 베스트,아우터,XL,카키,1,52000,52000,C00084,web
O26010802169,2026-01-08,P301,경량 패딩 베스트,아우터,M,카키,1,52000,52000,C00209,web
O26010802170,2026-01-08,P301,경량 패딩 베스트,아우터,S,아이보리,1,52000,52000,C00459,web
O26010802171,2026-01-08,P302,후드 집업 점퍼,아우터,L,네이비,1,48000,48000,C04755,web
O26010802172,2026-01-08,P302,후드 집업 점퍼,아우터,L,네이비,1,48000,48000,C00386,web
O26010802173,2026-01-08,P501,상하 세트 (티+팬츠),세트,L,네이비,1,42000,42000,C01912,web
O26010902174,2026-01-09,P102,프릴 카라 블라우스,상의,L,코랄,1,32000,32000,C00402,web
O26010902175,2026-01-09,P102,프릴 카라 블라우스,상의,S,그레이,1,32000,32000,C01322,web
O26010902176,2026-01-09,P103,스트라이프 긴팔티,상의,M,코랄,1,21000,21000,C00670,web
O26010902177,2026-01-09,P104,고밀도 맨투맨,상의,M,아이보리,1,29000,29000,C01160,web
O26010902178,2026-01-09,P201,코튼 조거 팬츠,하의,L,카키,1,24000,24000,C01741,web
O26010902179,2026-01-09,P202,데님 오버올,하의,M,네이비,1,39000,39000,C01202,web
O26010902180,2026-01-09,P301,경량 패딩 베스트,아우터,L,아이보리,1,52000,52000,C04969,web
O26010902181,2026-01-09,P301,경량 패딩 베스트,아우터,S,코랄,1,52000,52000,C00418,web
O26010902182,2026-01-09,P302,후드 집업 점퍼,아우터,L,카키,1,48000,48000,C03534,web
O26010902183,2026-01-09,P302,후드 집업 점퍼,아우터,XL,그레이,1,48000,48000,C00447,web
O26010902184,2026-01-09,P302,후드 집업 점퍼,아우터,L,네이비,1,48000,48000,C00319,web
O26010902185,2026-01-09,P302,후드 집업 점퍼,아우터,L,그레이,1,48000,48000,C04015,web
O26010902186,2026-01-09,P302,후드 집업 점퍼,아우터,XL,코랄,1,48000,48000,C00240,web
O26010902187,2026-01-09,P302,후드 집업 점퍼,아우터,XL,코랄,1,48000,48000,C01809,web
O26010902188,2026-01-09,P401,플라워 원피스,원피스,L,아이보리,1,36000,36000,C02779,web
O26010902189,2026-01-09,P501,상하 세트 (티+팬츠),세트,XL,아이보리,1,42000,42000,C02523,web
O26011002190,2026-01-10,P102,프릴 카라 블라우스,상의,M,그레이,1,32000,32000,C02951,web
O26011002191,2026-01-10,P103,스트라이프 긴팔티,상의,XS,아이보리,1,21000,21000,C03792,web
O26011002192,2026-01-10,P104,고밀도 맨투맨,상의,M,아이보리,1,29000,29000,C00563,web
O26011002193,2026-01-10,P104,고밀도 맨투맨,상의,M,네이비,1,29000,29000,C03492,web
O26011002194,2026-01-10,P201,코튼 조거 팬츠,하의,L,그레이,1,24000,24000,C00785,web
O26011002195,2026-01-10,P201,코튼 조거 팬츠,하의,L,네이비,1,24000,24000,C01094,web
O26011002196,2026-01-10,P201,코튼 조거 팬츠,하의,L,코랄,1,24000,24000,C03479,web
O26011002197,2026-01-10,P202,데님 오버올,하의,S,아이보리,1,39000,39000,C00391,web
O26011002198,2026-01-10,P202,데님 오버올,하의,M,그레이,1,39000,39000,C00164,web
O26011002199,2026-01-10,P301,경량 패딩 베스트,아우터,M,카키,1,52000,52000,C03369,web
O26011002200,2026-01-10,P301,경량 패딩 베스트,아우터,M,아이보리,1,52000,52000,C01807,web
O26011002201,2026-01-10,P401,플라워 원피스,원피스,L,카키,1,36000,36000,C04463,web
O26011002202,2026-01-10,P402,린넨 셔츠 원피스,원피스,L,그레이,1,47000,47000,C00412,web
O26011002203,2026-01-10,P501,상하 세트 (티+팬츠),세트,M,그레이,1,42000,42000,C01293,web
O26011102204,2026-01-11,P101,데일리 베이직 티셔츠,상의,L,네이비,1,15900,15900,C01676,web
O26011102205,2026-01-11,P101,데일리 베이직 티셔츠,상의,L,네이비,1,15900,15900,C02319,web
O26011102206,2026-01-11,P102,프릴 카라 블라우스,상의,S,코랄,1,32000,32000,C03105,web
O26011102207,2026-01-11,P102,프릴 카라 블라우스,상의,S,그레이,1,32000,32000,C00532,web
O26011102208,2026-01-11,P104,고밀도 맨투맨,상의,L,네이비,1,29000,29000,C02007,web
O26011102209,2026-01-11,P201,코튼 조거 팬츠,하의,XL,아이보리,1,24000,24000,C04805,web
O26011102210,2026-01-11,P202,데님 오버올,하의,M,그레이,1,39000,39000,C01490,web
O26011102211,2026-01-11,P203,레깅스 2종세트,하의,S,네이비,1,18000,18000,C03919,web
O26011102212,2026-01-11,P301,경량 패딩 베스트,아우터,L,아이보리,1,52000,52000,C03610,web
O26011102213,2026-01-11,P301,경량 패딩 베스트,아우터,XL,카키,1,52000,52000,C01330,web
O26011102214,2026-01-11,P302,후드 집업 점퍼,아우터,S,그레이,1,48000,48000,C00379,web
O26011202215,2026-01-12,P101,데일리 베이직 티셔츠,상의,XL,코랄,1,15900,15900,C02947,web
O26011202216,2026-01-12,P203,레깅스 2종세트,하의,XS,네이비,1,18000,18000,C05189,web
O26011202217,2026-01-12,P302,후드 집업 점퍼,아우터,XL,그레이,1,48000,48000,C05190,web
O26011202218,2026-01-12,P501,상하 세트 (티+팬츠),세트,M,아이보리,1,42000,42000,C01945,web
O26011202219,2026-01-12,P501,상하 세트 (티+팬츠),세트,L,코랄,1,42000,42000,C04928,web
O26011202220,2026-01-12,P502,잠옷 세트,세트,S,그레이,1,28000,28000,C00902,web
O26011202221,2026-01-12,P502,잠옷 세트,세트,L,네이비,1,28000,28000,C01051,web
O26011302222,2026-01-13,P101,데일리 베이직 티셔츠,상의,L,그레이,1,15900,15900,C00481,web
O26011302223,2026-01-13,P104,고밀도 맨투맨,상의,L,코랄,1,29000,29000,C01650,web
O26011302224,2026-01-13,P201,코튼 조거 팬츠,하의,S,네이비,1,24000,24000,C02785,web
O26011302225,2026-01-13,P201,코튼 조거 팬츠,하의,XL,아이보리,1,24000,24000,C03262,web
O26011302226,2026-01-13,P203,레깅스 2종세트,하의,XS,네이비,1,18000,18000,C04177,web
O26011302227,2026-01-13,P301,경량 패딩 베스트,아우터,M,그레이,1,52000,52000,C03373,web
O26011302228,2026-01-13,P301,경량 패딩 베스트,아우터,M,카키,1,52000,52000,C00020,web
O26011302229,2026-01-13,P301,경량 패딩 베스트,아우터,S,그레이,1,52000,52000,C03885,web
O26011302230,2026-01-13,P301,경량 패딩 베스트,아우터,XL,아이보리,1,52000,52000,C04632,web
O26011302231,2026-01-13,P401,플라워 원피스,원피스,S,카키,1,36000,36000,C02530,web
O26011302232,2026-01-13,P501,상하 세트 (티+팬츠),세트,S,코랄,1,42000,42000,C04634,web
O26011302233,2026-01-13,P501,상하 세트 (티+팬츠),세트,XL,그레이,1,42000,42000,C00390,web
O26011402234,2026-01-14,P101,데일리 베이직 티셔츠,상의,M,네이비,1,15900,15900,C03391,web
O26011402235,2026-01-14,P101,데일리 베이직 티셔츠,상의,XS,카키,1,15900,15900,C01196,web
O26011402236,2026-01-14,P102,프릴 카라 블라우스,상의,L,코랄,1,32000,32000,C04298,web
O26011402237,2026-01-14,P201,코튼 조거 팬츠,하의,S,네이비,1,24000,24000,C00363,web
O26011402238,2026-01-14,P201,코튼 조거 팬츠,하의,S,코랄,1,24000,24000,C02782,web
O26011402239,2026-01-14,P201,코튼 조거 팬츠,하의,L,네이비,1,24000,24000,C02335,web
O26011402240,2026-01-14,P202,데님 오버올,하의,L,카키,1,39000,39000,C02784,web
O26011402241,2026-01-14,P301,경량 패딩 베스트,아우터,S,코랄,1,52000,52000,C00537,web
O26011402242,2026-01-14,P301,경량 패딩 베스트,아우터,L,아이보리,1,52000,52000,C01626,web
O26011402243,2026-01-14,P302,후드 집업 점퍼,아우터,L,아이보리,1,48000,48000,C00343,web
O26011402244,2026-01-14,P501,상하 세트 (티+팬츠),세트,S,카키,1,42000,42000,C04413,web
O26011502245,2026-01-15,P103,스트라이프 긴팔티,상의,M,코랄,1,21000,21000,C03728,web
O26011502246,2026-01-15,P103,스트라이프 긴팔티,상의,L,카키,1,21000,21000,C02797,web
O26011502247,2026-01-15,P104,고밀도 맨투맨,상의,S,코랄,1,29000,29000,C01375,web
O26011502248,2026-01-15,P202,데님 오버올,하의,M,아이보리,1,39000,39000,C00308,web
O26011502249,2026-01-15,P202,데님 오버올,하의,L,그레이,1,39000,39000,C00910,web
O26011502250,2026-01-15,P202,데님 오버올,하의,L,네이비,1,39000,39000,C02628,web
O26011502251,2026-01-15,P203,레깅스 2종세트,하의,L,카키,1,18000,18000,C00595,web
O26011502252,2026-01-15,P302,후드 집업 점퍼,아우터,L,네이비,1,48000,48000,C00076,web
O26011502253,2026-01-15,P302,후드 집업 점퍼,아우터,XL,네이비,1,48000,48000,C00971,web
O26011502254,2026-01-15,P401,플라워 원피스,원피스,L,그레이,1,36000,36000,C01544,web
O26011502255,2026-01-15,P402,린넨 셔츠 원피스,원피스,M,카키,1,47000,47000,C00362,web
O26011502256,2026-01-15,P501,상하 세트 (티+팬츠),세트,S,코랄,1,42000,42000,C04975,web
O26011502257,2026-01-15,P502,잠옷 세트,세트,M,그레이,1,28000,28000,C05192,web
O26011602258,2026-01-16,P101,데일리 베이직 티셔츠,상의,XL,카키,1,15900,15900,C02419,web
O26011602259,2026-01-16,P103,스트라이프 긴팔티,상의,S,네이비,1,21000,21000,C00266,web
O26011602260,2026-01-16,P103,스트라이프 긴팔티,상의,XS,그레이,1,21000,21000,C00048,web
O26011602261,2026-01-16,P103,스트라이프 긴팔티,상의,L,아이보리,1,21000,21000,C00489,web
O26011602262,2026-01-16,P104,고밀도 맨투맨,상의,XL,카키,1,29000,29000,C03551,web
O26011602263,2026-01-16,P201,코튼 조거 팬츠,하의,L,아이보리,1,24000,24000,C03455,web
O26011602264,2026-01-16,P203,레깅스 2종세트,하의,S,그레이,1,18000,18000,C02964,web
O26011602265,2026-01-16,P501,상하 세트 (티+팬츠),세트,L,네이비,1,42000,42000,C04200,web
O26011702266,2026-01-17,P104,고밀도 맨투맨,상의,XL,아이보리,1,29000,29000,C03502,web
O26011702267,2026-01-17,P202,데님 오버올,하의,S,코랄,1,39000,39000,C04053,web
O26011702268,2026-01-17,P203,레깅스 2종세트,하의,M,그레이,1,18000,18000,C00443,web
O26011702269,2026-01-17,P203,레깅스 2종세트,하의,XS,코랄,1,18000,18000,C00227,web
O26011702270,2026-01-17,P301,경량 패딩 베스트,아우터,L,코랄,1,52000,52000,C01403,web
O26011702271,2026-01-17,P301,경량 패딩 베스트,아우터,M,코랄,1,52000,52000,C03288,web
O26011702272,2026-01-17,P301,경량 패딩 베스트,아우터,S,그레이,1,52000,52000,C00649,web
O26011702273,2026-01-17,P302,후드 집업 점퍼,아우터,XL,그레이,1,48000,48000,C03919,web
O26011702274,2026-01-17,P501,상하 세트 (티+팬츠),세트,L,네이비,1,42000,42000,C01202,web
O26011702275,2026-01-17,P501,상하 세트 (티+팬츠),세트,S,그레이,1,42000,42000,C00915,web
O26011702276,2026-01-17,P502,잠옷 세트,세트,S,네이비,1,28000,28000,C03594,web
O26011802277,2026-01-18,P101,데일리 베이직 티셔츠,상의,L,카키,1,15900,15900,C04091,web
O26011802278,2026-01-18,P102,프릴 카라 블라우스,상의,S,그레이,1,32000,32000,C04955,web
O26011802279,2026-01-18,P104,고밀도 맨투맨,상의,L,카키,1,29000,29000,C04529,web
O26011802280,2026-01-18,P104,고밀도 맨투맨,상의,M,코랄,1,29000,29000,C02506,web
O26011802281,2026-01-18,P201,코튼 조거 팬츠,하의,XL,아이보리,1,24000,24000,C00677,web
O26011802282,2026-01-18,P301,경량 패딩 베스트,아우터,M,네이비,1,52000,52000,C00644,web
O26011802283,2026-01-18,P302,후드 집업 점퍼,아우터,XL,코랄,1,48000,48000,C02589,web
O26011802284,2026-01-18,P302,후드 집업 점퍼,아우터,S,그레이,1,48000,48000,C00081,web
O26011802285,2026-01-18,P401,플라워 원피스,원피스,L,코랄,1,36000,36000,C00128,web
O26011802286,2026-01-18,P402,린넨 셔츠 원피스,원피스,L,코랄,1,47000,47000,C03525,web
O26011802287,2026-01-18,P501,상하 세트 (티+팬츠),세트,S,그레이,1,42000,42000,C02221,web
O26011902288,2026-01-19,P101,데일리 베이직 티셔츠,상의,M,코랄,1,15900,15900,C04003,web
O26011902289,2026-01-19,P102,프릴 카라 블라우스,상의,L,그레이,1,32000,32000,C02593,web
O26011902290,2026-01-19,P102,프릴 카라 블라우스,상의,L,카키,1,32000,32000,C05106,web
O26011902291,2026-01-19,P103,스트라이프 긴팔티,상의,L,코랄,1,21000,21000,C05053,web
O26011902292,2026-01-19,P104,고밀도 맨투맨,상의,XL,카키,1,29000,29000,C00590,web
O26011902293,2026-01-19,P201,코튼 조거 팬츠,하의,XS,그레이,1,24000,24000,C00101,web
O26011902294,2026-01-19,P202,데님 오버올,하의,M,네이비,1,39000,39000,C02071,web
O26011902295,2026-01-19,P202,데님 오버올,하의,S,카키,1,39000,39000,C04264,web
O26011902296,2026-01-19,P203,레깅스 2종세트,하의,M,그레이,1,18000,18000,C01841,web
O26011902297,2026-01-19,P301,경량 패딩 베스트,아우터,S,그레이,1,52000,52000,C00433,web
O26011902298,2026-01-19,P301,경량 패딩 베스트,아우터,M,카키,1,52000,52000,C02604,web
O26011902299,2026-01-19,P501,상하 세트 (티+팬츠),세트,S,코랄,1,42000,42000,C04323,web
O26011902300,2026-01-19,P502,잠옷 세트,세트,XS,코랄,1,28000,28000,C00216,web
O26011902301,2026-01-19,P502,잠옷 세트,세트,S,카키,1,28000,28000,C01466,web
O26012002302,2026-01-20,P101,데일리 베이직 티셔츠,상의,L,그레이,1,15900,15900,C00361,web
O26012002303,2026-01-20,P101,데일리 베이직 티셔츠,상의,S,네이비,1,15900,15900,C04001,web
O26012002304,2026-01-20,P101,데일리 베이직 티셔츠,상의,S,카키,1,15900,15900,C00482,web
O26012002305,2026-01-20,P101,데일리 베이직 티셔츠,상의,XL,아이보리,1,15900,15900,C00609,web
O26012002306,2026-01-20,P202,데님 오버올,하의,S,그레이,1,39000,39000,C01368,web
O26012002307,2026-01-20,P202,데님 오버올,하의,S,네이비,1,39000,39000,C02156,web
O26012002308,2026-01-20,P203,레깅스 2종세트,하의,S,그레이,1,18000,18000,C04175,web
O26012002309,2026-01-20,P302,후드 집업 점퍼,아우터,S,아이보리,1,48000,48000,C04124,web
O26012002310,2026-01-20,P302,후드 집업 점퍼,아우터,L,카키,1,48000,48000,C03181,web
O26012002311,2026-01-20,P501,상하 세트 (티+팬츠),세트,S,아이보리,1,42000,42000,C02070,web
O26012002312,2026-01-20,P502,잠옷 세트,세트,M,코랄,1,28000,28000,C00214,web
O26012102313,2026-01-21,P101,데일리 베이직 티셔츠,상의,XS,아이보리,1,15900,15900,C05167,web
O26012102314,2026-01-21,P101,데일리 베이직 티셔츠,상의,S,아이보리,1,15900,15900,C00075,web
O26012102315,2026-01-21,P101,데일리 베이직 티셔츠,상의,S,카키,1,15900,15900,C00496,web
O26012102316,2026-01-21,P103,스트라이프 긴팔티,상의,L,코랄,1,21000,21000,C00139,web
O26012102317,2026-01-21,P104,고밀도 맨투맨,상의,M,네이비,1,29000,29000,C00035,web
O26012102318,2026-01-21,P203,레깅스 2종세트,하의,S,네이비,1,18000,18000,C02357,web
O26012102319,2026-01-21,P203,레깅스 2종세트,하의,L,아이보리,1,18000,18000,C00254,web
O26012102320,2026-01-21,P301,경량 패딩 베스트,아우터,L,그레이,1,52000,52000,C00224,web
O26012102321,2026-01-21,P302,후드 집업 점퍼,아우터,S,카키,1,48000,48000,C00486,web
O26012102322,2026-01-21,P302,후드 집업 점퍼,아우터,XL,그레이,1,48000,48000,C04578,web
O26012102323,2026-01-21,P302,후드 집업 점퍼,아우터,M,네이비,1,48000,48000,C01417,web
O26012102324,2026-01-21,P302,후드 집업 점퍼,아우터,L,그레이,1,48000,48000,C00112,web
O26012102325,2026-01-21,P302,후드 집업 점퍼,아우터,L,그레이,1,48000,48000,C00419,web
O26012102326,2026-01-21,P401,플라워 원피스,원피스,M,아이보리,1,36000,36000,C03984,web
O26012102327,2026-01-21,P501,상하 세트 (티+팬츠),세트,M,카키,1,42000,42000,C00002,web
O26012102328,2026-01-21,P501,상하 세트 (티+팬츠),세트,M,그레이,1,42000,42000,C00938,web
O26012102329,2026-01-21,P502,잠옷 세트,세트,M,코랄,1,28000,28000,C02096,web
O26012102330,2026-01-21,P502,잠옷 세트,세트,L,그레이,1,28000,28000,C00547,web
O26012202331,2026-01-22,P101,데일리 베이직 티셔츠,상의,XL,그레이,1,15900,15900,C00129,web
O26012202332,2026-01-22,P101,데일리 베이직 티셔츠,상의,XS,카키,1,15900,15900,C00098,web
O26012202333,2026-01-22,P102,프릴 카라 블라우스,상의,XL,그레이,1,32000,32000,C04993,web
O26012202334,2026-01-22,P201,코튼 조거 팬츠,하의,L,아이보리,1,24000,24000,C03291,web
O26012202335,2026-01-22,P301,경량 패딩 베스트,아우터,L,코랄,1,52000,52000,C00403,web
O26012202336,2026-01-22,P302,후드 집업 점퍼,아우터,M,그레이,1,48000,48000,C00114,web
O26012202337,2026-01-22,P302,후드 집업 점퍼,아우터,M,아이보리,1,48000,48000,C00258,web
O26012202338,2026-01-22,P302,후드 집업 점퍼,아우터,M,그레이,1,48000,48000,C03524,web
O26012202339,2026-01-22,P401,플라워 원피스,원피스,M,코랄,1,36000,36000,C03737,web
O26012202340,2026-01-22,P501,상하 세트 (티+팬츠),세트,M,그레이,1,42000,42000,C00349,web
O26012202341,2026-01-22,P502,잠옷 세트,세트,S,카키,1,28000,28000,C00481,web
O26012202342,2026-01-22,P502,잠옷 세트,세트,S,네이비,1,28000,28000,C00370,web
O26012302343,2026-01-23,P104,고밀도 맨투맨,상의,L,그레이,1,29000,29000,C03407,web
O26012302344,2026-01-23,P201,코튼 조거 팬츠,하의,XS,코랄,1,24000,24000,C05195,web
O26012302345,2026-01-23,P203,레깅스 2종세트,하의,S,아이보리,1,18000,18000,C03222,web
O26012302346,2026-01-23,P301,경량 패딩 베스트,아우터,M,카키,1,52000,52000,C01154,web
O26012302347,2026-01-23,P301,경량 패딩 베스트,아우터,XL,코랄,1,52000,52000,C00775,web
O26012302348,2026-01-23,P302,후드 집업 점퍼,아우터,XL,카키,1,48000,48000,C00568,web
O26012302349,2026-01-23,P401,플라워 원피스,원피스,M,그레이,1,36000,36000,C00052,web
O26012302350,2026-01-23,P501,상하 세트 (티+팬츠),세트,S,네이비,1,42000,42000,C00553,web
O26012402351,2026-01-24,P101,데일리 베이직 티셔츠,상의,XL,코랄,1,15900,15900,C00441,web
O26012402352,2026-01-24,P101,데일리 베이직 티셔츠,상의,S,아이보리,1,15900,15900,C04296,web
O26012402353,2026-01-24,P104,고밀도 맨투맨,상의,L,그레이,1,29000,29000,C04820,web
O26012402354,2026-01-24,P104,고밀도 맨투맨,상의,S,그레이,1,29000,29000,C01020,web
O26012402355,2026-01-24,P202,데님 오버올,하의,L,그레이,1,39000,39000,C02728,web
O26012402356,2026-01-24,P301,경량 패딩 베스트,아우터,L,아이보리,1,52000,52000,C00210,web
O26012402357,2026-01-24,P302,후드 집업 점퍼,아우터,M,코랄,1,48000,48000,C04212,web
O26012402358,2026-01-24,P502,잠옷 세트,세트,XS,코랄,1,28000,28000,C02396,web
O26012502359,2026-01-25,P103,스트라이프 긴팔티,상의,XS,네이비,1,21000,21000,C01190,web
O26012502360,2026-01-25,P103,스트라이프 긴팔티,상의,S,그레이,1,21000,21000,C04413,web
O26012502361,2026-01-25,P103,스트라이프 긴팔티,상의,S,아이보리,1,21000,21000,C03797,web
O26012502362,2026-01-25,P201,코튼 조거 팬츠,하의,L,카키,1,24000,24000,C03880,web
O26012502363,2026-01-25,P201,코튼 조거 팬츠,하의,M,카키,1,24000,24000,C00915,web
O26012502364,2026-01-25,P202,데님 오버올,하의,S,카키,1,39000,39000,C00588,web
O26012502365,2026-01-25,P203,레깅스 2종세트,하의,M,코랄,1,18000,18000,C04959,web
O26012502366,2026-01-25,P301,경량 패딩 베스트,아우터,S,그레이,1,52000,52000,C00888,web
O26012502367,2026-01-25,P301,경량 패딩 베스트,아우터,M,그레이,1,52000,52000,C04094,web
O26012502368,2026-01-25,P501,상하 세트 (티+팬츠),세트,S,그레이,1,42000,42000,C00154,web
O26012502369,2026-01-25,P502,잠옷 세트,세트,S,네이비,1,28000,28000,C00938,web
O26012602370,2026-01-26,P104,고밀도 맨투맨,상의,M,그레이,1,29000,29000,C02856,web
O26012602371,2026-01-26,P201,코튼 조거 팬츠,하의,L,카키,1,24000,24000,C00656,web
O26012602372,2026-01-26,P201,코튼 조거 팬츠,하의,S,아이보리,1,24000,24000,C04835,web
O26012602373,2026-01-26,P301,경량 패딩 베스트,아우터,M,네이비,1,52000,52000,C00166,web
O26012602374,2026-01-26,P301,경량 패딩 베스트,아우터,S,그레이,1,52000,52000,C04826,web
O26012602375,2026-01-26,P501,상하 세트 (티+팬츠),세트,XL,카키,1,42000,42000,C00304,web
O26012702376,2026-01-27,P101,데일리 베이직 티셔츠,상의,M,코랄,1,15900,15900,C00648,web
O26012702377,2026-01-27,P102,프릴 카라 블라우스,상의,S,네이비,1,32000,32000,C03397,web
O26012702378,2026-01-27,P104,고밀도 맨투맨,상의,XL,코랄,1,29000,29000,C03157,web
O26012702379,2026-01-27,P301,경량 패딩 베스트,아우터,M,아이보리,1,52000,52000,C02139,web
O26012702380,2026-01-27,P302,후드 집업 점퍼,아우터,M,카키,1,48000,48000,C02075,web
O26012702381,2026-01-27,P302,후드 집업 점퍼,아우터,L,코랄,1,48000,48000,C00440,web
O26012702382,2026-01-27,P501,상하 세트 (티+팬츠),세트,L,아이보리,1,42000,42000,C00158,web
O26012702383,2026-01-27,P501,상하 세트 (티+팬츠),세트,XL,네이비,1,42000,42000,C04747,web
O26012702384,2026-01-27,P502,잠옷 세트,세트,L,카키,1,28000,28000,C04831,web
O26012702385,2026-01-27,P502,잠옷 세트,세트,M,네이비,1,28000,28000,C00009,web
O26012802386,2026-01-28,P101,데일리 베이직 티셔츠,상의,L,그레이,1,15900,15900,C01851,web
O26012802387,2026-01-28,P104,고밀도 맨투맨,상의,M,네이비,1,29000,29000,C02961,web
O26012802388,2026-01-28,P104,고밀도 맨투맨,상의,S,네이비,1,29000,29000,C03732,web
O26012802389,2026-01-28,P201,코튼 조거 팬츠,하의,XL,그레이,1,24000,24000,C03808,web
O26012802390,2026-01-28,P202,데님 오버올,하의,M,그레이,1,39000,39000,C00277,web
O26012802391,2026-01-28,P202,데님 오버올,하의,L,그레이,1,39000,39000,C04200,web
O26012802392,2026-01-28,P203,레깅스 2종세트,하의,L,그레이,1,18000,18000,C04830,web
O26012802393,2026-01-28,P203,레깅스 2종세트,하의,S,그레이,1,18000,18000,C04012,web
O26012802394,2026-01-28,P301,경량 패딩 베스트,아우터,XL,네이비,1,52000,52000,C02787,web
O26012802395,2026-01-28,P302,후드 집업 점퍼,아우터,L,코랄,1,48000,48000,C02774,web
O26012802396,2026-01-28,P501,상하 세트 (티+팬츠),세트,M,그레이,1,42000,42000,C00728,web
O26012802397,2026-01-28,P501,상하 세트 (티+팬츠),세트,S,그레이,1,42000,42000,C03466,web
O26012802398,2026-01-28,P501,상하 세트 (티+팬츠),세트,S,카키,1,42000,42000,C03153,web
O26012902399,2026-01-29,P101,데일리 베이직 티셔츠,상의,XS,아이보리,1,15900,15900,C00389,web
O26012902400,2026-01-29,P103,스트라이프 긴팔티,상의,L,그레이,1,21000,21000,C03683,web
O26012902401,2026-01-29,P103,스트라이프 긴팔티,상의,S,네이비,1,21000,21000,C03210,web
O26012902402,2026-01-29,P104,고밀도 맨투맨,상의,M,코랄,1,29000,29000,C00593,web
O26012902403,2026-01-29,P104,고밀도 맨투맨,상의,M,아이보리,1,29000,29000,C00095,web
O26012902404,2026-01-29,P202,데님 오버올,하의,M,그레이,1,39000,39000,C01085,web
O26012902404,2026-01-29,P501,상하 세트 (티+팬츠),세트,M,그레이,1,42000,42000,C01085,web
O26012902405,2026-01-29,P202,데님 오버올,하의,M,코랄,1,39000,39000,C04005,web
O26012902406,2026-01-29,P203,레깅스 2종세트,하의,XS,코랄,1,18000,18000,C02223,web
O26012902407,2026-01-29,P203,레깅스 2종세트,하의,M,카키,1,18000,18000,C02565,web
O26012902408,2026-01-29,P203,레깅스 2종세트,하의,M,네이비,1,18000,18000,C02856,web
O26012902409,2026-01-29,P301,경량 패딩 베스트,아우터,XL,카키,1,52000,52000,C03490,web
O26012902410,2026-01-29,P301,경량 패딩 베스트,아우터,M,카키,1,52000,52000,C00118,web
O26012902411,2026-01-29,P302,후드 집업 점퍼,아우터,M,아이보리,1,48000,48000,C00199,web
O26012902412,2026-01-29,P302,후드 집업 점퍼,아우터,M,그레이,1,48000,48000,C04402,web
O26012902413,2026-01-29,P401,플라워 원피스,원피스,M,그레이,1,36000,36000,C04690,web
O26012902414,2026-01-29,P501,상하 세트 (티+팬츠),세트,S,카키,1,42000,42000,C00137,web
O26012902415,2026-01-29,P502,잠옷 세트,세트,M,네이비,1,28000,28000,C03568,web
O26013002416,2026-01-30,P101,데일리 베이직 티셔츠,상의,L,아이보리,1,15900,15900,C01404,web
O26013002417,2026-01-30,P102,프릴 카라 블라우스,상의,M,아이보리,1,32000,32000,C02308,web
O26013002418,2026-01-30,P104,고밀도 맨투맨,상의,XL,그레이,1,29000,29000,C00659,web
O26013002419,2026-01-30,P203,레깅스 2종세트,하의,S,코랄,1,18000,18000,C03372,web
O26013002420,2026-01-30,P203,레깅스 2종세트,하의,M,코랄,1,18000,18000,C01543,web
O26013002421,2026-01-30,P203,레깅스 2종세트,하의,S,코랄,1,18000,18000,C00371,web
O26013002422,2026-01-30,P301,경량 패딩 베스트,아우터,M,카키,1,52000,52000,C02609,web
O26013002423,2026-01-30,P301,경량 패딩 베스트,아우터,XL,아이보리,1,52000,52000,C04690,web
O26013002424,2026-01-30,P301,경량 패딩 베스트,아우터,XL,아이보리,1,52000,52000,C04822,web
O26013002425,2026-01-30,P302,후드 집업 점퍼,아우터,XL,카키,1,48000,48000,C00696,web
O26013002426,2026-01-30,P302,후드 집업 점퍼,아우터,XL,그레이,1,48000,48000,C03262,web
O26013002427,2026-01-30,P402,린넨 셔츠 원피스,원피스,S,아이보리,1,47000,47000,C02017,web
O26013002428,2026-01-30,P501,상하 세트 (티+팬츠),세트,M,카키,1,42000,42000,C00059,web
O26013002429,2026-01-30,P501,상하 세트 (티+팬츠),세트,M,그레이,1,42000,42000,C00271,web
O26013002430,2026-01-30,P502,잠옷 세트,세트,S,아이보리,1,28000,28000,C03064,web
O26013102431,2026-01-31,P104,고밀도 맨투맨,상의,M,그레이,1,29000,29000,C00438,web
O26013102432,2026-01-31,P201,코튼 조거 팬츠,하의,M,아이보리,1,24000,24000,C03026,web
O26013102433,2026-01-31,P203,레깅스 2종세트,하의,M,네이비,1,18000,18000,C04766,web
O26013102434,2026-01-31,P301,경량 패딩 베스트,아우터,XL,그레이,1,52000,52000,C00975,web
O26013102435,2026-01-31,P302,후드 집업 점퍼,아우터,M,코랄,1,48000,48000,C01363,web
O26013102436,2026-01-31,P302,후드 집업 점퍼,아우터,XL,네이비,1,48000,48000,C00569,web
O26013102437,2026-01-31,P502,잠옷 세트,세트,XS,아이보리,1,28000,28000,C04391,web
O26020102438,2026-02-01,P101,데일리 베이직 티셔츠,상의,M,카키,1,15900,15900,C00782,web
O26020102439,2026-02-01,P101,데일리 베이직 티셔츠,상의,XL,아이보리,1,15900,15900,C00581,web
O26020102440,2026-02-01,P101,데일리 베이직 티셔츠,상의,L,코랄,1,15900,15900,C00077,web
O26020102441,2026-02-01,P103,스트라이프 긴팔티,상의,L,그레이,1,21000,21000,C04741,web
O26020102442,2026-02-01,P203,레깅스 2종세트,하의,XS,코랄,1,18000,18000,C01686,web
O26020102443,2026-02-01,P301,경량 패딩 베스트,아우터,S,그레이,1,52000,52000,C04068,web
O26020102444,2026-02-01,P302,후드 집업 점퍼,아우터,M,아이보리,1,48000,48000,C02897,web
O26020102445,2026-02-01,P402,린넨 셔츠 원피스,원피스,S,네이비,1,47000,47000,C01966,web
O26020102446,2026-02-01,P502,잠옷 세트,세트,S,아이보리,1,28000,28000,C04771,web
O26020202447,2026-02-02,P101,데일리 베이직 티셔츠,상의,M,카키,1,15900,15900,C00270,web
O26020202448,2026-02-02,P101,데일리 베이직 티셔츠,상의,S,코랄,1,15900,15900,C00213,web
O26020202449,2026-02-02,P103,스트라이프 긴팔티,상의,M,아이보리,1,21000,21000,C03983,web
O26020202450,2026-02-02,P201,코튼 조거 팬츠,하의,M,아이보리,1,24000,24000,C01465,web
O26020202451,2026-02-02,P202,데님 오버올,하의,L,코랄,1,39000,39000,C00930,web
O26020202452,2026-02-02,P203,레깅스 2종세트,하의,M,네이비,1,18000,18000,C04072,web
O26020202453,2026-02-02,P302,후드 집업 점퍼,아우터,S,아이보리,1,48000,48000,C03171,web
O26020202454,2026-02-02,P302,후드 집업 점퍼,아우터,M,아이보리,1,48000,48000,C01593,web
O26020202455,2026-02-02,P401,플라워 원피스,원피스,M,네이비,1,36000,36000,C02848,web
O26020202456,2026-02-02,P401,플라워 원피스,원피스,M,아이보리,1,36000,36000,C02709,web
O26020202457,2026-02-02,P501,상하 세트 (티+팬츠),세트,XL,네이비,1,42000,42000,C02737,web
O26020202458,2026-02-02,P501,상하 세트 (티+팬츠),세트,XL,아이보리,1,42000,42000,C00012,web
O26020302459,2026-02-03,P101,데일리 베이직 티셔츠,상의,L,아이보리,1,15900,15900,C04620,web
O26020302460,2026-02-03,P102,프릴 카라 블라우스,상의,S,아이보리,1,32000,32000,C02797,web
O26020302461,2026-02-03,P103,스트라이프 긴팔티,상의,L,네이비,1,21000,21000,C04328,web
O26020302462,2026-02-03,P104,고밀도 맨투맨,상의,XL,카키,1,29000,29000,C03372,web
O26020302463,2026-02-03,P104,고밀도 맨투맨,상의,S,아이보리,1,29000,29000,C02822,web
O26020302464,2026-02-03,P104,고밀도 맨투맨,상의,M,코랄,1,29000,29000,C03261,web
O26020302465,2026-02-03,P301,경량 패딩 베스트,아우터,M,아이보리,1,52000,52000,C00019,web
O26020302466,2026-02-03,P501,상하 세트 (티+팬츠),세트,L,네이비,1,42000,42000,C03064,web
O26020302467,2026-02-03,P501,상하 세트 (티+팬츠),세트,M,그레이,1,42000,42000,C04797,web
O26020402468,2026-02-04,P104,고밀도 맨투맨,상의,S,네이비,1,29000,29000,C00013,web
O26020402469,2026-02-04,P201,코튼 조거 팬츠,하의,L,코랄,1,24000,24000,C00292,web
O26020402470,2026-02-04,P301,경량 패딩 베스트,아우터,M,아이보리,1,52000,52000,C01401,web
O26020402471,2026-02-04,P302,후드 집업 점퍼,아우터,M,코랄,1,48000,48000,C04121,web
O26020402472,2026-02-04,P302,후드 집업 점퍼,아우터,M,코랄,1,48000,48000,C01880,web
O26020502473,2026-02-05,P101,데일리 베이직 티셔츠,상의,L,카키,1,15900,15900,C01147,web
O26020502474,2026-02-05,P101,데일리 베이직 티셔츠,상의,XS,카키,1,15900,15900,C02834,web
O26020502475,2026-02-05,P102,프릴 카라 블라우스,상의,S,네이비,1,32000,32000,C00347,web
O26020502476,2026-02-05,P103,스트라이프 긴팔티,상의,XS,코랄,1,21000,21000,C03418,web
O26020502477,2026-02-05,P201,코튼 조거 팬츠,하의,M,아이보리,1,24000,24000,C03246,web
O26020502478,2026-02-05,P202,데님 오버올,하의,S,아이보리,1,39000,39000,C00067,web
O26020502479,2026-02-05,P203,레깅스 2종세트,하의,L,카키,1,18000,18000,C02087,web
O26020502480,2026-02-05,P302,후드 집업 점퍼,아우터,M,코랄,1,48000,48000,C00107,web
O26020502481,2026-02-05,P501,상하 세트 (티+팬츠),세트,M,그레이,1,42000,42000,C00074,web
O26020502482,2026-02-05,P501,상하 세트 (티+팬츠),세트,M,카키,1,42000,42000,C04669,web
O26020502483,2026-02-05,P501,상하 세트 (티+팬츠),세트,XL,그레이,1,42000,42000,C00482,web
O26020602484,2026-02-06,P102,프릴 카라 블라우스,상의,XL,그레이,1,32000,32000,C01113,web
O26020602485,2026-02-06,P102,프릴 카라 블라우스,상의,XL,네이비,1,32000,32000,C04399,web
O26020602486,2026-02-06,P103,스트라이프 긴팔티,상의,XS,그레이,1,21000,21000,C02841,web
O26020602487,2026-02-06,P103,스트라이프 긴팔티,상의,L,그레이,1,21000,21000,C00295,web
O26020602488,2026-02-06,P104,고밀도 맨투맨,상의,XL,카키,1,29000,29000,C02363,web
O26020602489,2026-02-06,P203,레깅스 2종세트,하의,M,아이보리,1,18000,18000,C04512,web
O26020602490,2026-02-06,P301,경량 패딩 베스트,아우터,L,네이비,1,52000,52000,C00403,web
O26020602491,2026-02-06,P302,후드 집업 점퍼,아우터,XL,그레이,1,48000,48000,C02348,web
O26020602492,2026-02-06,P401,플라워 원피스,원피스,M,네이비,1,36000,36000,C00396,web
O26020602493,2026-02-06,P502,잠옷 세트,세트,L,네이비,1,28000,28000,C00122,web
O26020702494,2026-02-07,P101,데일리 베이직 티셔츠,상의,XS,코랄,1,15900,15900,C05029,web
O26020702495,2026-02-07,P102,프릴 카라 블라우스,상의,XL,그레이,1,32000,32000,C00459,web
O26020702496,2026-02-07,P102,프릴 카라 블라우스,상의,L,카키,1,32000,32000,C02585,web
O26020702497,2026-02-07,P103,스트라이프 긴팔티,상의,L,코랄,1,21000,21000,C04159,web
O26020702498,2026-02-07,P104,고밀도 맨투맨,상의,M,네이비,1,29000,29000,C01101,web
O26020702499,2026-02-07,P202,데님 오버올,하의,S,아이보리,1,39000,39000,C00014,web
O26020702500,2026-02-07,P203,레깅스 2종세트,하의,XS,아이보리,1,18000,18000,C00261,web
O26020702501,2026-02-07,P203,레깅스 2종세트,하의,L,그레이,1,18000,18000,C04511,web
O26020702502,2026-02-07,P203,레깅스 2종세트,하의,M,카키,1,18000,18000,C01632,web
O26020702503,2026-02-07,P301,경량 패딩 베스트,아우터,L,아이보리,1,52000,52000,C04417,web
O26020702504,2026-02-07,P301,경량 패딩 베스트,아우터,XL,아이보리,1,52000,52000,C03318,web
O26020702505,2026-02-07,P302,후드 집업 점퍼,아우터,S,그레이,1,48000,48000,C01412,web
O26020702506,2026-02-07,P401,플라워 원피스,원피스,L,그레이,1,36000,36000,C03805,web
O26020702507,2026-02-07,P401,플라워 원피스,원피스,M,아이보리,1,36000,36000,C00580,web
O26020702508,2026-02-07,P401,플라워 원피스,원피스,L,코랄,1,36000,36000,C00390,web
O26020702509,2026-02-07,P402,린넨 셔츠 원피스,원피스,L,그레이,1,47000,47000,C02811,web
O26020702510,2026-02-07,P402,린넨 셔츠 원피스,원피스,S,코랄,1,47000,47000,C00085,web
O26020702511,2026-02-07,P402,린넨 셔츠 원피스,원피스,M,코랄,1,47000,47000,C03377,web
O26020702512,2026-02-07,P501,상하 세트 (티+팬츠),세트,XL,아이보리,1,42000,42000,C00301,web
O26020702513,2026-02-07,P502,잠옷 세트,세트,XS,카키,1,28000,28000,C00372,web
O26020802514,2026-02-08,P101,데일리 베이직 티셔츠,상의,L,코랄,1,15900,15900,C00280,web
O26020802515,2026-02-08,P101,데일리 베이직 티셔츠,상의,L,그레이,1,15900,15900,C00567,web
O26020802516,2026-02-08,P101,데일리 베이직 티셔츠,상의,L,그레이,1,15900,15900,C00600,web
O26020802517,2026-02-08,P101,데일리 베이직 티셔츠,상의,L,아이보리,1,15900,15900,C02420,web
O26020802518,2026-02-08,P102,프릴 카라 블라우스,상의,S,네이비,1,32000,32000,C02718,web
O26020802519,2026-02-08,P202,데님 오버올,하의,M,카키,1,39000,39000,C00597,web
O26020802520,2026-02-08,P301,경량 패딩 베스트,아우터,S,카키,1,52000,52000,C01428,web
O26020802521,2026-02-08,P302,후드 집업 점퍼,아우터,L,코랄,1,48000,48000,C03503,web
O26020802522,2026-02-08,P502,잠옷 세트,세트,L,카키,1,28000,28000,C02468,web
O26020902523,2026-02-09,P101,데일리 베이직 티셔츠,상의,XS,아이보리,1,15900,15900,C03113,web
O26020902524,2026-02-09,P101,데일리 베이직 티셔츠,상의,S,그레이,1,15900,15900,C00873,web
O26020902525,2026-02-09,P102,프릴 카라 블라우스,상의,L,아이보리,1,32000,32000,C02298,web
O26020902526,2026-02-09,P102,프릴 카라 블라우스,상의,S,코랄,1,32000,32000,C05133,web
O26020902527,2026-02-09,P103,스트라이프 긴팔티,상의,M,카키,1,21000,21000,C03838,web
O26020902528,2026-02-09,P103,스트라이프 긴팔티,상의,S,코랄,1,21000,21000,C03198,web
O26020902529,2026-02-09,P105,루즈핏 니트,상의,L,그레이,1,39000,39000,C00323,web
O26020902530,2026-02-09,P201,코튼 조거 팬츠,하의,L,그레이,1,24000,24000,C02830,web
O26020902531,2026-02-09,P201,코튼 조거 팬츠,하의,L,카키,1,24000,24000,C00537,web
O26020902532,2026-02-09,P202,데님 오버올,하의,M,코랄,1,39000,39000,C00867,web
O26020902533,2026-02-09,P203,레깅스 2종세트,하의,L,카키,1,18000,18000,C00448,web
O26020902534,2026-02-09,P203,레깅스 2종세트,하의,L,코랄,1,18000,18000,C00186,web
O26020902535,2026-02-09,P203,레깅스 2종세트,하의,XS,코랄,1,18000,18000,C00447,web
O26020902536,2026-02-09,P402,린넨 셔츠 원피스,원피스,L,그레이,1,47000,47000,C02649,web
O26020902537,2026-02-09,P501,상하 세트 (티+팬츠),세트,L,아이보리,1,42000,42000,C01822,web
O26021002538,2026-02-10,P102,프릴 카라 블라우스,상의,M,카키,1,32000,32000,C01536,web
O26021002539,2026-02-10,P103,스트라이프 긴팔티,상의,M,그레이,1,21000,21000,C01328,web
O26021002540,2026-02-10,P103,스트라이프 긴팔티,상의,S,코랄,1,21000,21000,C00707,web
O26021002541,2026-02-10,P104,고밀도 맨투맨,상의,XL,카키,1,29000,29000,C01521,web
O26021002542,2026-02-10,P104,고밀도 맨투맨,상의,M,아이보리,1,29000,29000,C01572,web
O26021002543,2026-02-10,P201,코튼 조거 팬츠,하의,XS,아이보리,1,24000,24000,C00314,web
O26021002544,2026-02-10,P202,데님 오버올,하의,S,네이비,1,39000,39000,C00084,web
O26021002545,2026-02-10,P301,경량 패딩 베스트,아우터,L,카키,1,52000,52000,C03742,web
O26021002546,2026-02-10,P302,후드 집업 점퍼,아우터,L,아이보리,1,48000,48000,C05076,web
O26021002547,2026-02-10,P401,플라워 원피스,원피스,L,그레이,1,36000,36000,C01469,web
O26021002548,2026-02-10,P402,린넨 셔츠 원피스,원피스,S,코랄,1,47000,47000,C02455,web
O26021002549,2026-02-10,P501,상하 세트 (티+팬츠),세트,XL,코랄,1,42000,42000,C00649,web
O26021002550,2026-02-10,P501,상하 세트 (티+팬츠),세트,XL,코랄,1,42000,42000,C02281,web
O26021002551,2026-02-10,P502,잠옷 세트,세트,XS,그레이,1,28000,28000,C00019,web
O26021102552,2026-02-11,P101,데일리 베이직 티셔츠,상의,L,코랄,1,15900,15900,C00838,web
O26021102553,2026-02-11,P101,데일리 베이직 티셔츠,상의,S,아이보리,1,15900,15900,C00460,web
O26021102554,2026-02-11,P101,데일리 베이직 티셔츠,상의,XL,카키,1,15900,15900,C00847,web
O26021102555,2026-02-11,P102,프릴 카라 블라우스,상의,L,코랄,1,32000,32000,C02225,web
O26021102556,2026-02-11,P103,스트라이프 긴팔티,상의,S,네이비,1,21000,21000,C00504,web
O26021102557,2026-02-11,P301,경량 패딩 베스트,아우터,S,카키,1,52000,52000,C02200,web
O26021102558,2026-02-11,P301,경량 패딩 베스트,아우터,M,그레이,1,52000,52000,C04439,web
O26021102559,2026-02-11,P501,상하 세트 (티+팬츠),세트,M,그레이,1,42000,42000,C02229,web
O26021102560,2026-02-11,P501,상하 세트 (티+팬츠),세트,M,아이보리,1,42000,42000,C04670,web
O26021202561,2026-02-12,P104,고밀도 맨투맨,상의,XL,그레이,1,29000,29000,C05116,web
O26021202562,2026-02-12,P104,고밀도 맨투맨,상의,S,네이비,1,29000,29000,C00088,web
O26021202563,2026-02-12,P105,루즈핏 니트,상의,M,그레이,1,39000,39000,C02577,web
O26021202564,2026-02-12,P105,루즈핏 니트,상의,M,코랄,1,39000,39000,C00798,web
O26021202565,2026-02-12,P105,루즈핏 니트,상의,M,그레이,1,39000,39000,C04126,web
O26021202566,2026-02-12,P201,코튼 조거 팬츠,하의,XS,그레이,1,24000,24000,C00646,web
O26021202567,2026-02-12,P201,코튼 조거 팬츠,하의,M,코랄,1,24000,24000,C00184,web
O26021202568,2026-02-12,P201,코튼 조거 팬츠,하의,S,코랄,1,24000,24000,C00650,web
O26021202569,2026-02-12,P201,코튼 조거 팬츠,하의,L,아이보리,1,24000,24000,C04677,web
O26021202570,2026-02-12,P202,데님 오버올,하의,S,아이보리,1,39000,39000,C01910,web
O26021202571,2026-02-12,P301,경량 패딩 베스트,아우터,S,네이비,1,52000,52000,C00039,web
O26021202572,2026-02-12,P302,후드 집업 점퍼,아우터,S,아이보리,1,48000,48000,C02626,web
O26021202573,2026-02-12,P302,후드 집업 점퍼,아우터,M,카키,1,48000,48000,C00550,web
O26021202574,2026-02-12,P501,상하 세트 (티+팬츠),세트,XL,네이비,1,42000,42000,C02265,web
O26021202575,2026-02-12,P502,잠옷 세트,세트,S,네이비,1,28000,28000,C00591,web
O26021302576,2026-02-13,P101,데일리 베이직 티셔츠,상의,XS,카키,1,15900,15900,C02658,web
O26021302577,2026-02-13,P102,프릴 카라 블라우스,상의,M,코랄,1,32000,32000,C02480,web
O26021302578,2026-02-13,P203,레깅스 2종세트,하의,S,아이보리,1,18000,18000,C03468,web
O26021302579,2026-02-13,P301,경량 패딩 베스트,아우터,S,카키,1,52000,52000,C01883,web
O26021302580,2026-02-13,P301,경량 패딩 베스트,아우터,XL,카키,1,52000,52000,C02055,web
O26021302581,2026-02-13,P302,후드 집업 점퍼,아우터,L,카키,1,48000,48000,C05097,web
O26021302582,2026-02-13,P401,플라워 원피스,원피스,M,그레이,1,36000,36000,C03495,web
O26021302583,2026-02-13,P402,린넨 셔츠 원피스,원피스,S,아이보리,1,47000,47000,C00574,web
O26021302584,2026-02-13,P402,린넨 셔츠 원피스,원피스,L,아이보리,1,47000,47000,C00220,web
O26021302585,2026-02-13,P501,상하 세트 (티+팬츠),세트,XL,그레이,1,42000,42000,C00203,web
O26021302586,2026-02-13,P501,상하 세트 (티+팬츠),세트,M,네이비,1,42000,42000,C03123,web
O26021302587,2026-02-13,P501,상하 세트 (티+팬츠),세트,XL,그레이,1,42000,42000,C05120,web
O26021402588,2026-02-14,P101,데일리 베이직 티셔츠,상의,XS,코랄,1,15900,15900,C00694,web
O26021402589,2026-02-14,P101,데일리 베이직 티셔츠,상의,XL,네이비,1,15900,15900,C01390,web
O26021402590,2026-02-14,P101,데일리 베이직 티셔츠,상의,L,네이비,1,15900,15900,C00309,web
O26021402591,2026-02-14,P103,스트라이프 긴팔티,상의,M,네이비,1,21000,21000,C00049,web
O26021402592,2026-02-14,P103,스트라이프 긴팔티,상의,XS,코랄,1,21000,21000,C02925,web
O26021402593,2026-02-14,P103,스트라이프 긴팔티,상의,S,네이비,1,21000,21000,C04125,web
O26021402594,2026-02-14,P103,스트라이프 긴팔티,상의,XS,아이보리,1,21000,21000,C00934,web
O26021402595,2026-02-14,P105,루즈핏 니트,상의,S,아이보리,1,39000,39000,C03131,web
O26021402596,2026-02-14,P202,데님 오버올,하의,M,코랄,1,39000,39000,C01579,web
O26021402597,2026-02-14,P301,경량 패딩 베스트,아우터,L,네이비,1,52000,52000,C04962,web
O26021402598,2026-02-14,P302,후드 집업 점퍼,아우터,XL,카키,1,48000,48000,C01270,web
O26021402599,2026-02-14,P501,상하 세트 (티+팬츠),세트,XL,코랄,1,42000,42000,C01060,web
O26021402600,2026-02-14,P501,상하 세트 (티+팬츠),세트,L,카키,1,42000,42000,C03970,web
O26021402601,2026-02-14,P501,상하 세트 (티+팬츠),세트,M,네이비,1,42000,42000,C02102,web
O26021402602,2026-02-14,P501,상하 세트 (티+팬츠),세트,M,카키,1,42000,42000,C01512,web
O26021502603,2026-02-15,P101,데일리 베이직 티셔츠,상의,S,아이보리,1,15900,15900,C00283,web
O26021502604,2026-02-15,P103,스트라이프 긴팔티,상의,XS,카키,1,21000,21000,C00265,web
O26021502605,2026-02-15,P201,코튼 조거 팬츠,하의,S,아이보리,1,24000,24000,C03875,web
O26021502606,2026-02-15,P203,레깅스 2종세트,하의,XS,아이보리,1,18000,18000,C00284,web
O26021502607,2026-02-15,P203,레깅스 2종세트,하의,M,그레이,1,18000,18000,C00226,web
O26021502608,2026-02-15,P301,경량 패딩 베스트,아우터,S,아이보리,1,52000,52000,C03702,web
O26021502609,2026-02-15,P302,후드 집업 점퍼,아우터,S,코랄,1,48000,48000,C02577,web
O26021502610,2026-02-15,P302,후드 집업 점퍼,아우터,XL,카키,1,48000,48000,C03927,web
O26021502611,2026-02-15,P302,후드 집업 점퍼,아우터,S,코랄,1,48000,48000,C01127,web
O26021502612,2026-02-15,P401,플라워 원피스,원피스,M,카키,1,36000,36000,C04297,web
O26021502613,2026-02-15,P401,플라워 원피스,원피스,L,카키,1,36000,36000,C02748,web
O26021502614,2026-02-15,P401,플라워 원피스,원피스,L,그레이,1,36000,36000,C02308,web
O26021502615,2026-02-15,P502,잠옷 세트,세트,S,아이보리,1,28000,28000,C00433,web
O26021602616,2026-02-16,P101,데일리 베이직 티셔츠,상의,L,아이보리,1,15900,15900,C02021,web
O26021602617,2026-02-16,P103,스트라이프 긴팔티,상의,M,아이보리,1,21000,21000,C04564,web
O26021602618,2026-02-16,P103,스트라이프 긴팔티,상의,M,네이비,1,21000,21000,C04223,web
O26021602619,2026-02-16,P103,스트라이프 긴팔티,상의,XS,아이보리,1,21000,21000,C03587,web
O26021602620,2026-02-16,P103,스트라이프 긴팔티,상의,L,아이보리,1,21000,21000,C05002,web
O26021602621,2026-02-16,P104,고밀도 맨투맨,상의,XL,그레이,1,29000,29000,C00826,web
O26021602622,2026-02-16,P105,루즈핏 니트,상의,S,코랄,1,39000,39000,C00475,web
O26021602623,2026-02-16,P203,레깅스 2종세트,하의,M,카키,1,18000,18000,C01937,web
O26021602624,2026-02-16,P301,경량 패딩 베스트,아우터,XL,아이보리,1,52000,52000,C03616,web
O26021602625,2026-02-16,P302,후드 집업 점퍼,아우터,M,아이보리,1,48000,48000,C04901,web
O26021602626,2026-02-16,P501,상하 세트 (티+팬츠),세트,M,아이보리,1,42000,42000,C03262,web
O26021702627,2026-02-17,P101,데일리 베이직 티셔츠,상의,L,카키,1,15900,15900,C03751,web
O26021702628,2026-02-17,P101,데일리 베이직 티셔츠,상의,XS,네이비,1,15900,15900,C03242,web
O26021702629,2026-02-17,P102,프릴 카라 블라우스,상의,M,아이보리,1,32000,32000,C00205,web
O26021702630,2026-02-17,P103,스트라이프 긴팔티,상의,XS,카키,1,21000,21000,C00108,web
O26021702631,2026-02-17,P201,코튼 조거 팬츠,하의,M,네이비,1,24000,24000,C00375,web
O26021702632,2026-02-17,P201,코튼 조거 팬츠,하의,XL,그레이,1,24000,24000,C02335,web
O26021702633,2026-02-17,P201,코튼 조거 팬츠,하의,M,아이보리,1,24000,24000,C00154,web
O26021702634,2026-02-17,P202,데님 오버올,하의,L,네이비,1,39000,39000,C04849,web
O26021702635,2026-02-17,P202,데님 오버올,하의,S,그레이,1,39000,39000,C00007,web
O26021702636,2026-02-17,P202,데님 오버올,하의,S,네이비,1,39000,39000,C02157,web
O26021702637,2026-02-17,P302,후드 집업 점퍼,아우터,XL,코랄,1,48000,48000,C00136,web
O26021802638,2026-02-18,P101,데일리 베이직 티셔츠,상의,XL,그레이,1,15900,15900,C02700,web
O26021802639,2026-02-18,P102,프릴 카라 블라우스,상의,M,네이비,1,32000,32000,C03961,web
O26021802640,2026-02-18,P102,프릴 카라 블라우스,상의,L,코랄,1,32000,32000,C00101,web
O26021802641,2026-02-18,P105,루즈핏 니트,상의,L,네이비,1,39000,39000,C01154,web
O26021802642,2026-02-18,P201,코튼 조거 팬츠,하의,S,코랄,1,24000,24000,C04908,web
O26021802643,2026-02-18,P201,코튼 조거 팬츠,하의,M,아이보리,1,24000,24000,C00019,web
O26021802644,2026-02-18,P203,레깅스 2종세트,하의,M,네이비,1,18000,18000,C00393,web
O26021802645,2026-02-18,P301,경량 패딩 베스트,아우터,M,카키,1,52000,52000,C03199,web
O26021802646,2026-02-18,P301,경량 패딩 베스트,아우터,XL,네이비,1,52000,52000,C01530,web
O26021802647,2026-02-18,P301,경량 패딩 베스트,아우터,S,카키,1,52000,52000,C03117,web
O26021802648,2026-02-18,P302,후드 집업 점퍼,아우터,M,카키,1,48000,48000,C04272,web
O26021802649,2026-02-18,P302,후드 집업 점퍼,아우터,M,네이비,1,48000,48000,C00846,web
O26021802650,2026-02-18,P302,후드 집업 점퍼,아우터,M,아이보리,1,48000,48000,C04504,web
O26021802651,2026-02-18,P402,린넨 셔츠 원피스,원피스,L,아이보리,1,47000,47000,C02124,web
O26021802652,2026-02-18,P402,린넨 셔츠 원피스,원피스,L,코랄,1,47000,47000,C04333,web
O26021802653,2026-02-18,P501,상하 세트 (티+팬츠),세트,XL,네이비,1,42000,42000,C00354,web
O26021802654,2026-02-18,P502,잠옷 세트,세트,L,코랄,1,28000,28000,C02746,web
O26021802655,2026-02-18,P502,잠옷 세트,세트,XS,코랄,1,28000,28000,C01132,web
O26021802656,2026-02-18,P502,잠옷 세트,세트,S,코랄,1,28000,28000,C00786,web
O26021902657,2026-02-19,P101,데일리 베이직 티셔츠,상의,L,카키,1,15900,15900,C00329,web
O26021902658,2026-02-19,P102,프릴 카라 블라우스,상의,M,네이비,1,32000,32000,C03764,web
O26021902659,2026-02-19,P102,프릴 카라 블라우스,상의,XL,카키,1,32000,32000,C00319,web
O26021902660,2026-02-19,P104,고밀도 맨투맨,상의,2XL,아이보리,1,29000,29000,C00535,web
O26021902661,2026-02-19,P104,고밀도 맨투맨,상의,S,그레이,1,29000,29000,C02178,web
O26021902662,2026-02-19,P104,고밀도 맨투맨,상의,XL,그레이,1,29000,29000,C04952,web
O26021902663,2026-02-19,P105,루즈핏 니트,상의,S,카키,1,39000,39000,C04987,web
O26021902664,2026-02-19,P201,코튼 조거 팬츠,하의,S,아이보리,1,24000,24000,C04992,web
O26021902665,2026-02-19,P201,코튼 조거 팬츠,하의,L,카키,1,24000,24000,C04877,web
O26021902666,2026-02-19,P202,데님 오버올,하의,S,아이보리,1,39000,39000,C00621,web
O26021902667,2026-02-19,P301,경량 패딩 베스트,아우터,S,그레이,1,52000,52000,C04360,web
O26021902668,2026-02-19,P301,경량 패딩 베스트,아우터,XL,그레이,1,52000,52000,C05109,web
O26021902669,2026-02-19,P302,후드 집업 점퍼,아우터,XL,네이비,1,48000,48000,C04642,web
O26021902670,2026-02-19,P402,린넨 셔츠 원피스,원피스,S,카키,1,47000,47000,C01732,web
O26021902671,2026-02-19,P501,상하 세트 (티+팬츠),세트,M,카키,1,42000,42000,C04942,web
O26022002672,2026-02-20,P101,데일리 베이직 티셔츠,상의,S,그레이,1,15900,15900,C03263,web
O26022002673,2026-02-20,P101,데일리 베이직 티셔츠,상의,M,코랄,1,15900,15900,C05185,web
O26022002674,2026-02-20,P102,프릴 카라 블라우스,상의,S,코랄,1,32000,32000,C00378,web
O26022002675,2026-02-20,P102,프릴 카라 블라우스,상의,S,카키,1,32000,32000,C02560,web
O26022002676,2026-02-20,P105,루즈핏 니트,상의,M,그레이,1,39000,39000,C02778,web
O26022002677,2026-02-20,P201,코튼 조거 팬츠,하의,L,그레이,1,24000,24000,C00103,web
O26022002678,2026-02-20,P203,레깅스 2종세트,하의,S,아이보리,1,18000,18000,C05031,web
O26022002679,2026-02-20,P301,경량 패딩 베스트,아우터,XL,카키,1,52000,52000,C01261,web
O26022002680,2026-02-20,P402,린넨 셔츠 원피스,원피스,L,그레이,1,47000,47000,C00368,web
O26022002681,2026-02-20,P402,린넨 셔츠 원피스,원피스,M,그레이,1,47000,47000,C04972,web
O26022002682,2026-02-20,P501,상하 세트 (티+팬츠),세트,M,네이비,1,42000,42000,C04529,web
O26022002683,2026-02-20,P501,상하 세트 (티+팬츠),세트,XL,그레이,1,42000,42000,C03802,web
O26022102684,2026-02-21,P101,데일리 베이직 티셔츠,상의,XL,네이비,1,15900,15900,C02297,web
O26022102685,2026-02-21,P201,코튼 조거 팬츠,하의,M,코랄,1,24000,24000,C01244,web
O26022102686,2026-02-21,P202,데님 오버올,하의,S,네이비,1,39000,39000,C04853,web
O26022102687,2026-02-21,P202,데님 오버올,하의,M,카키,1,39000,39000,C02339,web
O26022102688,2026-02-21,P203,레깅스 2종세트,하의,M,그레이,1,18000,18000,C00253,web
O26022102689,2026-02-21,P203,레깅스 2종세트,하의,L,네이비,1,18000,18000,C00170,web
O26022102690,2026-02-21,P203,레깅스 2종세트,하의,S,네이비,1,18000,18000,C00026,web
O26022102691,2026-02-21,P301,경량 패딩 베스트,아우터,M,코랄,1,52000,52000,C01607,web
O26022102692,2026-02-21,P301,경량 패딩 베스트,아우터,XL,아이보리,1,52000,52000,C04360,web
O26022102693,2026-02-21,P401,플라워 원피스,원피스,M,네이비,1,36000,36000,C02109,web
O26022102694,2026-02-21,P401,플라워 원피스,원피스,S,코랄,1,36000,36000,C03241,web
O26022102695,2026-02-21,P402,린넨 셔츠 원피스,원피스,L,아이보리,1,47000,47000,C01419,web
O26022102696,2026-02-21,P501,상하 세트 (티+팬츠),세트,XL,카키,1,42000,42000,C00445,web
O26022102697,2026-02-21,P501,상하 세트 (티+팬츠),세트,S,코랄,1,42000,42000,C00261,web
O26022202698,2026-02-22,P101,데일리 베이직 티셔츠,상의,L,코랄,1,15900,15900,C00578,web
O26022202699,2026-02-22,P101,데일리 베이직 티셔츠,상의,S,카키,1,15900,15900,C01474,web
O26022202700,2026-02-22,P102,프릴 카라 블라우스,상의,M,코랄,1,32000,32000,C00294,web
O26022202701,2026-02-22,P103,스트라이프 긴팔티,상의,L,카키,1,21000,21000,C00814,web
O26022202702,2026-02-22,P104,고밀도 맨투맨,상의,L,네이비,1,29000,29000,C03265,web
O26022202703,2026-02-22,P104,고밀도 맨투맨,상의,XL,카키,1,29000,29000,C00365,web
O26022202704,2026-02-22,P105,루즈핏 니트,상의,M,아이보리,1,39000,39000,C03176,web
O26022202705,2026-02-22,P201,코튼 조거 팬츠,하의,L,네이비,1,24000,24000,C01393,web
O26022202706,2026-02-22,P301,경량 패딩 베스트,아우터,S,그레이,1,52000,52000,C05122,web
O26022202707,2026-02-22,P302,후드 집업 점퍼,아우터,S,카키,1,48000,48000,C01738,web
O26022202708,2026-02-22,P302,후드 집업 점퍼,아우터,M,네이비,1,48000,48000,C00120,web
O26022202709,2026-02-22,P302,후드 집업 점퍼,아우터,S,네이비,1,48000,48000,C00003,web
O26022202710,2026-02-22,P401,플라워 원피스,원피스,L,카키,1,36000,36000,C00249,web
O26022202711,2026-02-22,P501,상하 세트 (티+팬츠),세트,S,카키,1,42000,42000,C02061,web
O26022202712,2026-02-22,P502,잠옷 세트,세트,XS,코랄,1,28000,28000,C00328,web
O26022302713,2026-02-23,P101,데일리 베이직 티셔츠,상의,XL,아이보리,1,15900,15900,C03782,web
O26022302714,2026-02-23,P101,데일리 베이직 티셔츠,상의,S,그레이,1,15900,15900,C00567,web
O26022302715,2026-02-23,P104,고밀도 맨투맨,상의,S,아이보리,1,29000,29000,C03292,web
O26022302716,2026-02-23,P104,고밀도 맨투맨,상의,M,아이보리,1,29000,29000,C04347,web
O26022302717,2026-02-23,P201,코튼 조거 팬츠,하의,M,그레이,1,24000,24000,C00586,web
O26022302718,2026-02-23,P301,경량 패딩 베스트,아우터,L,아이보리,1,52000,52000,C00245,web
O26022302719,2026-02-23,P301,경량 패딩 베스트,아우터,L,그레이,1,52000,52000,C05076,web
O26022302720,2026-02-23,P401,플라워 원피스,원피스,M,코랄,1,36000,36000,C02336,web
O26022302721,2026-02-23,P402,린넨 셔츠 원피스,원피스,M,카키,1,47000,47000,C02209,web
O26022302722,2026-02-23,P501,상하 세트 (티+팬츠),세트,M,아이보리,1,42000,42000,C04941,web
O26022302723,2026-02-23,P501,상하 세트 (티+팬츠),세트,M,카키,1,42000,42000,C00130,web
O26022302724,2026-02-23,P501,상하 세트 (티+팬츠),세트,XL,아이보리,1,42000,42000,C00069,web
O26022302725,2026-02-23,P502,잠옷 세트,세트,S,아이보리,1,28000,28000,C00412,web
O26022402726,2026-02-24,P101,데일리 베이직 티셔츠,상의,L,그레이,1,15900,15900,C00311,web
O26022402727,2026-02-24,P101,데일리 베이직 티셔츠,상의,S,코랄,1,15900,15900,C03467,web
O26022402728,2026-02-24,P105,루즈핏 니트,상의,L,아이보리,1,39000,39000,C04645,web
O26022402729,2026-02-24,P105,루즈핏 니트,상의,L,그레이,1,39000,39000,C00016,web
O26022402730,2026-02-24,P105,루즈핏 니트,상의,S,코랄,1,39000,39000,C00715,web
O26022402731,2026-02-24,P201,코튼 조거 팬츠,하의,L,카키,1,24000,24000,C00681,web
O26022402732,2026-02-24,P201,코튼 조거 팬츠,하의,S,카키,1,24000,24000,C02391,web
O26022402733,2026-02-24,P201,코튼 조거 팬츠,하의,M,그레이,1,24000,24000,C00243,web
O26022402734,2026-02-24,P203,레깅스 2종세트,하의,L,그레이,1,18000,18000,C00103,web
O26022402735,2026-02-24,P301,경량 패딩 베스트,아우터,XL,카키,1,52000,52000,C00128,web
O26022402736,2026-02-24,P302,후드 집업 점퍼,아우터,XL,그레이,1,48000,48000,C00939,web
O26022402737,2026-02-24,P302,후드 집업 점퍼,아우터,S,아이보리,1,48000,48000,C05173,web
O26022402738,2026-02-24,P402,린넨 셔츠 원피스,원피스,M,아이보리,1,47000,47000,C01943,web
O26022402739,2026-02-24,P502,잠옷 세트,세트,S,네이비,1,28000,28000,C04255,web
O26022502740,2026-02-25,P101,데일리 베이직 티셔츠,상의,XS,그레이,1,15900,15900,C03926,web
O26022502741,2026-02-25,P101,데일리 베이직 티셔츠,상의,XL,그레이,1,15900,15900,C03427,web
O26022502742,2026-02-25,P102,프릴 카라 블라우스,상의,S,코랄,1,32000,32000,C00281,web
O26022502743,2026-02-25,P103,스트라이프 긴팔티,상의,XS,네이비,1,21000,21000,C03406,web
O26022502744,2026-02-25,P104,고밀도 맨투맨,상의,M,코랄,1,29000,29000,C03893,web
O26022502745,2026-02-25,P203,레깅스 2종세트,하의,L,그레이,1,18000,18000,C03150,web
O26022502746,2026-02-25,P203,레깅스 2종세트,하의,L,아이보리,1,18000,18000,C02226,web
O26022502747,2026-02-25,P302,후드 집업 점퍼,아우터,XL,그레이,1,48000,48000,C00561,web
O26022502748,2026-02-25,P302,후드 집업 점퍼,아우터,S,코랄,1,48000,48000,C00393,web
O26022502749,2026-02-25,P401,플라워 원피스,원피스,M,코랄,1,36000,36000,C00575,web
O26022502750,2026-02-25,P401,플라워 원피스,원피스,S,네이비,1,36000,36000,C00337,web
O26022502751,2026-02-25,P402,린넨 셔츠 원피스,원피스,M,카키,1,47000,47000,C03717,web
O26022602752,2026-02-26,P101,데일리 베이직 티셔츠,상의,M,카키,1,15900,15900,C00697,web
O26022602752,2026-02-26,P302,후드 집업 점퍼,아우터,L,코랄,1,48000,48000,C00697,web
O26022602753,2026-02-26,P103,스트라이프 긴팔티,상의,XS,네이비,1,21000,21000,C03881,web
O26022602754,2026-02-26,P104,고밀도 맨투맨,상의,M,아이보리,1,29000,29000,C02640,web
O26022602755,2026-02-26,P201,코튼 조거 팬츠,하의,XL,코랄,1,24000,24000,C03403,web
O26022602756,2026-02-26,P301,경량 패딩 베스트,아우터,M,코랄,1,52000,52000,C02199,web
O26022602757,2026-02-26,P301,경량 패딩 베스트,아우터,L,네이비,1,52000,52000,C03221,web
O26022602758,2026-02-26,P301,경량 패딩 베스트,아우터,XL,카키,1,52000,52000,C01150,web
O26022602759,2026-02-26,P302,후드 집업 점퍼,아우터,L,아이보리,1,48000,48000,C01928,web
O26022602760,2026-02-26,P501,상하 세트 (티+팬츠),세트,XL,그레이,1,42000,42000,C00069,web
O26022602761,2026-02-26,P501,상하 세트 (티+팬츠),세트,L,네이비,1,42000,42000,C02329,web
O26022602762,2026-02-26,P501,상하 세트 (티+팬츠),세트,S,네이비,1,42000,42000,C00137,web
O26022602763,2026-02-26,P501,상하 세트 (티+팬츠),세트,M,카키,1,42000,42000,C04061,web
O26022702764,2026-02-27,P102,프릴 카라 블라우스,상의,S,네이비,1,32000,32000,C04501,web
O26022702765,2026-02-27,P102,프릴 카라 블라우스,상의,L,코랄,1,32000,32000,C00291,web
O26022702766,2026-02-27,P102,프릴 카라 블라우스,상의,M,네이비,1,32000,32000,C00347,web
O26022702767,2026-02-27,P201,코튼 조거 팬츠,하의,XS,코랄,1,24000,24000,C04021,web
O26022702768,2026-02-27,P201,코튼 조거 팬츠,하의,S,그레이,1,24000,24000,C01079,web
O26022702769,2026-02-27,P201,코튼 조거 팬츠,하의,L,카키,1,24000,24000,C01012,web
O26022702770,2026-02-27,P201,코튼 조거 팬츠,하의,XS,그레이,1,24000,24000,C00114,web
O26022702771,2026-02-27,P201,코튼 조거 팬츠,하의,XL,코랄,1,24000,24000,C00163,web
O26022702772,2026-02-27,P202,데님 오버올,하의,L,코랄,1,39000,39000,C01322,web
O26022702773,2026-02-27,P202,데님 오버올,하의,S,아이보리,1,39000,39000,C00353,web
O26022702774,2026-02-27,P203,레깅스 2종세트,하의,L,카키,1,18000,18000,C00170,web
O26022702775,2026-02-27,P301,경량 패딩 베스트,아우터,L,네이비,1,52000,52000,C05194,web
O26022702776,2026-02-27,P302,후드 집업 점퍼,아우터,S,그레이,1,48000,48000,C04509,web
O26022702777,2026-02-27,P501,상하 세트 (티+팬츠),세트,XL,네이비,1,42000,42000,C00554,web
O26022802778,2026-02-28,P102,프릴 카라 블라우스,상의,S,네이비,1,32000,32000,C00052,web
O26022802779,2026-02-28,P103,스트라이프 긴팔티,상의,XS,코랄,1,21000,21000,C03400,web
O26022802780,2026-02-28,P201,코튼 조거 팬츠,하의,L,카키,1,24000,24000,C01784,web
O26022802781,2026-02-28,P201,코튼 조거 팬츠,하의,L,카키,1,24000,24000,C02976,web
O26022802782,2026-02-28,P202,데님 오버올,하의,S,카키,1,39000,39000,C03524,web
O26022802783,2026-02-28,P202,데님 오버올,하의,S,그레이,1,39000,39000,C00091,web
O26022802784,2026-02-28,P203,레깅스 2종세트,하의,L,그레이,1,18000,18000,C03056,web
O26022802785,2026-02-28,P301,경량 패딩 베스트,아우터,L,그레이,1,52000,52000,C01821,web
O26022802786,2026-02-28,P301,경량 패딩 베스트,아우터,M,카키,1,52000,52000,C04691,web
O26022802787,2026-02-28,P301,경량 패딩 베스트,아우터,S,코랄,1,52000,52000,C02136,web
O26022802788,2026-02-28,P302,후드 집업 점퍼,아우터,M,코랄,1,48000,48000,C04823,web
O26022802789,2026-02-28,P302,후드 집업 점퍼,아우터,L,아이보리,1,48000,48000,C00204,web
O26022802790,2026-02-28,P401,플라워 원피스,원피스,L,네이비,1,36000,36000,C04368,web
O26022802791,2026-02-28,P501,상하 세트 (티+팬츠),세트,L,그레이,1,42000,42000,C01110,web
O26030102792,2026-03-01,P101,데일리 베이직 티셔츠,상의,S,카키,1,15900,15900,C00410,web
O26030102793,2026-03-01,P101,데일리 베이직 티셔츠,상의,M,그레이,1,15900,15900,C00101,web
O26030102794,2026-03-01,P201,코튼 조거 팬츠,하의,M,카키,1,24000,24000,C03213,web
O26030102795,2026-03-01,P302,후드 집업 점퍼,아우터,S,그레이,1,48000,48000,C03312,web
O26030102796,2026-03-01,P401,플라워 원피스,원피스,L,카키,1,36000,36000,C02209,web
O26030102797,2026-03-01,P402,린넨 셔츠 원피스,원피스,S,그레이,1,47000,47000,C04588,web
O26030102798,2026-03-01,P402,린넨 셔츠 원피스,원피스,S,아이보리,1,47000,47000,C02220,web
O26030102799,2026-03-01,P502,잠옷 세트,세트,S,카키,1,28000,28000,C00181,web
O26030102800,2026-03-01,P502,잠옷 세트,세트,XS,코랄,1,28000,28000,C00226,web
O26030102801,2026-03-01,P502,잠옷 세트,세트,XS,카키,1,28000,28000,C00619,web
O26030102802,2026-03-01,P502,잠옷 세트,세트,XS,네이비,1,28000,28000,C02513,web
O26030202803,2026-03-02,P101,데일리 베이직 티셔츠,상의,XL,카키,1,15900,15900,C04713,web
O26030202804,2026-03-02,P103,스트라이프 긴팔티,상의,S,카키,1,21000,21000,C01870,web
O26030202805,2026-03-02,P104,고밀도 맨투맨,상의,L,그레이,1,29000,29000,C00497,web
O26030202806,2026-03-02,P104,고밀도 맨투맨,상의,XL,카키,1,29000,29000,C02854,web
O26030202807,2026-03-02,P105,루즈핏 니트,상의,M,아이보리,1,39000,39000,C00472,web
O26030202808,2026-03-02,P202,데님 오버올,하의,M,카키,1,39000,39000,C00540,web
O26030202809,2026-03-02,P301,경량 패딩 베스트,아우터,L,네이비,1,52000,52000,C02768,web
O26030202810,2026-03-02,P302,후드 집업 점퍼,아우터,S,코랄,1,48000,48000,C02286,web
O26030202811,2026-03-02,P302,후드 집업 점퍼,아우터,L,카키,1,48000,48000,C00611,web
O26030202812,2026-03-02,P402,린넨 셔츠 원피스,원피스,S,네이비,1,47000,47000,C01707,web
O26030302813,2026-03-03,P101,데일리 베이직 티셔츠,상의,M,그레이,1,15900,15900,C04822,web
O26030302814,2026-03-03,P102,프릴 카라 블라우스,상의,M,카키,1,32000,32000,C05157,web
O26030302815,2026-03-03,P104,고밀도 맨투맨,상의,XL,아이보리,1,29000,29000,C02408,web
O26030302816,2026-03-03,P201,코튼 조거 팬츠,하의,L,코랄,1,24000,24000,C03682,web
O26030302817,2026-03-03,P202,데님 오버올,하의,L,코랄,1,39000,39000,C03936,web
O26030302818,2026-03-03,P203,레깅스 2종세트,하의,L,네이비,1,18000,18000,C01697,web
O26030302819,2026-03-03,P203,레깅스 2종세트,하의,S,코랄,1,18000,18000,C02246,web
O26030302820,2026-03-03,P301,경량 패딩 베스트,아우터,XL,네이비,1,52000,52000,C02813,web
O26030302821,2026-03-03,P402,린넨 셔츠 원피스,원피스,L,아이보리,1,47000,47000,C01684,web
O26030302822,2026-03-03,P501,상하 세트 (티+팬츠),세트,M,아이보리,1,42000,42000,C01914,web
O26030302823,2026-03-03,P502,잠옷 세트,세트,S,네이비,1,28000,28000,C02979,web
O26030402824,2026-03-04,P101,데일리 베이직 티셔츠,상의,S,코랄,1,15900,15900,C03955,web
O26030402825,2026-03-04,P101,데일리 베이직 티셔츠,상의,XS,코랄,1,15900,15900,C00704,web
O26030402826,2026-03-04,P102,프릴 카라 블라우스,상의,XL,카키,1,32000,32000,C02723,web
O26030402827,2026-03-04,P102,프릴 카라 블라우스,상의,M,카키,1,32000,32000,C00477,web
O26030402828,2026-03-04,P103,스트라이프 긴팔티,상의,L,그레이,1,21000,21000,C04229,web
O26030402829,2026-03-04,P104,고밀도 맨투맨,상의,M,카키,1,29000,29000,C04134,web
O26030402830,2026-03-04,P302,후드 집업 점퍼,아우터,S,그레이,1,48000,48000,C03195,web
O26030402831,2026-03-04,P302,후드 집업 점퍼,아우터,XL,코랄,1,48000,48000,C00014,web
O26030402832,2026-03-04,P401,플라워 원피스,원피스,L,그레이,1,36000,36000,C00178,web
O26030402833,2026-03-04,P401,플라워 원피스,원피스,S,그레이,1,36000,36000,C03924,web
O26030402834,2026-03-04,P401,플라워 원피스,원피스,M,코랄,1,36000,36000,C04249,web
O26030402835,2026-03-04,P402,린넨 셔츠 원피스,원피스,M,코랄,1,47000,47000,C01823,web
O26030402836,2026-03-04,P501,상하 세트 (티+팬츠),세트,M,아이보리,1,42000,42000,C03969,web
O26030502837,2026-03-05,P102,프릴 카라 블라우스,상의,S,그레이,1,32000,32000,C00318,web
O26030502838,2026-03-05,P103,스트라이프 긴팔티,상의,M,아이보리,1,21000,21000,C00082,web
O26030502839,2026-03-05,P103,스트라이프 긴팔티,상의,XS,아이보리,1,21000,21000,C03291,web
O26030502840,2026-03-05,P201,코튼 조거 팬츠,하의,L,코랄,1,24000,24000,C00343,web
O26030502841,2026-03-05,P201,코튼 조거 팬츠,하의,L,네이비,1,24000,24000,C00806,web
O26030502842,2026-03-05,P201,코튼 조거 팬츠,하의,L,카키,1,24000,24000,C03427,web
O26030502843,2026-03-05,P301,경량 패딩 베스트,아우터,M,그레이,1,52000,52000,C01816,web
O26030502844,2026-03-05,P301,경량 패딩 베스트,아우터,M,코랄,1,52000,52000,C03032,web
O26030502845,2026-03-05,P301,경량 패딩 베스트,아우터,S,네이비,1,52000,52000,C04133,web
O26030502846,2026-03-05,P302,후드 집업 점퍼,아우터,XL,코랄,1,48000,48000,C00709,web
O26030502847,2026-03-05,P302,후드 집업 점퍼,아우터,S,네이비,1,48000,48000,C00013,web
O26030502848,2026-03-05,P402,린넨 셔츠 원피스,원피스,S,그레이,1,47000,47000,C03891,web
O26030502849,2026-03-05,P501,상하 세트 (티+팬츠),세트,XL,카키,1,42000,42000,C00839,web
O26030502850,2026-03-05,P501,상하 세트 (티+팬츠),세트,L,카키,1,42000,42000,C03283,web
O26030502851,2026-03-05,P501,상하 세트 (티+팬츠),세트,M,카키,1,42000,42000,C04467,web
O26030502852,2026-03-05,P501,상하 세트 (티+팬츠),세트,S,코랄,1,42000,42000,C01079,web
O26030502853,2026-03-05,P501,상하 세트 (티+팬츠),세트,S,아이보리,1,42000,42000,C02986,web
O26030602854,2026-03-06,P101,데일리 베이직 티셔츠,상의,S,코랄,1,15900,15900,C03731,web
O26030602855,2026-03-06,P101,데일리 베이직 티셔츠,상의,S,카키,1,15900,15900,C03901,web
O26030602856,2026-03-06,P101,데일리 베이직 티셔츠,상의,XS,그레이,1,15900,15900,C03707,web
O26030602857,2026-03-06,P101,데일리 베이직 티셔츠,상의,M,아이보리,1,15900,15900,C00943,web
O26030602858,2026-03-06,P102,프릴 카라 블라우스,상의,XL,그레이,1,32000,32000,C00230,web
O26030602859,2026-03-06,P103,스트라이프 긴팔티,상의,S,그레이,1,21000,21000,C00038,web
O26030602860,2026-03-06,P103,스트라이프 긴팔티,상의,S,카키,1,21000,21000,C00533,web
O26030602861,2026-03-06,P103,스트라이프 긴팔티,상의,M,그레이,1,21000,21000,C04536,web
O26030602862,2026-03-06,P104,고밀도 맨투맨,상의,S,코랄,1,29000,29000,C04496,web
O26030602863,2026-03-06,P105,루즈핏 니트,상의,L,네이비,1,39000,39000,C04660,web
O26030602864,2026-03-06,P105,루즈핏 니트,상의,M,아이보리,1,39000,39000,C02349,web
O26030602865,2026-03-06,P201,코튼 조거 팬츠,하의,XS,카키,1,24000,24000,C00516,web
O26030602866,2026-03-06,P202,데님 오버올,하의,L,네이비,1,39000,39000,C00175,web
O26030602867,2026-03-06,P302,후드 집업 점퍼,아우터,L,아이보리,1,48000,48000,C04846,web
O26030602868,2026-03-06,P502,잠옷 세트,세트,S,네이비,1,28000,28000,C00261,web
O26030602869,2026-03-06,P502,잠옷 세트,세트,M,그레이,1,28000,28000,C02731,web
O26030602870,2026-03-06,P502,잠옷 세트,세트,S,네이비,1,28000,28000,C04101,web
O26030702871,2026-03-07,P103,스트라이프 긴팔티,상의,M,코랄,1,21000,21000,C00287,web
O26030702872,2026-03-07,P103,스트라이프 긴팔티,상의,S,그레이,1,21000,21000,C01681,web
O26030702873,2026-03-07,P104,고밀도 맨투맨,상의,XL,네이비,1,29000,29000,C00948,web
O26030702874,2026-03-07,P104,고밀도 맨투맨,상의,XL,카키,1,29000,29000,C00217,web
O26030702875,2026-03-07,P104,고밀도 맨투맨,상의,M,아이보리,1,29000,29000,C00030,web
O26030702876,2026-03-07,P104,고밀도 맨투맨,상의,M,코랄,1,29000,29000,C02297,web
O26030702877,2026-03-07,P201,코튼 조거 팬츠,하의,XL,카키,1,24000,24000,C00188,web
O26030702878,2026-03-07,P201,코튼 조거 팬츠,하의,M,카키,1,24000,24000,C00583,web
O26030702879,2026-03-07,P201,코튼 조거 팬츠,하의,L,아이보리,1,24000,24000,C00187,web
O26030702880,2026-03-07,P201,코튼 조거 팬츠,하의,XL,그레이,1,24000,24000,C01582,web
O26030702881,2026-03-07,P201,코튼 조거 팬츠,하의,S,그레이,1,24000,24000,C01961,web
O26030702882,2026-03-07,P201,코튼 조거 팬츠,하의,S,그레이,1,24000,24000,C01637,web
O26030702883,2026-03-07,P203,레깅스 2종세트,하의,L,아이보리,1,18000,18000,C04615,web
O26030702884,2026-03-07,P301,경량 패딩 베스트,아우터,L,코랄,1,52000,52000,C00502,web
O26030702885,2026-03-07,P401,플라워 원피스,원피스,M,코랄,1,36000,36000,C04798,web
O26030702886,2026-03-07,P402,린넨 셔츠 원피스,원피스,S,네이비,1,47000,47000,C04957,web
O26030702887,2026-03-07,P501,상하 세트 (티+팬츠),세트,XL,카키,1,42000,42000,C00824,web
O26030702888,2026-03-07,P501,상하 세트 (티+팬츠),세트,XL,카키,1,42000,42000,C03935,web
O26030702889,2026-03-07,P501,상하 세트 (티+팬츠),세트,M,코랄,1,42000,42000,C00056,web
O26030802890,2026-03-08,P101,데일리 베이직 티셔츠,상의,XS,네이비,1,15900,15900,C01999,web
O26030802891,2026-03-08,P102,프릴 카라 블라우스,상의,L,코랄,1,32000,32000,C02707,web
O26030802892,2026-03-08,P102,프릴 카라 블라우스,상의,L,그레이,1,32000,32000,C00536,web
O26030802893,2026-03-08,P103,스트라이프 긴팔티,상의,L,코랄,1,21000,21000,C03314,web
O26030802894,2026-03-08,P103,스트라이프 긴팔티,상의,S,코랄,1,21000,21000,C00551,web
O26030802895,2026-03-08,P105,루즈핏 니트,상의,L,네이비,1,39000,39000,C04199,web
O26030802896,2026-03-08,P105,루즈핏 니트,상의,L,코랄,1,39000,39000,C03385,web
O26030802897,2026-03-08,P201,코튼 조거 팬츠,하의,M,아이보리,1,24000,24000,C01696,web
O26030802898,2026-03-08,P301,경량 패딩 베스트,아우터,XL,카키,1,52000,52000,C04997,web
O26030802899,2026-03-08,P302,후드 집업 점퍼,아우터,S,카키,1,48000,48000,C03009,web
O26030802900,2026-03-08,P502,잠옷 세트,세트,M,카키,1,28000,28000,C00041,web
O26030802901,2026-03-08,P502,잠옷 세트,세트,S,코랄,1,28000,28000,C03523,web
O26030902902,2026-03-09,P101,데일리 베이직 티셔츠,상의,XL,네이비,1,15900,15900,C03493,web
O26030902903,2026-03-09,P101,데일리 베이직 티셔츠,상의,L,네이비,1,15900,15900,C05159,web
O26030902904,2026-03-09,P102,프릴 카라 블라우스,상의,L,그레이,1,32000,32000,C01400,web
O26030902905,2026-03-09,P105,루즈핏 니트,상의,M,아이보리,1,39000,39000,C00468,web
O26030902906,2026-03-09,P201,코튼 조거 팬츠,하의,L,네이비,1,24000,24000,C03635,web
O26030902907,2026-03-09,P202,데님 오버올,하의,M,코랄,1,39000,39000,C03304,web
O26030902908,2026-03-09,P203,레깅스 2종세트,하의,L,아이보리,1,18000,18000,C02828,web
O26030902909,2026-03-09,P302,후드 집업 점퍼,아우터,M,그레이,1,48000,48000,C01658,web
O26030902910,2026-03-09,P401,플라워 원피스,원피스,S,네이비,1,36000,36000,C00310,web
O26030902911,2026-03-09,P401,플라워 원피스,원피스,M,카키,1,36000,36000,C02494,web
O26030902912,2026-03-09,P402,린넨 셔츠 원피스,원피스,M,네이비,1,47000,47000,C03434,web
O26030902913,2026-03-09,P402,린넨 셔츠 원피스,원피스,S,네이비,1,47000,47000,C03244,web
O26030902914,2026-03-09,P501,상하 세트 (티+팬츠),세트,L,그레이,1,42000,42000,C01339,web
O26030902915,2026-03-09,P501,상하 세트 (티+팬츠),세트,L,네이비,1,42000,42000,C01591,web
O26030902916,2026-03-09,P502,잠옷 세트,세트,M,네이비,1,28000,28000,C04779,web
O26031002917,2026-03-10,P101,데일리 베이직 티셔츠,상의,L,그레이,1,15900,15900,C00203,web
O26031002918,2026-03-10,P103,스트라이프 긴팔티,상의,S,카키,1,21000,21000,C02326,web
O26031002919,2026-03-10,P104,고밀도 맨투맨,상의,S,네이비,1,29000,29000,C05191,web
O26031002920,2026-03-10,P105,루즈핏 니트,상의,S,카키,1,39000,39000,C00108,web
O26031002921,2026-03-10,P201,코튼 조거 팬츠,하의,S,그레이,1,24000,24000,C00911,web
O26031002922,2026-03-10,P201,코튼 조거 팬츠,하의,XL,코랄,1,24000,24000,C01305,web
O26031002923,2026-03-10,P201,코튼 조거 팬츠,하의,S,그레이,1,24000,24000,C00573,web
O26031002924,2026-03-10,P201,코튼 조거 팬츠,하의,XS,아이보리,1,24000,24000,C03329,web
O26031002925,2026-03-10,P202,데님 오버올,하의,M,그레이,1,39000,39000,C00395,web
O26031002926,2026-03-10,P301,경량 패딩 베스트,아우터,L,코랄,1,52000,52000,C00199,web
O26031002927,2026-03-10,P401,플라워 원피스,원피스,S,네이비,1,36000,36000,C01831,web
O26031002928,2026-03-10,P501,상하 세트 (티+팬츠),세트,L,그레이,1,42000,42000,C00054,web
O26031002929,2026-03-10,P502,잠옷 세트,세트,S,그레이,1,28000,28000,C03880,web
O26031002930,2026-03-10,P502,잠옷 세트,세트,S,코랄,1,28000,28000,C04507,web
O26031002931,2026-03-10,P502,잠옷 세트,세트,M,네이비,1,28000,28000,C01901,web
O26031102932,2026-03-11,P101,데일리 베이직 티셔츠,상의,L,그레이,1,15900,15900,C00220,web
O26031102933,2026-03-11,P102,프릴 카라 블라우스,상의,M,카키,1,32000,32000,C00110,web
O26031102934,2026-03-11,P104,고밀도 맨투맨,상의,S,코랄,1,29000,29000,C04719,web
O26031102935,2026-03-11,P201,코튼 조거 팬츠,하의,L,그레이,1,24000,24000,C00428,web
O26031102936,2026-03-11,P201,코튼 조거 팬츠,하의,M,카키,1,24000,24000,C00547,web
O26031102937,2026-03-11,P201,코튼 조거 팬츠,하의,XS,그레이,1,24000,24000,C00490,web
O26031102938,2026-03-11,P401,플라워 원피스,원피스,S,네이비,1,36000,36000,C02915,web
O26031102939,2026-03-11,P501,상하 세트 (티+팬츠),세트,XL,네이비,1,42000,42000,C00601,web
O26031202940,2026-03-12,P101,데일리 베이직 티셔츠,상의,XS,카키,1,15900,15900,C00550,web
O26031202941,2026-03-12,P103,스트라이프 긴팔티,상의,M,카키,1,21000,21000,C01311,web
O26031202942,2026-03-12,P104,고밀도 맨투맨,상의,2XL,아이보리,1,29000,29000,C03089,web
O26031202943,2026-03-12,P104,고밀도 맨투맨,상의,XL,카키,1,29000,29000,C03580,web
O26031202944,2026-03-12,P201,코튼 조거 팬츠,하의,L,아이보리,1,24000,24000,C04191,web
O26031202945,2026-03-12,P203,레깅스 2종세트,하의,L,그레이,1,18000,18000,C00262,web
O26031202946,2026-03-12,P301,경량 패딩 베스트,아우터,S,아이보리,1,52000,52000,C04908,web
O26031202947,2026-03-12,P302,후드 집업 점퍼,아우터,XL,네이비,1,48000,48000,C03762,web
O26031202948,2026-03-12,P501,상하 세트 (티+팬츠),세트,L,아이보리,1,42000,42000,C00089,web
O26031202949,2026-03-12,P502,잠옷 세트,세트,XS,코랄,1,28000,28000,C03143,web
O26031202950,2026-03-12,P502,잠옷 세트,세트,L,코랄,1,28000,28000,C04610,web
O26031302951,2026-03-13,P101,데일리 베이직 티셔츠,상의,M,네이비,1,15900,15900,C02150,web
O26031302952,2026-03-13,P102,프릴 카라 블라우스,상의,L,카키,1,32000,32000,C04838,web
O26031302953,2026-03-13,P104,고밀도 맨투맨,상의,M,코랄,1,29000,29000,C00090,web
O26031302954,2026-03-13,P104,고밀도 맨투맨,상의,S,아이보리,1,29000,29000,C04852,web
O26031302955,2026-03-13,P201,코튼 조거 팬츠,하의,L,그레이,1,24000,24000,C00849,web
O26031302956,2026-03-13,P302,후드 집업 점퍼,아우터,M,카키,1,48000,48000,C04551,web
O26031302957,2026-03-13,P401,플라워 원피스,원피스,S,그레이,1,36000,36000,C03224,web
O26031302958,2026-03-13,P401,플라워 원피스,원피스,M,카키,1,36000,36000,C03209,web
O26031302959,2026-03-13,P501,상하 세트 (티+팬츠),세트,M,아이보리,1,42000,42000,C00342,web
O26031302960,2026-03-13,P501,상하 세트 (티+팬츠),세트,S,카키,1,42000,42000,C00496,web
O26031302961,2026-03-13,P502,잠옷 세트,세트,M,그레이,1,28000,28000,C03196,web
O26031302962,2026-03-13,P502,잠옷 세트,세트,S,코랄,1,28000,28000,C04186,web
O26031302963,2026-03-13,P601,코튼 헤어밴드,악세서리,M,그레이,1,9900,9900,C00150,web
O26031402964,2026-03-14,P101,데일리 베이직 티셔츠,상의,L,카키,1,15900,15900,C02568,web
O26031402964,2026-03-14,P104,고밀도 맨투맨,상의,S,카키,1,29000,29000,C02568,web
O26031402965,2026-03-14,P101,데일리 베이직 티셔츠,상의,XL,그레이,1,15900,15900,C04809,web
O26031402966,2026-03-14,P102,프릴 카라 블라우스,상의,M,카키,1,32000,32000,C00494,web
O26031402967,2026-03-14,P103,스트라이프 긴팔티,상의,M,네이비,1,21000,21000,C02490,web
O26031402968,2026-03-14,P103,스트라이프 긴팔티,상의,L,카키,1,21000,21000,C00062,web
O26031402969,2026-03-14,P104,고밀도 맨투맨,상의,XL,카키,1,29000,29000,C02547,web
O26031402970,2026-03-14,P104,고밀도 맨투맨,상의,S,카키,1,29000,29000,C03180,web
O26031402971,2026-03-14,P302,후드 집업 점퍼,아우터,S,그레이,1,48000,48000,C03976,web
O26031502972,2026-03-15,P102,프릴 카라 블라우스,상의,L,네이비,1,32000,32000,C04842,web
O26031502973,2026-03-15,P103,스트라이프 긴팔티,상의,M,카키,1,21000,21000,C00392,web
O26031502974,2026-03-15,P103,스트라이프 긴팔티,상의,XS,그레이,1,21000,21000,C00043,web
O26031502975,2026-03-15,P104,고밀도 맨투맨,상의,L,코랄,1,29000,29000,C01035,web
O26031502976,2026-03-15,P104,고밀도 맨투맨,상의,2XL,카키,1,29000,29000,C00874,web
O26031502977,2026-03-15,P104,고밀도 맨투맨,상의,XL,아이보리,1,29000,29000,C03774,web
O26031502978,2026-03-15,P202,데님 오버올,하의,L,네이비,1,39000,39000,C00115,web
O26031502979,2026-03-15,P202,데님 오버올,하의,M,네이비,1,39000,39000,C00189,web
O26031502980,2026-03-15,P202,데님 오버올,하의,S,아이보리,1,39000,39000,C00484,web
O26031502981,2026-03-15,P203,레깅스 2종세트,하의,M,그레이,1,18000,18000,C00225,web
O26031502982,2026-03-15,P203,레깅스 2종세트,하의,S,아이보리,1,18000,18000,C02987,web
O26031502983,2026-03-15,P301,경량 패딩 베스트,아우터,L,카키,1,52000,52000,C00039,web
O26031502984,2026-03-15,P302,후드 집업 점퍼,아우터,S,코랄,1,48000,48000,C00440,web
O26031502985,2026-03-15,P401,플라워 원피스,원피스,L,그레이,1,36000,36000,C04550,web
O26031502986,2026-03-15,P402,린넨 셔츠 원피스,원피스,S,네이비,1,47000,47000,C05008,web
O26031502987,2026-03-15,P501,상하 세트 (티+팬츠),세트,M,코랄,1,42000,42000,C02408,web
O26031502988,2026-03-15,P502,잠옷 세트,세트,L,코랄,1,28000,28000,C00485,web
O26031502989,2026-03-15,P502,잠옷 세트,세트,M,네이비,1,28000,28000,C00596,web
O26031602990,2026-03-16,P101,데일리 베이직 티셔츠,상의,L,카키,1,15900,15900,C00305,web
O26031602991,2026-03-16,P102,프릴 카라 블라우스,상의,XL,카키,1,32000,32000,C04461,web
O26031602992,2026-03-16,P103,스트라이프 긴팔티,상의,S,카키,1,21000,21000,C05143,web
O26031602993,2026-03-16,P201,코튼 조거 팬츠,하의,XS,네이비,1,24000,24000,C02784,web
O26031602994,2026-03-16,P201,코튼 조거 팬츠,하의,S,네이비,1,24000,24000,C01722,web
O26031602995,2026-03-16,P401,플라워 원피스,원피스,S,카키,1,36000,36000,C00564,web
O26031602996,2026-03-16,P401,플라워 원피스,원피스,M,코랄,1,36000,36000,C01550,web
O26031602997,2026-03-16,P401,플라워 원피스,원피스,M,코랄,1,36000,36000,C01813,web
O26031602998,2026-03-16,P501,상하 세트 (티+팬츠),세트,L,코랄,1,42000,42000,C02348,web
O26031602999,2026-03-16,P501,상하 세트 (티+팬츠),세트,S,코랄,1,42000,42000,C00211,web
O26031603000,2026-03-16,P502,잠옷 세트,세트,S,코랄,1,28000,28000,C02219,web
O26031603001,2026-03-16,P601,코튼 헤어밴드,악세서리,M,그레이,1,9900,9900,C00378,web
O26031703002,2026-03-17,P101,데일리 베이직 티셔츠,상의,XL,아이보리,1,15900,15900,C02566,web
O26031703003,2026-03-17,P101,데일리 베이직 티셔츠,상의,XS,네이비,1,15900,15900,C01500,web
O26031703004,2026-03-17,P101,데일리 베이직 티셔츠,상의,M,네이비,1,15900,15900,C03427,web
O26031703005,2026-03-17,P101,데일리 베이직 티셔츠,상의,XL,네이비,1,15900,15900,C03466,web
O26031703006,2026-03-17,P102,프릴 카라 블라우스,상의,M,아이보리,1,32000,32000,C04704,web
O26031703007,2026-03-17,P103,스트라이프 긴팔티,상의,S,코랄,1,21000,21000,C04693,web
O26031703008,2026-03-17,P104,고밀도 맨투맨,상의,L,네이비,1,29000,29000,C03734,web
O26031703009,2026-03-17,P104,고밀도 맨투맨,상의,M,카키,1,29000,29000,C00282,web
O26031703010,2026-03-17,P302,후드 집업 점퍼,아우터,S,카키,1,48000,48000,C03089,web
O26031703011,2026-03-17,P402,린넨 셔츠 원피스,원피스,M,그레이,1,47000,47000,C00275,web
O26031703012,2026-03-17,P501,상하 세트 (티+팬츠),세트,XL,네이비,1,42000,42000,C02583,web
O26031703013,2026-03-17,P502,잠옷 세트,세트,L,그레이,1,28000,28000,C01912,web
O26031703014,2026-03-17,P502,잠옷 세트,세트,M,네이비,1,28000,28000,C03341,web
O26031803015,2026-03-18,P101,데일리 베이직 티셔츠,상의,XL,네이비,1,15900,15900,C04012,web
O26031803016,2026-03-18,P102,프릴 카라 블라우스,상의,S,카키,1,32000,32000,C02666,web
O26031803017,2026-03-18,P102,프릴 카라 블라우스,상의,S,그레이,1,32000,32000,C00416,web
O26031803018,2026-03-18,P103,스트라이프 긴팔티,상의,L,카키,1,21000,21000,C00863,web
O26031803019,2026-03-18,P104,고밀도 맨투맨,상의,L,카키,1,29000,29000,C01012,web
O26031803020,2026-03-18,P201,코튼 조거 팬츠,하의,XS,그레이,1,24000,24000,C04027,web
O26031803021,2026-03-18,P203,레깅스 2종세트,하의,S,아이보리,1,18000,18000,C04529,web
O26031803022,2026-03-18,P402,린넨 셔츠 원피스,원피스,S,아이보리,1,47000,47000,C00507,web
O26031803023,2026-03-18,P501,상하 세트 (티+팬츠),세트,S,그레이,1,42000,42000,C00625,web
O26031803024,2026-03-18,P501,상하 세트 (티+팬츠),세트,S,그레이,1,42000,42000,C04566,web
O26031803025,2026-03-18,P501,상하 세트 (티+팬츠),세트,L,아이보리,1,42000,42000,C01958,web
O26031803026,2026-03-18,P501,상하 세트 (티+팬츠),세트,M,카키,1,42000,42000,C00643,web
O26031903027,2026-03-19,P101,데일리 베이직 티셔츠,상의,S,코랄,1,15900,15900,C05075,web
O26031903028,2026-03-19,P105,루즈핏 니트,상의,M,아이보리,1,39000,39000,C00111,web
O26031903029,2026-03-19,P201,코튼 조거 팬츠,하의,M,코랄,1,24000,24000,C03643,web
O26031903030,2026-03-19,P201,코튼 조거 팬츠,하의,M,그레이,1,24000,24000,C04655,web
O26031903031,2026-03-19,P302,후드 집업 점퍼,아우터,M,아이보리,1,48000,48000,C01088,web
O26031903032,2026-03-19,P401,플라워 원피스,원피스,M,아이보리,1,36000,36000,C02430,web
O26031903033,2026-03-19,P402,린넨 셔츠 원피스,원피스,L,코랄,1,47000,47000,C00221,web
O26031903034,2026-03-19,P502,잠옷 세트,세트,M,네이비,1,28000,28000,C00208,web
O26032003035,2026-03-20,P103,스트라이프 긴팔티,상의,M,그레이,1,21000,21000,C00436,web
O26032003036,2026-03-20,P104,고밀도 맨투맨,상의,2XL,그레이,1,29000,29000,C01768,web
O26032003037,2026-03-20,P104,고밀도 맨투맨,상의,XL,코랄,1,29000,29000,C03086,web
O26032003038,2026-03-20,P105,루즈핏 니트,상의,M,그레이,1,39000,39000,C00337,web
O26032003039,2026-03-20,P105,루즈핏 니트,상의,S,코랄,1,39000,39000,C04951,web
O26032003040,2026-03-20,P401,플라워 원피스,원피스,S,그레이,1,36000,36000,C00139,web
O26032003041,2026-03-20,P401,플라워 원피스,원피스,S,네이비,1,36000,36000,C00469,web
O26032003042,2026-03-20,P501,상하 세트 (티+팬츠),세트,L,아이보리,1,42000,42000,C00602,web
O26032003043,2026-03-20,P502,잠옷 세트,세트,L,그레이,1,28000,28000,C01235,web
O26032003044,2026-03-20,P502,잠옷 세트,세트,M,아이보리,1,28000,28000,C00671,web
O26032103045,2026-03-21,P101,데일리 베이직 티셔츠,상의,XS,그레이,1,15900,15900,C00394,web
O26032103046,2026-03-21,P102,프릴 카라 블라우스,상의,XL,코랄,1,32000,32000,C00504,web
O26032103047,2026-03-21,P102,프릴 카라 블라우스,상의,S,네이비,1,32000,32000,C04758,web
O26032103048,2026-03-21,P103,스트라이프 긴팔티,상의,XS,아이보리,1,21000,21000,C00134,web
O26032103049,2026-03-21,P103,스트라이프 긴팔티,상의,L,네이비,1,21000,21000,C03026,web
O26032103050,2026-03-21,P202,데님 오버올,하의,L,코랄,1,39000,39000,C00499,web
O26032103051,2026-03-21,P202,데님 오버올,하의,L,그레이,1,39000,39000,C01310,web
O26032103052,2026-03-21,P202,데님 오버올,하의,M,아이보리,1,39000,39000,C00869,web
O26032103053,2026-03-21,P203,레깅스 2종세트,하의,L,네이비,1,18000,18000,C03571,web
O26032103054,2026-03-21,P203,레깅스 2종세트,하의,M,네이비,1,18000,18000,C00320,web
O26032103055,2026-03-21,P302,후드 집업 점퍼,아우터,L,그레이,1,48000,48000,C05170,web
O26032103056,2026-03-21,P501,상하 세트 (티+팬츠),세트,L,카키,1,42000,42000,C00355,web
O26032103057,2026-03-21,P601,코튼 헤어밴드,악세서리,S,네이비,1,9900,9900,C00353,web
O26032103058,2026-03-21,P601,코튼 헤어밴드,악세서리,S,네이비,1,9900,9900,C00679,web
O26032103059,2026-03-21,P601,코튼 헤어밴드,악세서리,M,그레이,1,9900,9900,C04379,web
O26032203060,2026-03-22,P101,데일리 베이직 티셔츠,상의,XL,그레이,1,15900,15900,C04029,web
O26032203061,2026-03-22,P101,데일리 베이직 티셔츠,상의,L,그레이,1,15900,15900,C00678,web
O26032203062,2026-03-22,P101,데일리 베이직 티셔츠,상의,XL,아이보리,1,15900,15900,C01807,web
O26032203063,2026-03-22,P101,데일리 베이직 티셔츠,상의,M,아이보리,1,15900,15900,C04405,web
O26032203064,2026-03-22,P102,프릴 카라 블라우스,상의,S,네이비,1,32000,32000,C03711,web
O26032203065,2026-03-22,P102,프릴 카라 블라우스,상의,L,그레이,1,32000,32000,C03664,web
O26032203066,2026-03-22,P103,스트라이프 긴팔티,상의,L,카키,1,21000,21000,C03235,web
O26032203067,2026-03-22,P104,고밀도 맨투맨,상의,M,네이비,1,29000,29000,C01844,web
O26032203068,2026-03-22,P104,고밀도 맨투맨,상의,S,네이비,1,29000,29000,C03210,web
O26032203069,2026-03-22,P105,루즈핏 니트,상의,M,아이보리,1,39000,39000,C00314,web
O26032203070,2026-03-22,P301,경량 패딩 베스트,아우터,M,아이보리,1,52000,52000,C00178,web
O26032203071,2026-03-22,P302,후드 집업 점퍼,아우터,M,그레이,1,48000,48000,C00081,web
O26032203072,2026-03-22,P402,린넨 셔츠 원피스,원피스,L,아이보리,1,47000,47000,C00495,web
O26032203073,2026-03-22,P501,상하 세트 (티+팬츠),세트,S,아이보리,1,42000,42000,C03702,web
O26032203074,2026-03-22,P502,잠옷 세트,세트,L,네이비,1,28000,28000,C04482,web
O26032203075,2026-03-22,P601,코튼 헤어밴드,악세서리,M,코랄,1,9900,9900,C03614,web
O26032303076,2026-03-23,P101,데일리 베이직 티셔츠,상의,L,카키,1,15900,15900,C04058,web
O26032303077,2026-03-23,P103,스트라이프 긴팔티,상의,L,그레이,1,21000,21000,C04011,web
O26032303078,2026-03-23,P103,스트라이프 긴팔티,상의,L,네이비,1,21000,21000,C00131,web
O26032303079,2026-03-23,P105,루즈핏 니트,상의,M,네이비,1,39000,39000,C02623,web
O26032303080,2026-03-23,P201,코튼 조거 팬츠,하의,XS,네이비,1,24000,24000,C04617,web
O26032303081,2026-03-23,P302,후드 집업 점퍼,아우터,S,카키,1,48000,48000,C01141,web
O26032303082,2026-03-23,P402,린넨 셔츠 원피스,원피스,M,아이보리,1,47000,47000,C01184,web
O26032303083,2026-03-23,P502,잠옷 세트,세트,M,코랄,1,28000,28000,C00294,web
O26032303084,2026-03-23,P502,잠옷 세트,세트,L,카키,1,28000,28000,C03516,web
O26032303085,2026-03-23,P601,코튼 헤어밴드,악세서리,S,그레이,1,9900,9900,C00122,web
O26032403086,2026-03-24,P101,데일리 베이직 티셔츠,상의,XS,카키,1,15900,15900,C00557,web
O26032403087,2026-03-24,P101,데일리 베이직 티셔츠,상의,M,카키,1,15900,15900,C00341,web
O26032403088,2026-03-24,P102,프릴 카라 블라우스,상의,L,코랄,1,32000,32000,C02495,web
O26032403089,2026-03-24,P103,스트라이프 긴팔티,상의,L,네이비,1,21000,21000,C04205,web
O26032403090,2026-03-24,P104,고밀도 맨투맨,상의,M,아이보리,1,29000,29000,C02765,web
O26032403091,2026-03-24,P104,고밀도 맨투맨,상의,XL,그레이,1,29000,29000,C03207,web
O26032403092,2026-03-24,P105,루즈핏 니트,상의,L,그레이,1,39000,39000,C00371,web
O26032403093,2026-03-24,P201,코튼 조거 팬츠,하의,M,코랄,1,24000,24000,C01297,web
O26032403094,2026-03-24,P202,데님 오버올,하의,M,네이비,1,39000,39000,C00507,web
O26032403095,2026-03-24,P203,레깅스 2종세트,하의,XS,카키,1,18000,18000,C01442,web
O26032403096,2026-03-24,P203,레깅스 2종세트,하의,M,카키,1,18000,18000,C03468,web
O26032403097,2026-03-24,P301,경량 패딩 베스트,아우터,XL,그레이,1,52000,52000,C04297,web
O26032403098,2026-03-24,P301,경량 패딩 베스트,아우터,S,네이비,1,52000,52000,C03665,web
O26032403099,2026-03-24,P302,후드 집업 점퍼,아우터,XL,코랄,1,48000,48000,C02576,web
O26032403100,2026-03-24,P302,후드 집업 점퍼,아우터,S,그레이,1,48000,48000,C02383,web
O26032403101,2026-03-24,P501,상하 세트 (티+팬츠),세트,XL,코랄,1,42000,42000,C00120,web
O26032403102,2026-03-24,P501,상하 세트 (티+팬츠),세트,XL,아이보리,1,42000,42000,C03874,web
O26032503103,2026-03-25,P101,데일리 베이직 티셔츠,상의,L,카키,1,15900,15900,C00436,web
O26032503104,2026-03-25,P101,데일리 베이직 티셔츠,상의,XS,네이비,1,15900,15900,C00265,web
O26032503105,2026-03-25,P101,데일리 베이직 티셔츠,상의,L,코랄,1,15900,15900,C00713,web
O26032503106,2026-03-25,P102,프릴 카라 블라우스,상의,XL,코랄,1,32000,32000,C04774,web
O26032503107,2026-03-25,P102,프릴 카라 블라우스,상의,S,카키,1,32000,32000,C03312,web
O26032503108,2026-03-25,P102,프릴 카라 블라우스,상의,M,코랄,1,32000,32000,C00563,web
O26032503109,2026-03-25,P103,스트라이프 긴팔티,상의,XS,네이비,1,21000,21000,C00268,web
O26032503110,2026-03-25,P103,스트라이프 긴팔티,상의,S,카키,1,21000,21000,C00973,web
O26032503111,2026-03-25,P104,고밀도 맨투맨,상의,2XL,코랄,1,29000,29000,C01599,web
O26032503112,2026-03-25,P105,루즈핏 니트,상의,M,네이비,1,39000,39000,C00024,web
O26032503113,2026-03-25,P201,코튼 조거 팬츠,하의,M,그레이,1,24000,24000,C02416,web
O26032503114,2026-03-25,P202,데님 오버올,하의,M,그레이,1,39000,39000,C00316,web
O26032503115,2026-03-25,P203,레깅스 2종세트,하의,S,아이보리,1,18000,18000,C01601,web
O26032503116,2026-03-25,P203,레깅스 2종세트,하의,XS,아이보리,1,18000,18000,C02205,web
O26032503117,2026-03-25,P301,경량 패딩 베스트,아우터,S,아이보리,1,52000,52000,C02178,web
O26032503118,2026-03-25,P301,경량 패딩 베스트,아우터,M,아이보리,1,52000,52000,C00714,web
O26032503119,2026-03-25,P302,후드 집업 점퍼,아우터,M,그레이,1,48000,48000,C04933,web
O26032503120,2026-03-25,P502,잠옷 세트,세트,L,아이보리,1,28000,28000,C04411,web
O26032503121,2026-03-25,P601,코튼 헤어밴드,악세서리,M,네이비,1,9900,9900,C00856,web
O26032503122,2026-03-25,P601,코튼 헤어밴드,악세서리,S,그레이,1,9900,9900,C03506,web
O26032603123,2026-03-26,P101,데일리 베이직 티셔츠,상의,XS,네이비,1,15900,15900,C00360,web
O26032603124,2026-03-26,P102,프릴 카라 블라우스,상의,S,카키,1,32000,32000,C02943,web
O26032603125,2026-03-26,P102,프릴 카라 블라우스,상의,S,코랄,1,32000,32000,C01928,web
O26032603126,2026-03-26,P102,프릴 카라 블라우스,상의,XL,카키,1,32000,32000,C02607,web
O26032603127,2026-03-26,P103,스트라이프 긴팔티,상의,L,아이보리,1,21000,21000,C00586,web
O26032603128,2026-03-26,P104,고밀도 맨투맨,상의,2XL,그레이,1,29000,29000,C00332,web
O26032603129,2026-03-26,P105,루즈핏 니트,상의,L,그레이,1,39000,39000,C01443,web
O26032603130,2026-03-26,P105,루즈핏 니트,상의,S,네이비,1,39000,39000,C00415,web
O26032603131,2026-03-26,P202,데님 오버올,하의,M,코랄,1,39000,39000,C03515,web
O26032603132,2026-03-26,P203,레깅스 2종세트,하의,S,카키,1,18000,18000,C00474,web
O26032603133,2026-03-26,P203,레깅스 2종세트,하의,M,네이비,1,18000,18000,C00192,web
O26032603134,2026-03-26,P401,플라워 원피스,원피스,L,카키,1,36000,36000,C03247,web
O26032603135,2026-03-26,P402,린넨 셔츠 원피스,원피스,S,카키,1,47000,47000,C04572,web
O26032603136,2026-03-26,P402,린넨 셔츠 원피스,원피스,M,네이비,1,47000,47000,C02096,web
O26032603137,2026-03-26,P601,코튼 헤어밴드,악세서리,M,코랄,1,9900,9900,C00182,web
O26032603138,2026-03-26,P601,코튼 헤어밴드,악세서리,M,그레이,1,9900,9900,C00028,web
O26032703139,2026-03-27,P101,데일리 베이직 티셔츠,상의,XL,그레이,1,15900,15900,C00143,web
O26032703140,2026-03-27,P101,데일리 베이직 티셔츠,상의,S,네이비,1,15900,15900,C04671,web
O26032703141,2026-03-27,P101,데일리 베이직 티셔츠,상의,M,카키,1,15900,15900,C04414,web
O26032703142,2026-03-27,P102,프릴 카라 블라우스,상의,XL,그레이,1,32000,32000,C01731,web
O26032703143,2026-03-27,P102,프릴 카라 블라우스,상의,M,그레이,1,32000,32000,C00569,web
O26032703144,2026-03-27,P104,고밀도 맨투맨,상의,2XL,아이보리,1,29000,29000,C02491,web
O26032703145,2026-03-27,P104,고밀도 맨투맨,상의,XL,네이비,1,29000,29000,C03620,web
O26032703146,2026-03-27,P201,코튼 조거 팬츠,하의,S,네이비,1,24000,24000,C03148,web
O26032703147,2026-03-27,P201,코튼 조거 팬츠,하의,M,네이비,1,24000,24000,C00217,web
O26032703148,2026-03-27,P202,데님 오버올,하의,L,네이비,1,39000,39000,C02795,web
O26032703149,2026-03-27,P401,플라워 원피스,원피스,L,아이보리,1,36000,36000,C00322,web
O26032703150,2026-03-27,P401,플라워 원피스,원피스,L,네이비,1,36000,36000,C02299,web
O26032703151,2026-03-27,P402,린넨 셔츠 원피스,원피스,L,그레이,1,47000,47000,C00182,web
O26032703152,2026-03-27,P402,린넨 셔츠 원피스,원피스,M,아이보리,1,47000,47000,C02446,web
O26032703153,2026-03-27,P501,상하 세트 (티+팬츠),세트,S,코랄,1,42000,42000,C02554,web
O26032703154,2026-03-27,P502,잠옷 세트,세트,S,카키,1,28000,28000,C04476,web
O26032703155,2026-03-27,P601,코튼 헤어밴드,악세서리,S,카키,1,9900,9900,C00329,web
O26032803156,2026-03-28,P102,프릴 카라 블라우스,상의,L,그레이,1,32000,32000,C00129,web
O26032803157,2026-03-28,P103,스트라이프 긴팔티,상의,XS,코랄,1,21000,21000,C03068,web
O26032803158,2026-03-28,P104,고밀도 맨투맨,상의,L,네이비,1,29000,29000,C00201,web
O26032803159,2026-03-28,P105,루즈핏 니트,상의,M,그레이,1,39000,39000,C02126,web
O26032803160,2026-03-28,P105,루즈핏 니트,상의,S,아이보리,1,39000,39000,C00439,web
O26032803161,2026-03-28,P201,코튼 조거 팬츠,하의,S,카키,1,24000,24000,C00373,web
O26032803162,2026-03-28,P202,데님 오버올,하의,L,네이비,1,39000,39000,C03880,web
O26032803163,2026-03-28,P302,후드 집업 점퍼,아우터,M,코랄,1,48000,48000,C00413,web
O26032803164,2026-03-28,P401,플라워 원피스,원피스,L,아이보리,1,36000,36000,C00092,web
O26032803165,2026-03-28,P402,린넨 셔츠 원피스,원피스,S,코랄,1,47000,47000,C00220,web
O26032803166,2026-03-28,P502,잠옷 세트,세트,XS,그레이,1,28000,28000,C00230,web
O26032803167,2026-03-28,P502,잠옷 세트,세트,XS,아이보리,1,28000,28000,C04222,web
O26032903168,2026-03-29,P101,데일리 베이직 티셔츠,상의,M,코랄,1,15900,15900,C04215,web
O26032903169,2026-03-29,P101,데일리 베이직 티셔츠,상의,XS,네이비,1,15900,15900,C03372,web
O26032903170,2026-03-29,P101,데일리 베이직 티셔츠,상의,XS,코랄,1,15900,15900,C01040,web
O26032903171,2026-03-29,P101,데일리 베이직 티셔츠,상의,S,네이비,1,15900,15900,C00330,web
O26032903172,2026-03-29,P101,데일리 베이직 티셔츠,상의,S,그레이,1,15900,15900,C04731,web
O26032903173,2026-03-29,P104,고밀도 맨투맨,상의,S,코랄,1,29000,29000,C04716,web
O26032903174,2026-03-29,P201,코튼 조거 팬츠,하의,XL,그레이,1,24000,24000,C01396,web
O26032903175,2026-03-29,P201,코튼 조거 팬츠,하의,M,네이비,1,24000,24000,C04105,web
O26032903176,2026-03-29,P203,레깅스 2종세트,하의,M,카키,1,18000,18000,C04104,web
O26032903177,2026-03-29,P203,레깅스 2종세트,하의,XS,그레이,1,18000,18000,C00050,web
O26032903178,2026-03-29,P301,경량 패딩 베스트,아우터,S,카키,1,52000,52000,C04600,web
O26032903179,2026-03-29,P302,후드 집업 점퍼,아우터,XL,코랄,1,48000,48000,C00145,web
O26032903180,2026-03-29,P302,후드 집업 점퍼,아우터,XL,코랄,1,48000,48000,C00610,web
O26032903181,2026-03-29,P401,플라워 원피스,원피스,M,그레이,1,36000,36000,C00528,web
O26032903182,2026-03-29,P502,잠옷 세트,세트,L,아이보리,1,28000,28000,C00024,web
O26033003183,2026-03-30,P101,데일리 베이직 티셔츠,상의,L,그레이,1,15900,15900,C05191,web
O26033003184,2026-03-30,P101,데일리 베이직 티셔츠,상의,XS,그레이,1,15900,15900,C02280,web
O26033003185,2026-03-30,P103,스트라이프 긴팔티,상의,S,네이비,1,21000,21000,C03456,web
O26033003186,2026-03-30,P105,루즈핏 니트,상의,S,네이비,1,39000,39000,C03434,web
O26033003187,2026-03-30,P201,코튼 조거 팬츠,하의,M,그레이,1,24000,24000,C03976,web
O26033003188,2026-03-30,P202,데님 오버올,하의,M,네이비,1,39000,39000,C00335,web
O26033003189,2026-03-30,P203,레깅스 2종세트,하의,S,네이비,1,18000,18000,C03009,web
O26033003190,2026-03-30,P401,플라워 원피스,원피스,S,아이보리,1,36000,36000,C02610,web
O26033003191,2026-03-30,P502,잠옷 세트,세트,S,그레이,1,28000,28000,C00061,web
O26033103192,2026-03-31,P101,데일리 베이직 티셔츠,상의,M,그레이,1,15900,15900,C02682,web
O26033103193,2026-03-31,P101,데일리 베이직 티셔츠,상의,XL,아이보리,1,15900,15900,C00764,web
O26033103194,2026-03-31,P104,고밀도 맨투맨,상의,M,그레이,1,29000,29000,C03499,web
O26033103195,2026-03-31,P104,고밀도 맨투맨,상의,M,아이보리,1,29000,29000,C00486,web
O26033103196,2026-03-31,P201,코튼 조거 팬츠,하의,XL,그레이,1,24000,24000,C00389,web
O26033103197,2026-03-31,P201,코튼 조거 팬츠,하의,XS,아이보리,1,24000,24000,C02534,web
O26033103198,2026-03-31,P202,데님 오버올,하의,M,그레이,1,39000,39000,C04547,web
O26033103199,2026-03-31,P203,레깅스 2종세트,하의,M,그레이,1,18000,18000,C00180,web
O26033103200,2026-03-31,P301,경량 패딩 베스트,아우터,M,그레이,1,52000,52000,C00370,web
O26033103201,2026-03-31,P302,후드 집업 점퍼,아우터,L,코랄,1,48000,48000,C01081,web
O26033103202,2026-03-31,P402,린넨 셔츠 원피스,원피스,L,아이보리,1,47000,47000,C00313,web
O26033103203,2026-03-31,P501,상하 세트 (티+팬츠),세트,M,네이비,1,42000,42000,C00553,web
O26033103204,2026-03-31,P501,상하 세트 (티+팬츠),세트,S,네이비,1,42000,42000,C03225,web
O26033103205,2026-03-31,P502,잠옷 세트,세트,S,아이보리,1,28000,28000,C02244,web
O26033103206,2026-03-31,P601,코튼 헤어밴드,악세서리,S,네이비,1,9900,9900,C00071,web
O26040103207,2026-04-01,P101,데일리 베이직 티셔츠,상의,L,코랄,1,15900,15900,C04379,web
O26040103208,2026-04-01,P101,데일리 베이직 티셔츠,상의,L,네이비,1,15900,15900,C01736,web
O26040103209,2026-04-01,P101,데일리 베이직 티셔츠,상의,L,코랄,1,15900,15900,C02324,web
O26040103210,2026-04-01,P102,프릴 카라 블라우스,상의,XL,그레이,1,32000,32000,C01113,web
O26040103211,2026-04-01,P102,프릴 카라 블라우스,상의,S,네이비,1,32000,32000,C03407,web
O26040103212,2026-04-01,P103,스트라이프 긴팔티,상의,M,네이비,1,21000,21000,C00501,web
O26040103213,2026-04-01,P103,스트라이프 긴팔티,상의,XS,아이보리,1,21000,21000,C00554,web
O26040103214,2026-04-01,P105,루즈핏 니트,상의,S,그레이,1,39000,39000,C04673,web
O26040103215,2026-04-01,P203,레깅스 2종세트,하의,S,네이비,1,18000,18000,C00347,web
O26040103216,2026-04-01,P402,린넨 셔츠 원피스,원피스,M,아이보리,1,47000,47000,C01763,web
O26040103217,2026-04-01,P501,상하 세트 (티+팬츠),세트,S,네이비,1,42000,42000,C04457,web
O26040103218,2026-04-01,P501,상하 세트 (티+팬츠),세트,XL,코랄,1,42000,42000,C00173,web
O26040103219,2026-04-01,P502,잠옷 세트,세트,L,그레이,1,28000,28000,C00157,web
O26040103220,2026-04-01,P601,코튼 헤어밴드,악세서리,M,그레이,1,9900,9900,C03620,web
O26040203221,2026-04-02,P101,데일리 베이직 티셔츠,상의,XL,네이비,1,15900,15900,C03976,web
O26040203222,2026-04-02,P102,프릴 카라 블라우스,상의,XL,카키,1,32000,32000,C00522,web
O26040203223,2026-04-02,P102,프릴 카라 블라우스,상의,XL,카키,1,32000,32000,C03152,web
O26040203224,2026-04-02,P103,스트라이프 긴팔티,상의,L,그레이,1,21000,21000,C04635,web
O26040203225,2026-04-02,P103,스트라이프 긴팔티,상의,L,코랄,1,21000,21000,C03894,web
O26040203226,2026-04-02,P202,데님 오버올,하의,L,네이비,1,39000,39000,C02637,web
O26040203227,2026-04-02,P202,데님 오버올,하의,L,카키,1,39000,39000,C01876,web
O26040203228,2026-04-02,P301,경량 패딩 베스트,아우터,L,그레이,1,52000,52000,C00141,web
O26040203229,2026-04-02,P401,플라워 원피스,원피스,M,아이보리,1,36000,36000,C00573,web
O26040203230,2026-04-02,P401,플라워 원피스,원피스,L,코랄,1,36000,36000,C02772,web
O26040203231,2026-04-02,P501,상하 세트 (티+팬츠),세트,S,네이비,1,42000,42000,C01290,web
O26040203232,2026-04-02,P502,잠옷 세트,세트,S,그레이,1,28000,28000,C04701,web
O26040303233,2026-04-03,P101,데일리 베이직 티셔츠,상의,XS,아이보리,1,15900,15900,C00471,web
O26040303234,2026-04-03,P101,데일리 베이직 티셔츠,상의,XS,아이보리,1,15900,15900,C01295,web
O26040303235,2026-04-03,P101,데일리 베이직 티셔츠,상의,L,그레이,1,15900,15900,C00439,web
O26040303236,2026-04-03,P102,프릴 카라 블라우스,상의,M,그레이,1,32000,32000,C04735,web
O26040303237,2026-04-03,P103,스트라이프 긴팔티,상의,S,네이비,1,21000,21000,C03776,web
O26040303238,2026-04-03,P103,스트라이프 긴팔티,상의,L,그레이,1,21000,21000,C00334,web
O26040303239,2026-04-03,P104,고밀도 맨투맨,상의,L,카키,1,29000,29000,C01218,web
O26040303240,2026-04-03,P104,고밀도 맨투맨,상의,XL,네이비,1,29000,29000,C00247,web
O26040303241,2026-04-03,P104,고밀도 맨투맨,상의,XL,그레이,1,29000,29000,C04884,web
O26040303242,2026-04-03,P104,고밀도 맨투맨,상의,M,그레이,1,29000,29000,C00735,web
O26040303243,2026-04-03,P201,코튼 조거 팬츠,하의,XS,네이비,1,24000,24000,C03763,web
O26040303244,2026-04-03,P201,코튼 조거 팬츠,하의,XL,아이보리,1,24000,24000,C04294,web
O26040303245,2026-04-03,P202,데님 오버올,하의,L,네이비,1,39000,39000,C02041,web
O26040303246,2026-04-03,P203,레깅스 2종세트,하의,XS,코랄,1,18000,18000,C04014,web
O26040303247,2026-04-03,P301,경량 패딩 베스트,아우터,XL,그레이,1,52000,52000,C00333,web
O26040303248,2026-04-03,P301,경량 패딩 베스트,아우터,XL,그레이,1,52000,52000,C02290,web
O26040303249,2026-04-03,P302,후드 집업 점퍼,아우터,L,그레이,1,48000,48000,C00372,web
O26040303250,2026-04-03,P501,상하 세트 (티+팬츠),세트,L,아이보리,1,42000,42000,C03131,web
O26040403251,2026-04-04,P101,데일리 베이직 티셔츠,상의,S,코랄,1,15900,15900,C00281,web
O26040403252,2026-04-04,P102,프릴 카라 블라우스,상의,M,카키,1,32000,32000,C04475,web
O26040403253,2026-04-04,P104,고밀도 맨투맨,상의,XL,코랄,1,29000,29000,C03647,web
O26040403254,2026-04-04,P104,고밀도 맨투맨,상의,L,아이보리,1,29000,29000,C00085,web
O26040403255,2026-04-04,P105,루즈핏 니트,상의,L,네이비,1,39000,39000,C00593,web
O26040403256,2026-04-04,P201,코튼 조거 팬츠,하의,S,코랄,1,24000,24000,C03265,web
O26040403257,2026-04-04,P201,코튼 조거 팬츠,하의,XS,코랄,1,24000,24000,C02224,web
O26040403258,2026-04-04,P201,코튼 조거 팬츠,하의,XL,카키,1,24000,24000,C04406,web
O26040403259,2026-04-04,P202,데님 오버올,하의,M,아이보리,1,39000,39000,C00784,web
O26040403260,2026-04-04,P203,레깅스 2종세트,하의,L,카키,1,18000,18000,C03309,web
O26040403261,2026-04-04,P401,플라워 원피스,원피스,L,네이비,1,36000,36000,C00137,web
O26040403262,2026-04-04,P401,플라워 원피스,원피스,L,네이비,1,36000,36000,C01916,web
O26040403263,2026-04-04,P402,린넨 셔츠 원피스,원피스,M,네이비,1,47000,47000,C00156,web
O26040503264,2026-04-05,P102,프릴 카라 블라우스,상의,S,아이보리,1,32000,32000,C03020,web
O26040503265,2026-04-05,P103,스트라이프 긴팔티,상의,L,그레이,1,21000,21000,C00405,web
O26040503266,2026-04-05,P105,루즈핏 니트,상의,M,코랄,1,39000,39000,C00470,web
O26040503267,2026-04-05,P201,코튼 조거 팬츠,하의,XS,그레이,1,24000,24000,C02032,web
O26040503268,2026-04-05,P201,코튼 조거 팬츠,하의,S,코랄,1,24000,24000,C01497,web
O26040503269,2026-04-05,P201,코튼 조거 팬츠,하의,S,네이비,1,24000,24000,C03737,web
O26040503270,2026-04-05,P203,레깅스 2종세트,하의,L,카키,1,18000,18000,C04961,web
O26040503271,2026-04-05,P203,레깅스 2종세트,하의,L,코랄,1,18000,18000,C03340,web
O26040503272,2026-04-05,P302,후드 집업 점퍼,아우터,M,아이보리,1,48000,48000,C01160,web
O26040503273,2026-04-05,P402,린넨 셔츠 원피스,원피스,S,카키,1,47000,47000,C01937,web
O26040503274,2026-04-05,P402,린넨 셔츠 원피스,원피스,M,그레이,1,47000,47000,C00575,web
O26040503275,2026-04-05,P501,상하 세트 (티+팬츠),세트,M,네이비,1,42000,42000,C02807,web
O26040603276,2026-04-06,P101,데일리 베이직 티셔츠,상의,XS,코랄,1,15900,15900,C01356,web
O26040603277,2026-04-06,P104,고밀도 맨투맨,상의,2XL,네이비,1,29000,29000,C00587,web
O26040603278,2026-04-06,P105,루즈핏 니트,상의,M,코랄,1,39000,39000,C00417,web
O26040603279,2026-04-06,P105,루즈핏 니트,상의,M,카키,1,39000,39000,C03691,web
O26040603280,2026-04-06,P402,린넨 셔츠 원피스,원피스,S,그레이,1,47000,47000,C04780,web
O26040603281,2026-04-06,P501,상하 세트 (티+팬츠),세트,M,네이비,1,42000,42000,C00195,web
O26040603282,2026-04-06,P501,상하 세트 (티+팬츠),세트,XL,코랄,1,42000,42000,C00170,web
O26040703283,2026-04-07,P102,프릴 카라 블라우스,상의,S,네이비,1,32000,32000,C04313,web
O26040703284,2026-04-07,P104,고밀도 맨투맨,상의,XL,코랄,1,29000,29000,C00775,web
O26040703285,2026-04-07,P104,고밀도 맨투맨,상의,2XL,네이비,1,29000,29000,C03553,web
O26040703286,2026-04-07,P104,고밀도 맨투맨,상의,L,카키,1,29000,29000,C00334,web
O26040703287,2026-04-07,P104,고밀도 맨투맨,상의,S,카키,1,29000,29000,C00021,web
O26040703288,2026-04-07,P105,루즈핏 니트,상의,S,그레이,1,39000,39000,C04739,web
O26040703289,2026-04-07,P105,루즈핏 니트,상의,S,아이보리,1,39000,39000,C00193,web
O26040703290,2026-04-07,P201,코튼 조거 팬츠,하의,M,카키,1,24000,24000,C01557,web
O26040703291,2026-04-07,P201,코튼 조거 팬츠,하의,XS,네이비,1,24000,24000,C00499,web
O26040703292,2026-04-07,P201,코튼 조거 팬츠,하의,S,네이비,1,24000,24000,C00596,web
O26040703293,2026-04-07,P201,코튼 조거 팬츠,하의,L,그레이,1,24000,24000,C00053,web
O26040703294,2026-04-07,P203,레깅스 2종세트,하의,S,아이보리,1,18000,18000,C00377,web
O26040703295,2026-04-07,P203,레깅스 2종세트,하의,M,아이보리,1,18000,18000,C03379,web
O26040703296,2026-04-07,P302,후드 집업 점퍼,아우터,XL,아이보리,1,48000,48000,C00148,web
O26040703297,2026-04-07,P401,플라워 원피스,원피스,L,아이보리,1,36000,36000,C00011,web
O26040703298,2026-04-07,P501,상하 세트 (티+팬츠),세트,S,그레이,1,42000,42000,C04142,web
O26040703299,2026-04-07,P502,잠옷 세트,세트,M,그레이,1,28000,28000,C02649,web
O26040703300,2026-04-07,P502,잠옷 세트,세트,M,네이비,1,28000,28000,C05185,web
O26040803301,2026-04-08,P101,데일리 베이직 티셔츠,상의,S,그레이,1,15900,15900,C00780,web
O26040803302,2026-04-08,P101,데일리 베이직 티셔츠,상의,XS,네이비,1,15900,15900,C01088,web
O26040803303,2026-04-08,P102,프릴 카라 블라우스,상의,L,그레이,1,32000,32000,C04288,web
O26040803304,2026-04-08,P102,프릴 카라 블라우스,상의,S,네이비,1,32000,32000,C00640,web
O26040803305,2026-04-08,P102,프릴 카라 블라우스,상의,L,카키,1,32000,32000,C00352,web
O26040803306,2026-04-08,P102,프릴 카라 블라우스,상의,S,그레이,1,32000,32000,C03844,web
O26040803307,2026-04-08,P103,스트라이프 긴팔티,상의,L,코랄,1,21000,21000,C01357,web
O26040803308,2026-04-08,P104,고밀도 맨투맨,상의,2XL,카키,1,29000,29000,C04251,web
O26040803309,2026-04-08,P201,코튼 조거 팬츠,하의,XS,네이비,1,24000,24000,C03621,web
O26040803310,2026-04-08,P202,데님 오버올,하의,M,카키,1,39000,39000,C02180,web
O26040803311,2026-04-08,P203,레깅스 2종세트,하의,M,코랄,1,18000,18000,C00499,web
O26040803312,2026-04-08,P302,후드 집업 점퍼,아우터,S,아이보리,1,48000,48000,C01799,web
O26040803313,2026-04-08,P302,후드 집업 점퍼,아우터,L,그레이,1,48000,48000,C00433,web
O26040803314,2026-04-08,P501,상하 세트 (티+팬츠),세트,XL,아이보리,1,42000,42000,C00337,web
O26040803315,2026-04-08,P501,상하 세트 (티+팬츠),세트,S,카키,1,42000,42000,C00760,web
O26040903316,2026-04-09,P101,데일리 베이직 티셔츠,상의,XL,그레이,1,15900,15900,C00352,web
O26040903317,2026-04-09,P101,데일리 베이직 티셔츠,상의,XS,그레이,1,15900,15900,C03914,web
O26040903318,2026-04-09,P102,프릴 카라 블라우스,상의,L,그레이,1,32000,32000,C02414,web
O26040903319,2026-04-09,P103,스트라이프 긴팔티,상의,M,카키,1,21000,21000,C04583,web
O26040903320,2026-04-09,P104,고밀도 맨투맨,상의,2XL,아이보리,1,29000,29000,C01700,web
O26040903321,2026-04-09,P104,고밀도 맨투맨,상의,S,네이비,1,29000,29000,C01475,web
O26040903322,2026-04-09,P105,루즈핏 니트,상의,S,카키,1,39000,39000,C02852,web
O26040903323,2026-04-09,P301,경량 패딩 베스트,아우터,L,카키,1,52000,52000,C04820,web
O26040903324,2026-04-09,P402,린넨 셔츠 원피스,원피스,M,아이보리,1,47000,47000,C00507,web
O26040903325,2026-04-09,P501,상하 세트 (티+팬츠),세트,L,네이비,1,42000,42000,C00205,web
O26040903326,2026-04-09,P502,잠옷 세트,세트,M,코랄,1,28000,28000,C01681,web
O26040903327,2026-04-09,P502,잠옷 세트,세트,S,카키,1,28000,28000,C00143,web
O26041003328,2026-04-10,P501,상하 세트 (티+팬츠),세트,M,그레이,1,42000,42000,C00789,web
O26041003329,2026-04-10,P501,상하 세트 (티+팬츠),세트,L,카키,1,42000,42000,C02774,web
O26041003330,2026-04-10,P502,잠옷 세트,세트,M,아이보리,1,28000,28000,C00587,web
O26041103331,2026-04-11,P101,데일리 베이직 티셔츠,상의,XS,아이보리,1,15900,15900,C02452,web
O26041103332,2026-04-11,P103,스트라이프 긴팔티,상의,XS,카키,1,21000,21000,C03899,web
O26041103333,2026-04-11,P103,스트라이프 긴팔티,상의,XS,아이보리,1,21000,21000,C04357,web
O26041103334,2026-04-11,P103,스트라이프 긴팔티,상의,S,아이보리,1,21000,21000,C01686,web
O26041103335,2026-04-11,P104,고밀도 맨투맨,상의,L,아이보리,1,29000,29000,C00589,web
O26041103336,2026-04-11,P201,코튼 조거 팬츠,하의,S,카키,1,24000,24000,C04664,web
O26041103337,2026-04-11,P203,레깅스 2종세트,하의,S,그레이,1,18000,18000,C01146,web
O26041103338,2026-04-11,P401,플라워 원피스,원피스,S,아이보리,1,36000,36000,C03505,web
O26041103339,2026-04-11,P501,상하 세트 (티+팬츠),세트,L,네이비,1,42000,42000,C01975,web
O26041203340,2026-04-12,P102,프릴 카라 블라우스,상의,L,카키,1,32000,32000,C05156,web
O26041203341,2026-04-12,P102,프릴 카라 블라우스,상의,XL,카키,1,32000,32000,C00053,web
O26041203342,2026-04-12,P102,프릴 카라 블라우스,상의,L,카키,1,32000,32000,C00497,web
O26041203343,2026-04-12,P105,루즈핏 니트,상의,S,코랄,1,39000,39000,C00133,web
O26041203344,2026-04-12,P202,데님 오버올,하의,L,네이비,1,39000,39000,C00484,web
O26041203345,2026-04-12,P203,레깅스 2종세트,하의,M,그레이,1,18000,18000,C00017,web
O26041203346,2026-04-12,P301,경량 패딩 베스트,아우터,L,네이비,1,52000,52000,C02495,web
O26041203347,2026-04-12,P302,후드 집업 점퍼,아우터,XL,네이비,1,48000,48000,C04588,web
O26041203348,2026-04-12,P401,플라워 원피스,원피스,M,아이보리,1,36000,36000,C03497,web
O26041203349,2026-04-12,P401,플라워 원피스,원피스,S,그레이,1,36000,36000,C02846,web
O26041203350,2026-04-12,P402,린넨 셔츠 원피스,원피스,S,아이보리,1,47000,47000,C01772,web
O26041203351,2026-04-12,P402,린넨 셔츠 원피스,원피스,L,그레이,1,47000,47000,C00036,web
O26041203352,2026-04-12,P502,잠옷 세트,세트,XS,아이보리,1,28000,28000,C00424,web
O26041203353,2026-04-12,P502,잠옷 세트,세트,L,코랄,1,28000,28000,C00725,web
O26041303354,2026-04-13,P101,데일리 베이직 티셔츠,상의,S,네이비,1,15900,15900,C00577,web
O26041303355,2026-04-13,P101,데일리 베이직 티셔츠,상의,XS,카키,1,15900,15900,C03606,web
O26041303356,2026-04-13,P101,데일리 베이직 티셔츠,상의,M,네이비,1,15900,15900,C01241,web
O26041303357,2026-04-13,P103,스트라이프 긴팔티,상의,L,아이보리,1,21000,21000,C04972,web
O26041303358,2026-04-13,P201,코튼 조거 팬츠,하의,XS,그레이,1,24000,24000,C01596,web
O26041303359,2026-04-13,P202,데님 오버올,하의,S,아이보리,1,39000,39000,C05085,web
O26041303360,2026-04-13,P203,레깅스 2종세트,하의,L,코랄,1,18000,18000,C03821,web
O26041303361,2026-04-13,P203,레깅스 2종세트,하의,L,코랄,1,18000,18000,C03796,web
O26041303362,2026-04-13,P301,경량 패딩 베스트,아우터,S,아이보리,1,52000,52000,C03508,web
O26041303363,2026-04-13,P301,경량 패딩 베스트,아우터,L,아이보리,1,52000,52000,C00007,web
O26041303364,2026-04-13,P302,후드 집업 점퍼,아우터,L,아이보리,1,48000,48000,C00498,web
O26041303365,2026-04-13,P401,플라워 원피스,원피스,M,네이비,1,36000,36000,C00465,web
O26041303366,2026-04-13,P401,플라워 원피스,원피스,S,코랄,1,36000,36000,C01726,web
O26041303367,2026-04-13,P402,린넨 셔츠 원피스,원피스,S,네이비,1,47000,47000,C00210,web
O26041303368,2026-04-13,P502,잠옷 세트,세트,L,아이보리,1,28000,28000,C04512,web
O26041403369,2026-04-14,P101,데일리 베이직 티셔츠,상의,XL,그레이,1,15900,15900,C00711,web
O26041403370,2026-04-14,P101,데일리 베이직 티셔츠,상의,XS,네이비,1,15900,15900,C04830,web
O26041403371,2026-04-14,P101,데일리 베이직 티셔츠,상의,L,코랄,1,15900,15900,C02577,web
O26041403372,2026-04-14,P101,데일리 베이직 티셔츠,상의,S,네이비,1,15900,15900,C00691,web
O26041403373,2026-04-14,P102,프릴 카라 블라우스,상의,L,코랄,1,32000,32000,C00288,web
O26041403374,2026-04-14,P104,고밀도 맨투맨,상의,S,아이보리,1,29000,29000,C04147,web
O26041403375,2026-04-14,P201,코튼 조거 팬츠,하의,XL,그레이,1,24000,24000,C02063,web
O26041403376,2026-04-14,P202,데님 오버올,하의,S,코랄,1,39000,39000,C03971,web
O26041403377,2026-04-14,P301,경량 패딩 베스트,아우터,S,네이비,1,52000,52000,C03052,web
O26041403378,2026-04-14,P402,린넨 셔츠 원피스,원피스,M,카키,1,47000,47000,C00522,web
O26041403379,2026-04-14,P501,상하 세트 (티+팬츠),세트,XL,아이보리,1,42000,42000,C03726,web
O26041403380,2026-04-14,P601,코튼 헤어밴드,악세서리,M,카키,1,9900,9900,C01808,web
O26041503381,2026-04-15,P101,데일리 베이직 티셔츠,상의,XL,카키,1,15900,15900,C02335,web
O26041503382,2026-04-15,P103,스트라이프 긴팔티,상의,L,아이보리,1,21000,21000,C01479,web
O26041503383,2026-04-15,P105,루즈핏 니트,상의,S,그레이,1,39000,39000,C03736,web
O26041503384,2026-04-15,P105,루즈핏 니트,상의,M,그레이,1,39000,39000,C04444,web
O26041503385,2026-04-15,P201,코튼 조거 팬츠,하의,XL,코랄,1,24000,24000,C01447,web
O26041503386,2026-04-15,P201,코튼 조거 팬츠,하의,M,카키,1,24000,24000,C02325,web
O26041503387,2026-04-15,P202,데님 오버올,하의,L,카키,1,39000,39000,C00193,web
O26041503388,2026-04-15,P202,데님 오버올,하의,L,카키,1,39000,39000,C00063,web
O26041503389,2026-04-15,P202,데님 오버올,하의,L,네이비,1,39000,39000,C04130,web
O26041503390,2026-04-15,P203,레깅스 2종세트,하의,S,네이비,1,18000,18000,C00830,web
O26041503391,2026-04-15,P203,레깅스 2종세트,하의,M,코랄,1,18000,18000,C00477,web
O26041503392,2026-04-15,P203,레깅스 2종세트,하의,L,그레이,1,18000,18000,C00302,web
O26041503393,2026-04-15,P301,경량 패딩 베스트,아우터,M,아이보리,1,52000,52000,C01075,web
O26041503394,2026-04-15,P302,후드 집업 점퍼,아우터,M,네이비,1,48000,48000,C03708,web
O26041503395,2026-04-15,P302,후드 집업 점퍼,아우터,M,아이보리,1,48000,48000,C00430,web
O26041503396,2026-04-15,P401,플라워 원피스,원피스,S,네이비,1,36000,36000,C04556,web
O26041503397,2026-04-15,P401,플라워 원피스,원피스,M,그레이,1,36000,36000,C00030,web
O26041503398,2026-04-15,P401,플라워 원피스,원피스,S,코랄,1,36000,36000,C01080,web
O26041503399,2026-04-15,P402,린넨 셔츠 원피스,원피스,S,그레이,1,47000,47000,C01521,web
O26041503400,2026-04-15,P501,상하 세트 (티+팬츠),세트,M,네이비,1,42000,42000,C00232,web
O26041503401,2026-04-15,P501,상하 세트 (티+팬츠),세트,XL,아이보리,1,42000,42000,C02234,web
O26041503402,2026-04-15,P601,코튼 헤어밴드,악세서리,S,아이보리,1,9900,9900,C01248,web
O26041603403,2026-04-16,P101,데일리 베이직 티셔츠,상의,XS,코랄,1,15900,15900,C00522,web
O26041603404,2026-04-16,P101,데일리 베이직 티셔츠,상의,S,그레이,1,15900,15900,C00448,web
O26041603405,2026-04-16,P101,데일리 베이직 티셔츠,상의,S,그레이,1,15900,15900,C01975,web
O26041603406,2026-04-16,P103,스트라이프 긴팔티,상의,M,그레이,1,21000,21000,C00940,web
O26041603407,2026-04-16,P104,고밀도 맨투맨,상의,M,그레이,1,29000,29000,C00001,web
O26041603408,2026-04-16,P104,고밀도 맨투맨,상의,M,코랄,1,29000,29000,C00532,web
O26041603409,2026-04-16,P104,고밀도 맨투맨,상의,L,카키,1,29000,29000,C04728,web
O26041603410,2026-04-16,P201,코튼 조거 팬츠,하의,M,코랄,1,24000,24000,C02040,web
O26041603411,2026-04-16,P201,코튼 조거 팬츠,하의,M,코랄,1,24000,24000,C04122,web
O26041603412,2026-04-16,P201,코튼 조거 팬츠,하의,M,그레이,1,24000,24000,C00187,web
O26041603413,2026-04-16,P201,코튼 조거 팬츠,하의,L,아이보리,1,24000,24000,C04175,web
O26041603414,2026-04-16,P301,경량 패딩 베스트,아우터,S,코랄,1,52000,52000,C00568,web
O26041603415,2026-04-16,P501,상하 세트 (티+팬츠),세트,L,코랄,1,42000,42000,C00465,web
O26041603416,2026-04-16,P502,잠옷 세트,세트,XS,아이보리,1,28000,28000,C00881,web
O26041703417,2026-04-17,P101,데일리 베이직 티셔츠,상의,XL,아이보리,1,15900,15900,C00099,web
O26041703418,2026-04-17,P101,데일리 베이직 티셔츠,상의,M,코랄,1,15900,15900,C00583,web
O26041703419,2026-04-17,P102,프릴 카라 블라우스,상의,M,카키,1,32000,32000,C03659,web
O26041703420,2026-04-17,P102,프릴 카라 블라우스,상의,L,네이비,1,32000,32000,C01935,web
O26041703421,2026-04-17,P103,스트라이프 긴팔티,상의,S,코랄,1,21000,21000,C00262,web
O26041703422,2026-04-17,P103,스트라이프 긴팔티,상의,XS,네이비,1,21000,21000,C03337,web
O26041703423,2026-04-17,P103,스트라이프 긴팔티,상의,S,아이보리,1,21000,21000,C02665,web
O26041703424,2026-04-17,P104,고밀도 맨투맨,상의,L,카키,1,29000,29000,C02885,web
O26041703425,2026-04-17,P105,루즈핏 니트,상의,M,아이보리,1,39000,39000,C03759,web
O26041703426,2026-04-17,P105,루즈핏 니트,상의,M,코랄,1,39000,39000,C00167,web
O26041703427,2026-04-17,P105,루즈핏 니트,상의,L,그레이,1,39000,39000,C03584,web
O26041703428,2026-04-17,P201,코튼 조거 팬츠,하의,S,네이비,1,24000,24000,C00443,web
O26041703429,2026-04-17,P202,데님 오버올,하의,M,아이보리,1,39000,39000,C01674,web
O26041703430,2026-04-17,P202,데님 오버올,하의,S,코랄,1,39000,39000,C00432,web
O26041703431,2026-04-17,P203,레깅스 2종세트,하의,L,아이보리,1,18000,18000,C03928,web
O26041703432,2026-04-17,P302,후드 집업 점퍼,아우터,L,아이보리,1,48000,48000,C00483,web
O26041703433,2026-04-17,P302,후드 집업 점퍼,아우터,L,카키,1,48000,48000,C00484,web
O26041703434,2026-04-17,P401,플라워 원피스,원피스,M,아이보리,1,36000,36000,C04764,web
O26041703435,2026-04-17,P402,린넨 셔츠 원피스,원피스,M,코랄,1,47000,47000,C02289,web
O26041703436,2026-04-17,P402,린넨 셔츠 원피스,원피스,L,그레이,1,47000,47000,C04064,web
O26041703437,2026-04-17,P501,상하 세트 (티+팬츠),세트,M,네이비,1,42000,42000,C00066,web
O26041703438,2026-04-17,P501,상하 세트 (티+팬츠),세트,L,그레이,1,42000,42000,C05060,web
O26041803439,2026-04-18,P101,데일리 베이직 티셔츠,상의,XL,네이비,1,15900,15900,C00598,web
O26041803440,2026-04-18,P102,프릴 카라 블라우스,상의,S,코랄,1,32000,32000,C01189,web
O26041803441,2026-04-18,P104,고밀도 맨투맨,상의,2XL,네이비,1,29000,29000,C00367,web
O26041803442,2026-04-18,P105,루즈핏 니트,상의,L,카키,1,39000,39000,C00813,web
O26041803443,2026-04-18,P201,코튼 조거 팬츠,하의,XS,그레이,1,24000,24000,C04413,web
O26041803444,2026-04-18,P201,코튼 조거 팬츠,하의,S,네이비,1,24000,24000,C01899,web
O26041803445,2026-04-18,P401,플라워 원피스,원피스,S,아이보리,1,36000,36000,C01336,web
O26041803446,2026-04-18,P401,플라워 원피스,원피스,S,네이비,1,36000,36000,C03059,web
O26041803447,2026-04-18,P501,상하 세트 (티+팬츠),세트,M,카키,1,42000,42000,C03981,web
O26041803448,2026-04-18,P502,잠옷 세트,세트,XS,아이보리,1,28000,28000,C02023,web
O26041803449,2026-04-18,P502,잠옷 세트,세트,M,카키,1,28000,28000,C00084,web
O26041903450,2026-04-19,P102,프릴 카라 블라우스,상의,M,그레이,1,32000,32000,C03383,web
O26041903451,2026-04-19,P103,스트라이프 긴팔티,상의,M,그레이,1,21000,21000,C00146,web
O26041903452,2026-04-19,P105,루즈핏 니트,상의,S,아이보리,1,39000,39000,C05049,web
O26041903453,2026-04-19,P105,루즈핏 니트,상의,M,아이보리,1,39000,39000,C05111,web
O26041903454,2026-04-19,P105,루즈핏 니트,상의,L,아이보리,1,39000,39000,C04124,web
O26041903455,2026-04-19,P105,루즈핏 니트,상의,L,아이보리,1,39000,39000,C03446,web
O26041903456,2026-04-19,P202,데님 오버올,하의,S,그레이,1,39000,39000,C04549,web
O26041903457,2026-04-19,P501,상하 세트 (티+팬츠),세트,XL,네이비,1,42000,42000,C01473,web
O26041903458,2026-04-19,P501,상하 세트 (티+팬츠),세트,M,코랄,1,42000,42000,C04721,web
O26041903459,2026-04-19,P601,코튼 헤어밴드,악세서리,S,그레이,1,9900,9900,C02013,web
O26041903460,2026-04-19,P601,코튼 헤어밴드,악세서리,S,네이비,1,9900,9900,C00600,web
O26042003461,2026-04-20,P102,프릴 카라 블라우스,상의,M,그레이,1,32000,32000,C01371,web
O26042003462,2026-04-20,P102,프릴 카라 블라우스,상의,M,카키,1,32000,32000,C02827,web
O26042003463,2026-04-20,P103,스트라이프 긴팔티,상의,M,코랄,1,21000,21000,C00991,web
O26042003464,2026-04-20,P201,코튼 조거 팬츠,하의,M,카키,1,24000,24000,C02459,web
O26042003465,2026-04-20,P302,후드 집업 점퍼,아우터,M,그레이,1,48000,48000,C00895,web
O26042003466,2026-04-20,P302,후드 집업 점퍼,아우터,S,코랄,1,48000,48000,C00083,web
O26042003467,2026-04-20,P401,플라워 원피스,원피스,L,그레이,1,36000,36000,C02122,web
O26042003468,2026-04-20,P401,플라워 원피스,원피스,L,카키,1,36000,36000,C00833,web
O26042003469,2026-04-20,P402,린넨 셔츠 원피스,원피스,S,그레이,1,47000,47000,C03726,web
O26042003470,2026-04-20,P402,린넨 셔츠 원피스,원피스,M,코랄,1,47000,47000,C00056,web
O26042003471,2026-04-20,P501,상하 세트 (티+팬츠),세트,S,코랄,1,42000,42000,C00014,web
O26042003472,2026-04-20,P602,니트 비니,악세서리,M,네이비,1,13000,13000,C03112,web
O26042103473,2026-04-21,P101,데일리 베이직 티셔츠,상의,XS,아이보리,1,15900,15900,C03261,web
O26042103474,2026-04-21,P105,루즈핏 니트,상의,L,그레이,1,39000,39000,C00481,web
O26042103475,2026-04-21,P201,코튼 조거 팬츠,하의,S,카키,1,24000,24000,C02653,web
O26042103476,2026-04-21,P201,코튼 조거 팬츠,하의,S,네이비,1,24000,24000,C01408,web
O26042103477,2026-04-21,P201,코튼 조거 팬츠,하의,S,카키,1,24000,24000,C02668,web
O26042103478,2026-04-21,P202,데님 오버올,하의,M,아이보리,1,39000,39000,C03736,web
O26042103479,2026-04-21,P203,레깅스 2종세트,하의,XS,아이보리,1,18000,18000,C00576,web
O26042103480,2026-04-21,P302,후드 집업 점퍼,아우터,S,코랄,1,48000,48000,C00452,web
O26042103481,2026-04-21,P401,플라워 원피스,원피스,M,그레이,1,36000,36000,C02134,web
O26042103482,2026-04-21,P401,플라워 원피스,원피스,M,아이보리,1,36000,36000,C04922,web
O26042103483,2026-04-21,P402,린넨 셔츠 원피스,원피스,S,네이비,1,47000,47000,C02402,web
O26042103484,2026-04-21,P402,린넨 셔츠 원피스,원피스,S,네이비,1,47000,47000,C00761,web
O26042103485,2026-04-21,P402,린넨 셔츠 원피스,원피스,L,그레이,1,47000,47000,C00351,web
O26042103486,2026-04-21,P402,린넨 셔츠 원피스,원피스,S,네이비,1,47000,47000,C02211,web
O26042103487,2026-04-21,P502,잠옷 세트,세트,S,그레이,1,28000,28000,C03435,web
O26042103488,2026-04-21,P502,잠옷 세트,세트,L,네이비,1,28000,28000,C02242,web
O26042103489,2026-04-21,P502,잠옷 세트,세트,XS,코랄,1,28000,28000,C00577,web
O26042203490,2026-04-22,P101,데일리 베이직 티셔츠,상의,XL,그레이,1,15900,15900,C03296,web
O26042203491,2026-04-22,P101,데일리 베이직 티셔츠,상의,XS,카키,1,15900,15900,C01251,web
O26042203492,2026-04-22,P104,고밀도 맨투맨,상의,M,카키,1,29000,29000,C04848,web
O26042203493,2026-04-22,P104,고밀도 맨투맨,상의,L,코랄,1,29000,29000,C00433,web
O26042203494,2026-04-22,P105,루즈핏 니트,상의,M,그레이,1,39000,39000,C03243,web
O26042203495,2026-04-22,P105,루즈핏 니트,상의,S,코랄,1,39000,39000,C04158,web
O26042203496,2026-04-22,P201,코튼 조거 팬츠,하의,L,카키,1,24000,24000,C02207,web
O26042203497,2026-04-22,P201,코튼 조거 팬츠,하의,S,코랄,1,24000,24000,C02488,web
O26042203498,2026-04-22,P201,코튼 조거 팬츠,하의,M,네이비,1,24000,24000,C02900,web
O26042203499,2026-04-22,P201,코튼 조거 팬츠,하의,M,그레이,1,24000,24000,C04615,web
O26042203500,2026-04-22,P401,플라워 원피스,원피스,S,코랄,1,36000,36000,C00369,web
O26042203501,2026-04-22,P401,플라워 원피스,원피스,L,카키,1,36000,36000,C00452,web
O26042203502,2026-04-22,P401,플라워 원피스,원피스,S,그레이,1,36000,36000,C02782,web
O26042203503,2026-04-22,P402,린넨 셔츠 원피스,원피스,S,아이보리,1,47000,47000,C02500,web
O26042203504,2026-04-22,P402,린넨 셔츠 원피스,원피스,L,그레이,1,47000,47000,C03887,web
O26042203505,2026-04-22,P501,상하 세트 (티+팬츠),세트,L,아이보리,1,42000,42000,C00498,web
O26042203506,2026-04-22,P502,잠옷 세트,세트,M,아이보리,1,28000,28000,C00583,web
O26042303507,2026-04-23,P101,데일리 베이직 티셔츠,상의,M,아이보리,1,15900,15900,C01665,web
O26042303508,2026-04-23,P102,프릴 카라 블라우스,상의,S,네이비,1,32000,32000,C03902,web
O26042303509,2026-04-23,P102,프릴 카라 블라우스,상의,L,그레이,1,32000,32000,C04363,web
O26042303510,2026-04-23,P103,스트라이프 긴팔티,상의,S,그레이,1,21000,21000,C04133,web
O26042303511,2026-04-23,P201,코튼 조거 팬츠,하의,L,아이보리,1,24000,24000,C03311,web
O26042303512,2026-04-23,P202,데님 오버올,하의,M,코랄,1,39000,39000,C00132,web
O26042303513,2026-04-23,P301,경량 패딩 베스트,아우터,S,코랄,1,52000,52000,C04259,web
O26042303514,2026-04-23,P401,플라워 원피스,원피스,S,네이비,1,36000,36000,C00042,web
O26042303515,2026-04-23,P402,린넨 셔츠 원피스,원피스,M,카키,1,47000,47000,C00188,web
O26042303516,2026-04-23,P402,린넨 셔츠 원피스,원피스,M,코랄,1,47000,47000,C01841,web
O26042303517,2026-04-23,P501,상하 세트 (티+팬츠),세트,XL,아이보리,1,42000,42000,C00398,web
O26042303518,2026-04-23,P501,상하 세트 (티+팬츠),세트,XL,아이보리,1,42000,42000,C00425,web
O26042303519,2026-04-23,P502,잠옷 세트,세트,L,카키,1,28000,28000,C00076,web
O26042303520,2026-04-23,P502,잠옷 세트,세트,M,카키,1,28000,28000,C00411,web
O26042303521,2026-04-23,P602,니트 비니,악세서리,L,네이비,1,13000,13000,C01494,web
O26042403522,2026-04-24,P101,데일리 베이직 티셔츠,상의,S,카키,1,15900,15900,C04805,web
O26042403523,2026-04-24,P101,데일리 베이직 티셔츠,상의,XS,코랄,1,15900,15900,C01955,web
O26042403524,2026-04-24,P101,데일리 베이직 티셔츠,상의,XS,네이비,1,15900,15900,C00445,web
O26042403525,2026-04-24,P101,데일리 베이직 티셔츠,상의,XS,그레이,1,15900,15900,C00451,web
O26042403526,2026-04-24,P101,데일리 베이직 티셔츠,상의,M,네이비,1,15900,15900,C00141,web
O26042403527,2026-04-24,P103,스트라이프 긴팔티,상의,XS,코랄,1,21000,21000,C00476,web
O26042403528,2026-04-24,P105,루즈핏 니트,상의,M,코랄,1,39000,39000,C03398,web
O26042403529,2026-04-24,P105,루즈핏 니트,상의,L,네이비,1,39000,39000,C00425,web
O26042403530,2026-04-24,P401,플라워 원피스,원피스,L,코랄,1,36000,36000,C04373,web
O26042403531,2026-04-24,P401,플라워 원피스,원피스,M,코랄,1,36000,36000,C01208,web
O26042403532,2026-04-24,P402,린넨 셔츠 원피스,원피스,M,그레이,1,47000,47000,C00477,web
O26042403533,2026-04-24,P402,린넨 셔츠 원피스,원피스,L,코랄,1,47000,47000,C00198,web
O26042403534,2026-04-24,P501,상하 세트 (티+팬츠),세트,S,그레이,1,42000,42000,C03556,web
O26042503535,2026-04-25,P101,데일리 베이직 티셔츠,상의,S,그레이,1,15900,15900,C04285,web
O26042503536,2026-04-25,P101,데일리 베이직 티셔츠,상의,XL,코랄,1,15900,15900,C00130,web
O26042503537,2026-04-25,P102,프릴 카라 블라우스,상의,XL,그레이,1,32000,32000,C04346,web
O26042503538,2026-04-25,P102,프릴 카라 블라우스,상의,XL,아이보리,1,32000,32000,C03677,web
O26042503539,2026-04-25,P103,스트라이프 긴팔티,상의,XS,그레이,1,21000,21000,C00240,web
O26042503540,2026-04-25,P104,고밀도 맨투맨,상의,M,그레이,1,29000,29000,C02083,web
O26042503541,2026-04-25,P201,코튼 조거 팬츠,하의,S,그레이,1,24000,24000,C00160,web
O26042503542,2026-04-25,P203,레깅스 2종세트,하의,XS,그레이,1,18000,18000,C05022,web
O26042503543,2026-04-25,P401,플라워 원피스,원피스,M,네이비,1,36000,36000,C03698,web
O26042503544,2026-04-25,P401,플라워 원피스,원피스,L,아이보리,1,36000,36000,C00817,web
O26042503545,2026-04-25,P401,플라워 원피스,원피스,S,아이보리,1,36000,36000,C00049,web
O26042503546,2026-04-25,P402,린넨 셔츠 원피스,원피스,L,네이비,1,47000,47000,C02826,web
O26042503547,2026-04-25,P402,린넨 셔츠 원피스,원피스,L,코랄,1,47000,47000,C02874,web
O26042503548,2026-04-25,P402,린넨 셔츠 원피스,원피스,S,그레이,1,47000,47000,C00109,web
O26042503549,2026-04-25,P501,상하 세트 (티+팬츠),세트,L,아이보리,1,42000,42000,C00544,web
O26042503550,2026-04-25,P501,상하 세트 (티+팬츠),세트,S,그레이,1,42000,42000,C00066,web
O26042603551,2026-04-26,P101,데일리 베이직 티셔츠,상의,M,아이보리,1,15900,15900,C00241,web
O26042603552,2026-04-26,P101,데일리 베이직 티셔츠,상의,M,그레이,1,15900,15900,C00524,web
O26042603553,2026-04-26,P101,데일리 베이직 티셔츠,상의,M,카키,1,15900,15900,C04065,web
O26042603554,2026-04-26,P102,프릴 카라 블라우스,상의,L,카키,1,32000,32000,C00337,web
O26042603555,2026-04-26,P103,스트라이프 긴팔티,상의,XS,코랄,1,21000,21000,C04802,web
O26042603556,2026-04-26,P103,스트라이프 긴팔티,상의,XS,네이비,1,21000,21000,C01029,web
O26042603557,2026-04-26,P104,고밀도 맨투맨,상의,M,카키,1,29000,29000,C00276,web
O26042603558,2026-04-26,P201,코튼 조거 팬츠,하의,S,네이비,1,24000,24000,C02097,web
O26042603559,2026-04-26,P201,코튼 조거 팬츠,하의,M,코랄,1,24000,24000,C00438,web
O26042603560,2026-04-26,P203,레깅스 2종세트,하의,M,코랄,1,18000,18000,C04236,web
O26042603561,2026-04-26,P501,상하 세트 (티+팬츠),세트,S,아이보리,1,42000,42000,C04806,web
O26042603562,2026-04-26,P502,잠옷 세트,세트,XS,아이보리,1,28000,28000,C00320,web
O26042703563,2026-04-27,P101,데일리 베이직 티셔츠,상의,M,아이보리,1,15900,15900,C04644,web
O26042703564,2026-04-27,P101,데일리 베이직 티셔츠,상의,S,코랄,1,15900,15900,C00106,web
O26042703565,2026-04-27,P104,고밀도 맨투맨,상의,M,코랄,1,29000,29000,C04190,web
O26042703566,2026-04-27,P104,고밀도 맨투맨,상의,2XL,네이비,1,29000,29000,C01258,web
O26042703567,2026-04-27,P104,고밀도 맨투맨,상의,L,그레이,1,29000,29000,C04945,web
O26042703568,2026-04-27,P104,고밀도 맨투맨,상의,M,아이보리,1,29000,29000,C04354,web
O26042703569,2026-04-27,P104,고밀도 맨투맨,상의,S,카키,1,29000,29000,C02699,web
O26042703570,2026-04-27,P105,루즈핏 니트,상의,L,카키,1,39000,39000,C01397,web
O26042703571,2026-04-27,P201,코튼 조거 팬츠,하의,M,카키,1,24000,24000,C01634,web
O26042703572,2026-04-27,P201,코튼 조거 팬츠,하의,S,카키,1,24000,24000,C02245,web
O26042703573,2026-04-27,P203,레깅스 2종세트,하의,L,그레이,1,18000,18000,C04211,web
O26042703574,2026-04-27,P301,경량 패딩 베스트,아우터,XL,네이비,1,52000,52000,C01820,web
O26042703575,2026-04-27,P301,경량 패딩 베스트,아우터,XL,그레이,1,52000,52000,C03614,web
O26042703576,2026-04-27,P301,경량 패딩 베스트,아우터,L,그레이,1,52000,52000,C00007,web
O26042703577,2026-04-27,P401,플라워 원피스,원피스,L,아이보리,1,36000,36000,C00355,web
O26042703578,2026-04-27,P402,린넨 셔츠 원피스,원피스,M,카키,1,47000,47000,C00745,web
O26042703579,2026-04-27,P502,잠옷 세트,세트,S,아이보리,1,28000,28000,C00576,web
O26042803580,2026-04-28,P101,데일리 베이직 티셔츠,상의,XS,네이비,1,15900,15900,C00022,web
O26042803581,2026-04-28,P101,데일리 베이직 티셔츠,상의,XS,아이보리,1,15900,15900,C00484,web
O26042803582,2026-04-28,P101,데일리 베이직 티셔츠,상의,M,그레이,1,15900,15900,C01467,web
O26042803583,2026-04-28,P101,데일리 베이직 티셔츠,상의,XS,카키,1,15900,15900,C03436,web
O26042803584,2026-04-28,P102,프릴 카라 블라우스,상의,L,그레이,1,32000,32000,C02234,web
O26042803585,2026-04-28,P103,스트라이프 긴팔티,상의,XS,카키,1,21000,21000,C00146,web
O26042803586,2026-04-28,P104,고밀도 맨투맨,상의,L,코랄,1,29000,29000,C01199,web
O26042803587,2026-04-28,P105,루즈핏 니트,상의,M,네이비,1,39000,39000,C03207,web
O26042803588,2026-04-28,P105,루즈핏 니트,상의,S,카키,1,39000,39000,C00423,web
O26042803589,2026-04-28,P105,루즈핏 니트,상의,L,그레이,1,39000,39000,C00400,web
O26042803590,2026-04-28,P202,데님 오버올,하의,S,코랄,1,39000,39000,C03073,web
O26042803591,2026-04-28,P401,플라워 원피스,원피스,L,그레이,1,36000,36000,C05032,web
O26042803592,2026-04-28,P401,플라워 원피스,원피스,S,아이보리,1,36000,36000,C00406,web
O26042803593,2026-04-28,P401,플라워 원피스,원피스,M,코랄,1,36000,36000,C05156,web
O26042803594,2026-04-28,P401,플라워 원피스,원피스,S,카키,1,36000,36000,C00107,web
O26042803595,2026-04-28,P502,잠옷 세트,세트,L,그레이,1,28000,28000,C03312,web
O26042803596,2026-04-28,P502,잠옷 세트,세트,XS,아이보리,1,28000,28000,C04934,web
O26042803597,2026-04-28,P602,니트 비니,악세서리,L,아이보리,1,13000,13000,C02965,web
O26042803598,2026-04-28,P602,니트 비니,악세서리,L,코랄,1,13000,13000,C01993,web
O26042903599,2026-04-29,P101,데일리 베이직 티셔츠,상의,S,그레이,1,15900,15900,C02621,web
O26042903600,2026-04-29,P102,프릴 카라 블라우스,상의,L,아이보리,1,32000,32000,C04786,web
O26042903601,2026-04-29,P103,스트라이프 긴팔티,상의,S,네이비,1,21000,21000,C03472,web
O26042903602,2026-04-29,P104,고밀도 맨투맨,상의,M,코랄,1,29000,29000,C00387,web
O26042903603,2026-04-29,P104,고밀도 맨투맨,상의,M,그레이,1,29000,29000,C01012,web
O26042903604,2026-04-29,P105,루즈핏 니트,상의,S,그레이,1,39000,39000,C04238,web
O26042903605,2026-04-29,P105,루즈핏 니트,상의,S,그레이,1,39000,39000,C00130,web
O26042903606,2026-04-29,P105,루즈핏 니트,상의,L,아이보리,1,39000,39000,C03212,web
O26042903607,2026-04-29,P202,데님 오버올,하의,L,그레이,1,39000,39000,C03241,web
O26042903608,2026-04-29,P203,레깅스 2종세트,하의,XS,네이비,1,18000,18000,C03096,web
O26042903609,2026-04-29,P203,레깅스 2종세트,하의,M,그레이,1,18000,18000,C02189,web
O26042903610,2026-04-29,P301,경량 패딩 베스트,아우터,M,코랄,1,52000,52000,C00571,web
O26042903611,2026-04-29,P401,플라워 원피스,원피스,L,카키,1,36000,36000,C02908,web
O26042903612,2026-04-29,P402,린넨 셔츠 원피스,원피스,M,코랄,1,47000,47000,C04390,web
O26042903613,2026-04-29,P601,코튼 헤어밴드,악세서리,M,아이보리,1,9900,9900,C04537,web
O26042903614,2026-04-29,P601,코튼 헤어밴드,악세서리,S,그레이,1,9900,9900,C04671,web
O26043003615,2026-04-30,P101,데일리 베이직 티셔츠,상의,XS,카키,1,15900,15900,C04113,web
O26043003616,2026-04-30,P102,프릴 카라 블라우스,상의,M,카키,1,32000,32000,C04260,web
O26043003617,2026-04-30,P103,스트라이프 긴팔티,상의,L,아이보리,1,21000,21000,C00476,web
O26043003618,2026-04-30,P103,스트라이프 긴팔티,상의,M,네이비,1,21000,21000,C00494,web
O26043003619,2026-04-30,P103,스트라이프 긴팔티,상의,M,카키,1,21000,21000,C03115,web
O26043003620,2026-04-30,P105,루즈핏 니트,상의,L,코랄,1,39000,39000,C01303,web
O26043003621,2026-04-30,P105,루즈핏 니트,상의,M,네이비,1,39000,39000,C00027,web
O26043003622,2026-04-30,P201,코튼 조거 팬츠,하의,L,카키,1,24000,24000,C00377,web
O26043003623,2026-04-30,P302,후드 집업 점퍼,아우터,L,아이보리,1,48000,48000,C04703,web
O26043003624,2026-04-30,P302,후드 집업 점퍼,아우터,L,카키,1,48000,48000,C02401,web
O26043003625,2026-04-30,P402,린넨 셔츠 원피스,원피스,M,그레이,1,47000,47000,C04209,web
O26043003626,2026-04-30,P402,린넨 셔츠 원피스,원피스,L,그레이,1,47000,47000,C00475,web
O26043003627,2026-04-30,P501,상하 세트 (티+팬츠),세트,M,아이보리,1,42000,42000,C00139,web
O26043003628,2026-04-30,P501,상하 세트 (티+팬츠),세트,S,카키,1,42000,42000,C01295,web
O26043003629,2026-04-30,P602,니트 비니,악세서리,M,그레이,1,13000,13000,C04807,web
O26050103630,2026-05-01,P101,데일리 베이직 티셔츠,상의,XS,네이비,1,15900,15900,C00529,web
O26050103631,2026-05-01,P101,데일리 베이직 티셔츠,상의,XS,그레이,1,15900,15900,C00477,web
O26050103632,2026-05-01,P101,데일리 베이직 티셔츠,상의,M,코랄,1,15900,15900,C04531,web
O26050103633,2026-05-01,P102,프릴 카라 블라우스,상의,M,코랄,1,32000,32000,C00070,web
O26050103634,2026-05-01,P103,스트라이프 긴팔티,상의,S,카키,1,21000,21000,C02305,web
O26050103635,2026-05-01,P103,스트라이프 긴팔티,상의,XS,네이비,1,21000,21000,C04613,web
O26050103636,2026-05-01,P103,스트라이프 긴팔티,상의,XS,코랄,1,21000,21000,C00126,web
O26050103637,2026-05-01,P103,스트라이프 긴팔티,상의,S,카키,1,21000,21000,C03539,web
O26050103638,2026-05-01,P103,스트라이프 긴팔티,상의,S,카키,1,21000,21000,C02608,web
O26050103639,2026-05-01,P103,스트라이프 긴팔티,상의,M,코랄,1,21000,21000,C03709,web
O26050103640,2026-05-01,P104,고밀도 맨투맨,상의,L,카키,1,29000,29000,C04011,web
O26050103641,2026-05-01,P104,고밀도 맨투맨,상의,S,카키,1,29000,29000,C04688,web
O26050103642,2026-05-01,P105,루즈핏 니트,상의,L,카키,1,39000,39000,C00557,web
O26050103643,2026-05-01,P201,코튼 조거 팬츠,하의,L,그레이,1,24000,24000,C00385,web
O26050103644,2026-05-01,P201,코튼 조거 팬츠,하의,XS,아이보리,1,24000,24000,C00351,web
O26050103645,2026-05-01,P202,데님 오버올,하의,S,코랄,1,39000,39000,C04658,web
O26050103646,2026-05-01,P203,레깅스 2종세트,하의,S,아이보리,1,18000,18000,C02260,web
O26050103647,2026-05-01,P203,레깅스 2종세트,하의,L,네이비,1,18000,18000,C00311,web
O26050103648,2026-05-01,P301,경량 패딩 베스트,아우터,M,카키,1,52000,52000,C00868,web
O26050103649,2026-05-01,P401,플라워 원피스,원피스,S,그레이,1,36000,36000,C00180,web
O26050103650,2026-05-01,P402,린넨 셔츠 원피스,원피스,S,아이보리,1,47000,47000,C02206,web
O26050103651,2026-05-01,P501,상하 세트 (티+팬츠),세트,XL,코랄,1,42000,42000,C04895,web
O26050103652,2026-05-01,P501,상하 세트 (티+팬츠),세트,L,네이비,1,42000,42000,C04707,web
O26050103653,2026-05-01,P601,코튼 헤어밴드,악세서리,S,카키,1,9900,9900,C00097,web
O26050103654,2026-05-01,P601,코튼 헤어밴드,악세서리,S,코랄,1,9900,9900,C00249,web
O26050203655,2026-05-02,P101,데일리 베이직 티셔츠,상의,M,네이비,1,15900,15900,C02490,web
O26050203656,2026-05-02,P101,데일리 베이직 티셔츠,상의,XL,네이비,1,15900,15900,C04848,web
O26050203657,2026-05-02,P102,프릴 카라 블라우스,상의,S,그레이,1,32000,32000,C00107,web
O26050203658,2026-05-02,P102,프릴 카라 블라우스,상의,XL,코랄,1,32000,32000,C00291,web
O26050203659,2026-05-02,P104,고밀도 맨투맨,상의,2XL,코랄,1,29000,29000,C00393,web
O26050203660,2026-05-02,P104,고밀도 맨투맨,상의,M,코랄,1,29000,29000,C03192,web
O26050203661,2026-05-02,P105,루즈핏 니트,상의,S,카키,1,39000,39000,C01070,web
O26050203662,2026-05-02,P105,루즈핏 니트,상의,M,코랄,1,39000,39000,C00228,web
O26050203663,2026-05-02,P201,코튼 조거 팬츠,하의,M,그레이,1,24000,24000,C00910,web
O26050203664,2026-05-02,P402,린넨 셔츠 원피스,원피스,M,아이보리,1,47000,47000,C01891,web
O26050203665,2026-05-02,P501,상하 세트 (티+팬츠),세트,M,그레이,1,42000,42000,C00547,web
O26050203666,2026-05-02,P502,잠옷 세트,세트,S,코랄,1,28000,28000,C02697,web
O26050203667,2026-05-02,P502,잠옷 세트,세트,M,카키,1,28000,28000,C01278,web
O26050203668,2026-05-02,P601,코튼 헤어밴드,악세서리,M,네이비,1,9900,9900,C03219,web
O26050203669,2026-05-02,P602,니트 비니,악세서리,M,아이보리,1,13000,13000,C00788,web
O26050303670,2026-05-03,P101,데일리 베이직 티셔츠,상의,S,카키,1,15900,15900,C02009,web
O26050303671,2026-05-03,P101,데일리 베이직 티셔츠,상의,S,아이보리,1,15900,15900,C00196,web
O26050303672,2026-05-03,P101,데일리 베이직 티셔츠,상의,S,카키,1,15900,15900,C00079,web
O26050303673,2026-05-03,P101,데일리 베이직 티셔츠,상의,M,아이보리,1,15900,15900,C03083,web
O26050303674,2026-05-03,P101,데일리 베이직 티셔츠,상의,M,아이보리,1,15900,15900,C00244,web
O26050303675,2026-05-03,P103,스트라이프 긴팔티,상의,M,코랄,1,21000,21000,C00337,web
O26050303676,2026-05-03,P201,코튼 조거 팬츠,하의,XS,코랄,1,24000,24000,C03390,web
O26050303677,2026-05-03,P202,데님 오버올,하의,L,네이비,1,39000,39000,C00557,web
O26050303677,2026-05-03,P502,잠옷 세트,세트,L,카키,1,28000,28000,C00557,web
O26050303678,2026-05-03,P302,후드 집업 점퍼,아우터,XL,그레이,1,48000,48000,C04695,web
O26050303679,2026-05-03,P401,플라워 원피스,원피스,M,코랄,1,36000,36000,C00571,web
O26050303680,2026-05-03,P402,린넨 셔츠 원피스,원피스,L,카키,1,47000,47000,C04625,web
O26050303681,2026-05-03,P501,상하 세트 (티+팬츠),세트,M,그레이,1,42000,42000,C04039,web
O26050303682,2026-05-03,P502,잠옷 세트,세트,S,코랄,1,28000,28000,C00436,web
O26050303683,2026-05-03,P502,잠옷 세트,세트,XS,그레이,1,28000,28000,C00788,web
O26050303684,2026-05-03,P502,잠옷 세트,세트,L,아이보리,1,28000,28000,C00493,web
O26050403685,2026-05-04,P101,데일리 베이직 티셔츠,상의,XS,네이비,1,15900,15900,C00763,web
O26050403686,2026-05-04,P101,데일리 베이직 티셔츠,상의,XS,네이비,1,15900,15900,C04258,web
O26050403687,2026-05-04,P104,고밀도 맨투맨,상의,2XL,카키,1,29000,29000,C03299,web
O26050403688,2026-05-04,P104,고밀도 맨투맨,상의,XL,카키,1,29000,29000,C00010,web
O26050403689,2026-05-04,P105,루즈핏 니트,상의,S,그레이,1,39000,39000,C00424,web
O26050403690,2026-05-04,P201,코튼 조거 팬츠,하의,S,카키,1,24000,24000,C01639,web
O26050403691,2026-05-04,P201,코튼 조거 팬츠,하의,XL,아이보리,1,24000,24000,C02686,web
O26050403692,2026-05-04,P203,레깅스 2종세트,하의,S,그레이,1,18000,18000,C01243,web
O26050403693,2026-05-04,P401,플라워 원피스,원피스,S,아이보리,1,36000,36000,C02370,web
O26050403694,2026-05-04,P501,상하 세트 (티+팬츠),세트,L,코랄,1,42000,42000,C05163,web
O26050403695,2026-05-04,P501,상하 세트 (티+팬츠),세트,M,아이보리,1,42000,42000,C04562,web
O26050403696,2026-05-04,P501,상하 세트 (티+팬츠),세트,L,코랄,1,42000,42000,C01845,web
O26050503697,2026-05-05,P101,데일리 베이직 티셔츠,상의,M,그레이,1,15900,15900,C00696,web
O26050503698,2026-05-05,P101,데일리 베이직 티셔츠,상의,XL,아이보리,1,15900,15900,C03231,web
O26050503699,2026-05-05,P102,프릴 카라 블라우스,상의,S,카키,1,32000,32000,C01777,web
O26050503700,2026-05-05,P103,스트라이프 긴팔티,상의,XS,카키,1,21000,21000,C00079,web
O26050503701,2026-05-05,P104,고밀도 맨투맨,상의,M,네이비,1,29000,29000,C00582,web
O26050503702,2026-05-05,P104,고밀도 맨투맨,상의,L,아이보리,1,29000,29000,C03033,web
O26050503703,2026-05-05,P201,코튼 조거 팬츠,하의,M,카키,1,24000,24000,C02388,web
O26050503704,2026-05-05,P203,레깅스 2종세트,하의,M,네이비,1,18000,18000,C00068,web
O26050503705,2026-05-05,P302,후드 집업 점퍼,아우터,L,네이비,1,48000,48000,C02286,web
O26050503706,2026-05-05,P501,상하 세트 (티+팬츠),세트,S,카키,1,42000,42000,C00575,web
O26050503707,2026-05-05,P502,잠옷 세트,세트,XS,그레이,1,28000,28000,C00139,web
O26050503708,2026-05-05,P601,코튼 헤어밴드,악세서리,S,코랄,1,9900,9900,C00148,web
O26050503709,2026-05-05,P602,니트 비니,악세서리,S,그레이,1,13000,13000,C00517,web
O26050603710,2026-05-06,P102,프릴 카라 블라우스,상의,S,아이보리,1,32000,32000,C00134,web
O26050603711,2026-05-06,P102,프릴 카라 블라우스,상의,XL,카키,1,32000,32000,C01514,web
O26050603712,2026-05-06,P102,프릴 카라 블라우스,상의,S,네이비,1,32000,32000,C03826,web
O26050603713,2026-05-06,P103,스트라이프 긴팔티,상의,L,카키,1,21000,21000,C04006,web
O26050603714,2026-05-06,P104,고밀도 맨투맨,상의,M,카키,1,29000,29000,C03751,web
O26050603715,2026-05-06,P104,고밀도 맨투맨,상의,M,그레이,1,29000,29000,C03840,web
O26050603716,2026-05-06,P105,루즈핏 니트,상의,L,아이보리,1,39000,39000,C04747,web
O26050603717,2026-05-06,P105,루즈핏 니트,상의,S,아이보리,1,39000,39000,C04882,web
O26050603718,2026-05-06,P201,코튼 조거 팬츠,하의,S,아이보리,1,24000,24000,C02572,web
O26050603719,2026-05-06,P201,코튼 조거 팬츠,하의,M,그레이,1,24000,24000,C01760,web
O26050603720,2026-05-06,P302,후드 집업 점퍼,아우터,S,그레이,1,48000,48000,C00722,web
O26050603721,2026-05-06,P502,잠옷 세트,세트,XS,카키,1,28000,28000,C00133,web
O26050603722,2026-05-06,P502,잠옷 세트,세트,S,코랄,1,28000,28000,C00036,web
O26050703723,2026-05-07,P101,데일리 베이직 티셔츠,상의,L,네이비,1,15900,15900,C00268,web
O26050703724,2026-05-07,P101,데일리 베이직 티셔츠,상의,M,그레이,1,15900,15900,C02673,web
O26050703725,2026-05-07,P102,프릴 카라 블라우스,상의,S,그레이,1,32000,32000,C02265,web
O26050703726,2026-05-07,P102,프릴 카라 블라우스,상의,XL,코랄,1,32000,32000,C00607,web
O26050703727,2026-05-07,P103,스트라이프 긴팔티,상의,XS,아이보리,1,21000,21000,C03647,web
O26050703728,2026-05-07,P103,스트라이프 긴팔티,상의,XS,코랄,1,21000,21000,C03084,web
O26050703729,2026-05-07,P104,고밀도 맨투맨,상의,L,그레이,1,29000,29000,C01875,web
O26050703730,2026-05-07,P202,데님 오버올,하의,S,코랄,1,39000,39000,C02771,web
O26050703731,2026-05-07,P301,경량 패딩 베스트,아우터,S,코랄,1,52000,52000,C00484,web
O26050703732,2026-05-07,P302,후드 집업 점퍼,아우터,M,그레이,1,48000,48000,C00319,web
O26050703733,2026-05-07,P402,린넨 셔츠 원피스,원피스,S,아이보리,1,47000,47000,C00358,web
O26050703734,2026-05-07,P402,린넨 셔츠 원피스,원피스,S,그레이,1,47000,47000,C04335,web
O26050703735,2026-05-07,P501,상하 세트 (티+팬츠),세트,XL,코랄,1,42000,42000,C04337,web
O26050703736,2026-05-07,P601,코튼 헤어밴드,악세서리,M,코랄,1,9900,9900,C00255,web
O26050703737,2026-05-07,P601,코튼 헤어밴드,악세서리,M,코랄,1,9900,9900,C02573,web
O26050703738,2026-05-07,P601,코튼 헤어밴드,악세서리,M,카키,1,9900,9900,C03365,web
O26050803739,2026-05-08,P101,데일리 베이직 티셔츠,상의,M,네이비,1,15900,15900,C00208,web
O26050803740,2026-05-08,P102,프릴 카라 블라우스,상의,S,그레이,1,32000,32000,C00493,web
O26050803741,2026-05-08,P103,스트라이프 긴팔티,상의,M,그레이,1,21000,21000,C00009,web
O26050803742,2026-05-08,P103,스트라이프 긴팔티,상의,XS,그레이,1,21000,21000,C01581,web
O26050803743,2026-05-08,P104,고밀도 맨투맨,상의,S,코랄,1,29000,29000,C02562,web
O26050803744,2026-05-08,P201,코튼 조거 팬츠,하의,L,코랄,1,24000,24000,C02122,web
O26050803745,2026-05-08,P203,레깅스 2종세트,하의,XS,네이비,1,18000,18000,C01357,web
O26050803746,2026-05-08,P302,후드 집업 점퍼,아우터,S,네이비,1,48000,48000,C00580,web
O26050803747,2026-05-08,P401,플라워 원피스,원피스,L,코랄,1,36000,36000,C03134,web
O26050803748,2026-05-08,P401,플라워 원피스,원피스,S,네이비,1,36000,36000,C00013,web
O26050803749,2026-05-08,P402,린넨 셔츠 원피스,원피스,S,그레이,1,47000,47000,C05123,web
O26050803750,2026-05-08,P402,린넨 셔츠 원피스,원피스,S,네이비,1,47000,47000,C01888,web
O26050803751,2026-05-08,P402,린넨 셔츠 원피스,원피스,M,카키,1,47000,47000,C03581,web
O26050803752,2026-05-08,P502,잠옷 세트,세트,XS,코랄,1,28000,28000,C00136,web
O26050803753,2026-05-08,P502,잠옷 세트,세트,L,코랄,1,28000,28000,C03970,web
O26050903754,2026-05-09,P101,데일리 베이직 티셔츠,상의,XL,아이보리,1,15900,15900,C00169,web
O26050903755,2026-05-09,P103,스트라이프 긴팔티,상의,S,아이보리,1,21000,21000,C02932,web
O26050903756,2026-05-09,P104,고밀도 맨투맨,상의,S,아이보리,1,29000,29000,C00768,web
O26050903757,2026-05-09,P104,고밀도 맨투맨,상의,M,카키,1,29000,29000,C00293,web
O26050903758,2026-05-09,P201,코튼 조거 팬츠,하의,XS,네이비,1,24000,24000,C00421,web
O26050903759,2026-05-09,P203,레깅스 2종세트,하의,L,아이보리,1,18000,18000,C00471,web
O26050903760,2026-05-09,P203,레깅스 2종세트,하의,M,카키,1,18000,18000,C03049,web
O26050903761,2026-05-09,P203,레깅스 2종세트,하의,L,코랄,1,18000,18000,C04489,web
O26050903762,2026-05-09,P401,플라워 원피스,원피스,S,네이비,1,36000,36000,C02412,web
O26050903763,2026-05-09,P401,플라워 원피스,원피스,M,그레이,1,36000,36000,C00152,web
O26050903764,2026-05-09,P501,상하 세트 (티+팬츠),세트,L,코랄,1,42000,42000,C03328,web
O26050903765,2026-05-09,P501,상하 세트 (티+팬츠),세트,M,네이비,1,42000,42000,C03040,web
O26050903766,2026-05-09,P501,상하 세트 (티+팬츠),세트,M,아이보리,1,42000,42000,C04056,web
O26050903767,2026-05-09,P502,잠옷 세트,세트,XS,카키,1,28000,28000,C00447,web
O26050903768,2026-05-09,P502,잠옷 세트,세트,L,카키,1,28000,28000,C03118,web
O26051003769,2026-05-10,P101,데일리 베이직 티셔츠,상의,M,그레이,1,15900,15900,C00367,web
O26051003770,2026-05-10,P101,데일리 베이직 티셔츠,상의,S,그레이,1,15900,15900,C02171,web
O26051003771,2026-05-10,P102,프릴 카라 블라우스,상의,M,그레이,1,32000,32000,C00206,web
O26051003772,2026-05-10,P102,프릴 카라 블라우스,상의,XL,네이비,1,32000,32000,C00889,web
O26051003773,2026-05-10,P104,고밀도 맨투맨,상의,XL,아이보리,1,29000,29000,C03474,web
O26051003774,2026-05-10,P201,코튼 조거 팬츠,하의,L,아이보리,1,24000,24000,C00494,web
O26051003775,2026-05-10,P203,레깅스 2종세트,하의,M,코랄,1,18000,18000,C04832,web
O26051003776,2026-05-10,P203,레깅스 2종세트,하의,M,카키,1,18000,18000,C02010,web
O26051003777,2026-05-10,P401,플라워 원피스,원피스,L,그레이,1,36000,36000,C04753,web
O26051003778,2026-05-10,P402,린넨 셔츠 원피스,원피스,S,카키,1,47000,47000,C00230,web
O26051003779,2026-05-10,P402,린넨 셔츠 원피스,원피스,L,카키,1,47000,47000,C02248,web
O26051003780,2026-05-10,P402,린넨 셔츠 원피스,원피스,M,네이비,1,47000,47000,C00010,web
O26051103781,2026-05-11,P101,데일리 베이직 티셔츠,상의,XS,네이비,1,15900,15900,C02493,web
O26051103782,2026-05-11,P101,데일리 베이직 티셔츠,상의,XL,아이보리,1,15900,15900,C00336,web
O26051103783,2026-05-11,P101,데일리 베이직 티셔츠,상의,S,아이보리,1,15900,15900,C02915,web
O26051103784,2026-05-11,P101,데일리 베이직 티셔츠,상의,L,카키,1,15900,15900,C00307,web
O26051103785,2026-05-11,P103,스트라이프 긴팔티,상의,M,네이비,1,21000,21000,C00506,web
O26051103786,2026-05-11,P103,스트라이프 긴팔티,상의,M,아이보리,1,21000,21000,C04965,web
O26051103787,2026-05-11,P104,고밀도 맨투맨,상의,M,그레이,1,29000,29000,C04362,web
O26051103788,2026-05-11,P104,고밀도 맨투맨,상의,S,그레이,1,29000,29000,C00195,web
O26051103789,2026-05-11,P201,코튼 조거 팬츠,하의,XL,코랄,1,24000,24000,C00448,web
O26051103790,2026-05-11,P201,코튼 조거 팬츠,하의,XS,카키,1,24000,24000,C02680,web
O26051103791,2026-05-11,P201,코튼 조거 팬츠,하의,XL,그레이,1,24000,24000,C02735,web
O26051103792,2026-05-11,P401,플라워 원피스,원피스,S,코랄,1,36000,36000,C01362,web
O26051103793,2026-05-11,P401,플라워 원피스,원피스,S,코랄,1,36000,36000,C03093,web
O26051103794,2026-05-11,P401,플라워 원피스,원피스,L,코랄,1,36000,36000,C00321,web
O26051103795,2026-05-11,P401,플라워 원피스,원피스,S,그레이,1,36000,36000,C05112,web
O26051103796,2026-05-11,P501,상하 세트 (티+팬츠),세트,XL,아이보리,1,42000,42000,C00419,web
O26051103797,2026-05-11,P501,상하 세트 (티+팬츠),세트,S,그레이,1,42000,42000,C02537,web
O26051103798,2026-05-11,P502,잠옷 세트,세트,XS,네이비,1,28000,28000,C00653,web
O26051103799,2026-05-11,P602,니트 비니,악세서리,M,카키,1,13000,13000,C04558,web
O26051203800,2026-05-12,P101,데일리 베이직 티셔츠,상의,S,아이보리,1,15900,15900,C03705,web
O26051203801,2026-05-12,P102,프릴 카라 블라우스,상의,S,카키,1,32000,32000,C03618,web
O26051203802,2026-05-12,P102,프릴 카라 블라우스,상의,M,아이보리,1,32000,32000,C00073,web
O26051203803,2026-05-12,P104,고밀도 맨투맨,상의,S,그레이,1,29000,29000,C02827,web
O26051203804,2026-05-12,P104,고밀도 맨투맨,상의,M,카키,1,29000,29000,C00347,web
O26051203805,2026-05-12,P104,고밀도 맨투맨,상의,2XL,그레이,1,29000,29000,C04289,web
O26051203806,2026-05-12,P105,루즈핏 니트,상의,S,그레이,1,39000,39000,C00023,web
O26051203807,2026-05-12,P105,루즈핏 니트,상의,M,아이보리,1,39000,39000,C05126,web
O26051203808,2026-05-12,P201,코튼 조거 팬츠,하의,XS,카키,1,24000,24000,C00572,web
O26051203809,2026-05-12,P201,코튼 조거 팬츠,하의,XS,카키,1,24000,24000,C00526,web
O26051203810,2026-05-12,P302,후드 집업 점퍼,아우터,XL,네이비,1,48000,48000,C00563,web
O26051203811,2026-05-12,P401,플라워 원피스,원피스,S,그레이,1,36000,36000,C01714,web
O26051203812,2026-05-12,P401,플라워 원피스,원피스,S,카키,1,36000,36000,C03393,web
O26051203813,2026-05-12,P402,린넨 셔츠 원피스,원피스,S,그레이,1,47000,47000,C01216,web
O26051203814,2026-05-12,P402,린넨 셔츠 원피스,원피스,S,코랄,1,47000,47000,C00013,web
O26051203815,2026-05-12,P402,린넨 셔츠 원피스,원피스,S,네이비,1,47000,47000,C00022,web
O26051203816,2026-05-12,P402,린넨 셔츠 원피스,원피스,S,카키,1,47000,47000,C02038,web
O26051203817,2026-05-12,P402,린넨 셔츠 원피스,원피스,M,그레이,1,47000,47000,C04864,web
O26051203818,2026-05-12,P501,상하 세트 (티+팬츠),세트,S,그레이,1,42000,42000,C00460,web
O26051203819,2026-05-12,P602,니트 비니,악세서리,S,네이비,1,13000,13000,C04159,web
O26051303820,2026-05-13,P101,데일리 베이직 티셔츠,상의,XL,네이비,1,15900,15900,C00105,web
O26051303821,2026-05-13,P101,데일리 베이직 티셔츠,상의,S,아이보리,1,15900,15900,C00228,web
O26051303822,2026-05-13,P102,프릴 카라 블라우스,상의,M,그레이,1,32000,32000,C00510,web
O26051303823,2026-05-13,P104,고밀도 맨투맨,상의,M,아이보리,1,29000,29000,C01093,web
O26051303824,2026-05-13,P104,고밀도 맨투맨,상의,2XL,코랄,1,29000,29000,C03463,web
O26051303825,2026-05-13,P104,고밀도 맨투맨,상의,XL,그레이,1,29000,29000,C00116,web
O26051303826,2026-05-13,P201,코튼 조거 팬츠,하의,XS,카키,1,24000,24000,C04998,web
O26051303827,2026-05-13,P201,코튼 조거 팬츠,하의,S,아이보리,1,24000,24000,C03531,web
O26051303828,2026-05-13,P201,코튼 조거 팬츠,하의,M,그레이,1,24000,24000,C01247,web
O26051303829,2026-05-13,P202,데님 오버올,하의,M,네이비,1,39000,39000,C00733,web
O26051303830,2026-05-13,P203,레깅스 2종세트,하의,S,카키,1,18000,18000,C03316,web
O26051303831,2026-05-13,P401,플라워 원피스,원피스,S,그레이,1,36000,36000,C03885,web
O26051303832,2026-05-13,P501,상하 세트 (티+팬츠),세트,M,그레이,1,42000,42000,C03327,web
O26051303833,2026-05-13,P501,상하 세트 (티+팬츠),세트,S,네이비,1,42000,42000,C00065,web
O26051303834,2026-05-13,P502,잠옷 세트,세트,M,카키,1,28000,28000,C03105,web
O26051303835,2026-05-13,P601,코튼 헤어밴드,악세서리,M,코랄,1,9900,9900,C00178,web
O26051403836,2026-05-14,P101,데일리 베이직 티셔츠,상의,L,코랄,1,15900,15900,C00689,web
O26051403837,2026-05-14,P103,스트라이프 긴팔티,상의,L,아이보리,1,21000,21000,C04663,web
O26051403838,2026-05-14,P103,스트라이프 긴팔티,상의,L,네이비,1,21000,21000,C04635,web
O26051403839,2026-05-14,P104,고밀도 맨투맨,상의,M,카키,1,29000,29000,C00966,web
O26051403840,2026-05-14,P105,루즈핏 니트,상의,M,코랄,1,39000,39000,C03694,web
O26051403841,2026-05-14,P201,코튼 조거 팬츠,하의,XS,네이비,1,24000,24000,C02784,web
O26051403842,2026-05-14,P201,코튼 조거 팬츠,하의,L,카키,1,24000,24000,C03543,web
O26051403843,2026-05-14,P202,데님 오버올,하의,M,네이비,1,39000,39000,C00268,web
O26051403844,2026-05-14,P202,데님 오버올,하의,S,네이비,1,39000,39000,C00572,web
O26051403845,2026-05-14,P401,플라워 원피스,원피스,S,네이비,1,36000,36000,C04647,web
O26051403846,2026-05-14,P501,상하 세트 (티+팬츠),세트,L,아이보리,1,42000,42000,C00204,web
O26051503847,2026-05-15,P101,데일리 베이직 티셔츠,상의,M,아이보리,1,15900,15900,C00067,web
O26051503848,2026-05-15,P101,데일리 베이직 티셔츠,상의,S,그레이,1,15900,15900,C00754,web
O26051503849,2026-05-15,P102,프릴 카라 블라우스,상의,S,그레이,1,32000,32000,C02702,web
O26051503850,2026-05-15,P102,프릴 카라 블라우스,상의,M,카키,1,32000,32000,C00503,web
O26051503851,2026-05-15,P103,스트라이프 긴팔티,상의,S,아이보리,1,21000,21000,C00533,web
O26051503852,2026-05-15,P105,루즈핏 니트,상의,S,코랄,1,39000,39000,C00183,web
O26051503853,2026-05-15,P105,루즈핏 니트,상의,L,카키,1,39000,39000,C00258,web
O26051503854,2026-05-15,P201,코튼 조거 팬츠,하의,L,카키,1,24000,24000,C05110,web
O26051503855,2026-05-15,P201,코튼 조거 팬츠,하의,L,아이보리,1,24000,24000,C00331,web
O26051503856,2026-05-15,P201,코튼 조거 팬츠,하의,L,네이비,1,24000,24000,C01826,web
O26051503857,2026-05-15,P203,레깅스 2종세트,하의,S,아이보리,1,18000,18000,C04547,web
O26051503858,2026-05-15,P302,후드 집업 점퍼,아우터,L,그레이,1,48000,48000,C01983,web
O26051503859,2026-05-15,P302,후드 집업 점퍼,아우터,L,네이비,1,48000,48000,C00496,web
O26051503860,2026-05-15,P402,린넨 셔츠 원피스,원피스,L,카키,1,47000,47000,C00994,web
O26051503861,2026-05-15,P501,상하 세트 (티+팬츠),세트,S,그레이,1,42000,42000,C00093,web
O26051503862,2026-05-15,P501,상하 세트 (티+팬츠),세트,XL,그레이,1,42000,42000,C02589,web
O26051503863,2026-05-15,P502,잠옷 세트,세트,M,네이비,1,28000,28000,C00156,web
O26051603864,2026-05-16,P101,데일리 베이직 티셔츠,상의,M,아이보리,1,15900,15900,C00473,web
O26051603865,2026-05-16,P101,데일리 베이직 티셔츠,상의,XS,네이비,1,15900,15900,C03549,web
O26051603866,2026-05-16,P101,데일리 베이직 티셔츠,상의,L,그레이,1,15900,15900,C00437,web
O26051603867,2026-05-16,P101,데일리 베이직 티셔츠,상의,S,코랄,1,15900,15900,C00192,web
O26051603868,2026-05-16,P102,프릴 카라 블라우스,상의,M,아이보리,1,32000,32000,C00028,web
O26051603869,2026-05-16,P104,고밀도 맨투맨,상의,L,네이비,1,29000,29000,C00583,web
O26051603870,2026-05-16,P201,코튼 조거 팬츠,하의,M,카키,1,24000,24000,C01642,web
O26051603871,2026-05-16,P202,데님 오버올,하의,L,네이비,1,39000,39000,C00346,web
O26051603872,2026-05-16,P401,플라워 원피스,원피스,S,코랄,1,36000,36000,C01162,web
O26051603873,2026-05-16,P501,상하 세트 (티+팬츠),세트,L,카키,1,42000,42000,C00507,web
O26051703874,2026-05-17,P101,데일리 베이직 티셔츠,상의,L,네이비,1,15900,15900,C00252,web
O26051703875,2026-05-17,P102,프릴 카라 블라우스,상의,M,아이보리,1,32000,32000,C02941,web
O26051703876,2026-05-17,P103,스트라이프 긴팔티,상의,S,카키,1,21000,21000,C02248,web
O26051703877,2026-05-17,P103,스트라이프 긴팔티,상의,S,아이보리,1,21000,21000,C04366,web
O26051703878,2026-05-17,P103,스트라이프 긴팔티,상의,M,카키,1,21000,21000,C00017,web
O26051703879,2026-05-17,P104,고밀도 맨투맨,상의,L,카키,1,29000,29000,C00291,web
O26051703880,2026-05-17,P201,코튼 조거 팬츠,하의,XL,코랄,1,24000,24000,C04726,web
O26051703881,2026-05-17,P201,코튼 조거 팬츠,하의,S,네이비,1,24000,24000,C01689,web
O26051703882,2026-05-17,P203,레깅스 2종세트,하의,XS,그레이,1,18000,18000,C00808,web
O26051703883,2026-05-17,P203,레깅스 2종세트,하의,S,그레이,1,18000,18000,C03435,web
O26051703884,2026-05-17,P401,플라워 원피스,원피스,S,아이보리,1,36000,36000,C04692,web
O26051703885,2026-05-17,P401,플라워 원피스,원피스,S,네이비,1,36000,36000,C00959,web
O26051703886,2026-05-17,P401,플라워 원피스,원피스,S,코랄,1,36000,36000,C03363,web
O26051703887,2026-05-17,P402,린넨 셔츠 원피스,원피스,S,아이보리,1,47000,47000,C00757,web
O26051703888,2026-05-17,P501,상하 세트 (티+팬츠),세트,M,코랄,1,42000,42000,C01714,web
O26051703889,2026-05-17,P601,코튼 헤어밴드,악세서리,S,카키,1,9900,9900,C03139,web
O26051703890,2026-05-17,P601,코튼 헤어밴드,악세서리,M,아이보리,1,9900,9900,C00056,web
O26051803891,2026-05-18,P101,데일리 베이직 티셔츠,상의,L,그레이,1,15900,15900,C03925,web
O26051803892,2026-05-18,P101,데일리 베이직 티셔츠,상의,XS,아이보리,1,15900,15900,C01125,web
O26051803893,2026-05-18,P102,프릴 카라 블라우스,상의,M,그레이,1,32000,32000,C00093,web
O26051803894,2026-05-18,P103,스트라이프 긴팔티,상의,XS,코랄,1,21000,21000,C03334,web
O26051803895,2026-05-18,P103,스트라이프 긴팔티,상의,M,아이보리,1,21000,21000,C03823,web
O26051803896,2026-05-18,P103,스트라이프 긴팔티,상의,L,코랄,1,21000,21000,C00357,web
O26051803897,2026-05-18,P104,고밀도 맨투맨,상의,2XL,그레이,1,29000,29000,C00007,web
O26051803898,2026-05-18,P104,고밀도 맨투맨,상의,2XL,그레이,1,29000,29000,C02900,web
O26051803899,2026-05-18,P104,고밀도 맨투맨,상의,S,아이보리,1,29000,29000,C01526,web
O26051803900,2026-05-18,P201,코튼 조거 팬츠,하의,XS,아이보리,1,24000,24000,C00324,web
O26051803901,2026-05-18,P203,레깅스 2종세트,하의,S,아이보리,1,18000,18000,C00493,web
O26051803902,2026-05-18,P401,플라워 원피스,원피스,S,카키,1,36000,36000,C04765,web
O26051803903,2026-05-18,P402,린넨 셔츠 원피스,원피스,L,네이비,1,47000,47000,C01138,web
O26051803904,2026-05-18,P601,코튼 헤어밴드,악세서리,S,그레이,1,9900,9900,C04033,web
O26051903905,2026-05-19,P101,데일리 베이직 티셔츠,상의,XL,네이비,1,15900,15900,C04454,web
O26051903906,2026-05-19,P101,데일리 베이직 티셔츠,상의,XS,그레이,1,15900,15900,C02942,web
O26051903907,2026-05-19,P102,프릴 카라 블라우스,상의,M,아이보리,1,32000,32000,C02376,web
O26051903908,2026-05-19,P103,스트라이프 긴팔티,상의,S,아이보리,1,21000,21000,C03442,web
O26051903909,2026-05-19,P103,스트라이프 긴팔티,상의,L,코랄,1,21000,21000,C00200,web
O26051903910,2026-05-19,P104,고밀도 맨투맨,상의,S,아이보리,1,29000,29000,C01619,web
O26051903911,2026-05-19,P105,루즈핏 니트,상의,L,카키,1,39000,39000,C00535,web
O26051903912,2026-05-19,P105,루즈핏 니트,상의,L,코랄,1,39000,39000,C01580,web
O26051903913,2026-05-19,P105,루즈핏 니트,상의,L,아이보리,1,39000,39000,C04244,web
O26051903914,2026-05-19,P105,루즈핏 니트,상의,L,네이비,1,39000,39000,C00374,web
O26051903915,2026-05-19,P201,코튼 조거 팬츠,하의,XL,코랄,1,24000,24000,C02683,web
O26051903916,2026-05-19,P201,코튼 조거 팬츠,하의,M,네이비,1,24000,24000,C01653,web
O26051903917,2026-05-19,P203,레깅스 2종세트,하의,XS,코랄,1,18000,18000,C00467,web
O26051903918,2026-05-19,P203,레깅스 2종세트,하의,S,그레이,1,18000,18000,C01262,web
O26051903919,2026-05-19,P203,레깅스 2종세트,하의,S,그레이,1,18000,18000,C02735,web
O26051903920,2026-05-19,P401,플라워 원피스,원피스,S,네이비,1,36000,36000,C01263,web
O26051903921,2026-05-19,P402,린넨 셔츠 원피스,원피스,S,그레이,1,47000,47000,C04768,web
O26051903922,2026-05-19,P402,린넨 셔츠 원피스,원피스,L,카키,1,47000,47000,C04729,web
O26051903923,2026-05-19,P501,상하 세트 (티+팬츠),세트,XL,카키,1,42000,42000,C03076,web
O26051903924,2026-05-19,P502,잠옷 세트,세트,XS,코랄,1,28000,28000,C00053,web
O26052003925,2026-05-20,P101,데일리 베이직 티셔츠,상의,L,코랄,1,15900,15900,C04116,web
O26052003926,2026-05-20,P101,데일리 베이직 티셔츠,상의,M,그레이,1,15900,15900,C00214,web
O26052003927,2026-05-20,P102,프릴 카라 블라우스,상의,S,카키,1,32000,32000,C00394,web
O26052003928,2026-05-20,P102,프릴 카라 블라우스,상의,S,코랄,1,32000,32000,C00875,web
O26052003929,2026-05-20,P201,코튼 조거 팬츠,하의,L,코랄,1,24000,24000,C00223,web
O26052003930,2026-05-20,P202,데님 오버올,하의,L,코랄,1,39000,39000,C05197,web
O26052003931,2026-05-20,P202,데님 오버올,하의,L,그레이,1,39000,39000,C00297,web
O26052003932,2026-05-20,P203,레깅스 2종세트,하의,XS,코랄,1,18000,18000,C00504,web
O26052003933,2026-05-20,P203,레깅스 2종세트,하의,S,카키,1,18000,18000,C00441,web
O26052003934,2026-05-20,P203,레깅스 2종세트,하의,XS,코랄,1,18000,18000,C00169,web
O26052003935,2026-05-20,P401,플라워 원피스,원피스,S,카키,1,36000,36000,C01474,web
O26052003936,2026-05-20,P401,플라워 원피스,원피스,S,그레이,1,36000,36000,C02747,web
O26052003937,2026-05-20,P402,린넨 셔츠 원피스,원피스,L,카키,1,47000,47000,C00010,web
O26052003938,2026-05-20,P402,린넨 셔츠 원피스,원피스,L,코랄,1,47000,47000,C00674,web
O26052003939,2026-05-20,P501,상하 세트 (티+팬츠),세트,L,네이비,1,42000,42000,C00328,web
O26052003940,2026-05-20,P501,상하 세트 (티+팬츠),세트,XL,카키,1,42000,42000,C00472,web
O26052003941,2026-05-20,P501,상하 세트 (티+팬츠),세트,S,카키,1,42000,42000,C00655,web
O26052003942,2026-05-20,P501,상하 세트 (티+팬츠),세트,XL,그레이,1,42000,42000,C02461,web
O26052003943,2026-05-20,P502,잠옷 세트,세트,L,네이비,1,28000,28000,C03331,web
O26052003944,2026-05-20,P601,코튼 헤어밴드,악세서리,M,아이보리,1,9900,9900,C04787,web
O26052003945,2026-05-20,P601,코튼 헤어밴드,악세서리,S,코랄,1,9900,9900,C02207,web
O26052103946,2026-05-21,P101,데일리 베이직 티셔츠,상의,S,아이보리,1,15900,15900,C02302,web
O26052103947,2026-05-21,P102,프릴 카라 블라우스,상의,M,그레이,1,32000,32000,C00449,web
O26052103948,2026-05-21,P102,프릴 카라 블라우스,상의,S,네이비,1,32000,32000,C00026,web
O26052103949,2026-05-21,P103,스트라이프 긴팔티,상의,XS,네이비,1,21000,21000,C03472,web
O26052103950,2026-05-21,P103,스트라이프 긴팔티,상의,XS,네이비,1,21000,21000,C00338,web
O26052103951,2026-05-21,P104,고밀도 맨투맨,상의,M,그레이,1,29000,29000,C00500,web
O26052103952,2026-05-21,P201,코튼 조거 팬츠,하의,XS,네이비,1,24000,24000,C03602,web
O26052103953,2026-05-21,P201,코튼 조거 팬츠,하의,XS,그레이,1,24000,24000,C00214,web
O26052103954,2026-05-21,P202,데님 오버올,하의,L,그레이,1,39000,39000,C00329,web
O26052103955,2026-05-21,P401,플라워 원피스,원피스,S,카키,1,36000,36000,C01594,web
O26052103956,2026-05-21,P401,플라워 원피스,원피스,S,아이보리,1,36000,36000,C00552,web
O26052103957,2026-05-21,P402,린넨 셔츠 원피스,원피스,L,그레이,1,47000,47000,C02114,web
O26052103958,2026-05-21,P402,린넨 셔츠 원피스,원피스,M,네이비,1,47000,47000,C00024,web
O26052103959,2026-05-21,P402,린넨 셔츠 원피스,원피스,L,카키,1,47000,47000,C01796,web
O26052103960,2026-05-21,P501,상하 세트 (티+팬츠),세트,XL,카키,1,42000,42000,C00339,web
O26052103961,2026-05-21,P501,상하 세트 (티+팬츠),세트,XL,아이보리,1,42000,42000,C01596,web
O26052103962,2026-05-21,P502,잠옷 세트,세트,M,코랄,1,28000,28000,C00331,web
O26052103963,2026-05-21,P601,코튼 헤어밴드,악세서리,S,네이비,1,9900,9900,C02468,web
O26052103964,2026-05-21,P602,니트 비니,악세서리,M,네이비,1,13000,13000,C04140,web
O26052203965,2026-05-22,P102,프릴 카라 블라우스,상의,S,그레이,1,32000,32000,C04429,web
O26052203966,2026-05-22,P102,프릴 카라 블라우스,상의,M,그레이,1,32000,32000,C03681,web
O26052203967,2026-05-22,P201,코튼 조거 팬츠,하의,L,그레이,1,24000,24000,C01685,web
O26052203968,2026-05-22,P203,레깅스 2종세트,하의,S,아이보리,1,18000,18000,C00085,web
O26052203969,2026-05-22,P301,경량 패딩 베스트,아우터,L,그레이,1,52000,52000,C02133,web
O26052203970,2026-05-22,P401,플라워 원피스,원피스,S,아이보리,1,36000,36000,C04379,web
O26052203971,2026-05-22,P401,플라워 원피스,원피스,S,네이비,1,36000,36000,C00086,web
O26052203972,2026-05-22,P401,플라워 원피스,원피스,S,네이비,1,36000,36000,C00178,web
O26052203973,2026-05-22,P501,상하 세트 (티+팬츠),세트,XL,코랄,1,42000,42000,C04584,web
O26052203974,2026-05-22,P501,상하 세트 (티+팬츠),세트,XL,그레이,1,42000,42000,C00057,web
O26052203975,2026-05-22,P501,상하 세트 (티+팬츠),세트,L,그레이,1,42000,42000,C00191,web
O26052203976,2026-05-22,P602,니트 비니,악세서리,L,그레이,1,13000,13000,C01967,web
O26052303977,2026-05-23,P101,데일리 베이직 티셔츠,상의,XL,코랄,1,15900,15900,C01907,web
O26052303978,2026-05-23,P101,데일리 베이직 티셔츠,상의,S,아이보리,1,15900,15900,C00247,web
O26052303979,2026-05-23,P101,데일리 베이직 티셔츠,상의,M,카키,1,15900,15900,C00459,web
O26052303980,2026-05-23,P101,데일리 베이직 티셔츠,상의,S,카키,1,15900,15900,C03182,web
O26052303981,2026-05-23,P101,데일리 베이직 티셔츠,상의,M,네이비,1,15900,15900,C00326,web
O26052303982,2026-05-23,P101,데일리 베이직 티셔츠,상의,M,카키,1,15900,15900,C00361,web
O26052303983,2026-05-23,P102,프릴 카라 블라우스,상의,S,아이보리,1,32000,32000,C02767,web
O26052303984,2026-05-23,P102,프릴 카라 블라우스,상의,S,그레이,1,32000,32000,C00536,web
O26052303985,2026-05-23,P102,프릴 카라 블라우스,상의,M,카키,1,32000,32000,C00594,web
O26052303986,2026-05-23,P102,프릴 카라 블라우스,상의,S,아이보리,1,32000,32000,C00145,web
O26052303987,2026-05-23,P103,스트라이프 긴팔티,상의,XS,아이보리,1,21000,21000,C00197,web
O26052303988,2026-05-23,P104,고밀도 맨투맨,상의,L,네이비,1,29000,29000,C03067,web
O26052303989,2026-05-23,P104,고밀도 맨투맨,상의,L,코랄,1,29000,29000,C01493,web
O26052303990,2026-05-23,P201,코튼 조거 팬츠,하의,XL,아이보리,1,24000,24000,C00180,web
O26052303991,2026-05-23,P201,코튼 조거 팬츠,하의,XL,카키,1,24000,24000,C00997,web
O26052303992,2026-05-23,P203,레깅스 2종세트,하의,XS,네이비,1,18000,18000,C04036,web
O26052303993,2026-05-23,P203,레깅스 2종세트,하의,XS,네이비,1,18000,18000,C00018,web
O26052303994,2026-05-23,P302,후드 집업 점퍼,아우터,L,코랄,1,48000,48000,C04124,web
O26052303995,2026-05-23,P302,후드 집업 점퍼,아우터,M,카키,1,48000,48000,C01449,web
O26052303996,2026-05-23,P401,플라워 원피스,원피스,S,코랄,1,36000,36000,C00923,web
O26052303997,2026-05-23,P401,플라워 원피스,원피스,S,카키,1,36000,36000,C00446,web
O26052303998,2026-05-23,P401,플라워 원피스,원피스,S,카키,1,36000,36000,C03289,web
O26052303999,2026-05-23,P501,상하 세트 (티+팬츠),세트,XL,그레이,1,42000,42000,C00727,web
O26052304000,2026-05-23,P501,상하 세트 (티+팬츠),세트,L,네이비,1,42000,42000,C00822,web
O26052304001,2026-05-23,P501,상하 세트 (티+팬츠),세트,M,네이비,1,42000,42000,C00369,web
O26052304002,2026-05-23,P501,상하 세트 (티+팬츠),세트,XL,그레이,1,42000,42000,C00195,web
O26052304003,2026-05-23,P502,잠옷 세트,세트,M,아이보리,1,28000,28000,C00373,web
O26052304004,2026-05-23,P601,코튼 헤어밴드,악세서리,M,아이보리,1,9900,9900,C00201,web
O26052304005,2026-05-23,P602,니트 비니,악세서리,S,네이비,1,13000,13000,C00507,web
O26052404006,2026-05-24,P101,데일리 베이직 티셔츠,상의,XL,네이비,1,15900,15900,C01543,web
O26052404007,2026-05-24,P101,데일리 베이직 티셔츠,상의,L,카키,1,15900,15900,C04018,web
O26052404008,2026-05-24,P101,데일리 베이직 티셔츠,상의,XS,아이보리,1,15900,15900,C00225,web
O26052404009,2026-05-24,P101,데일리 베이직 티셔츠,상의,XS,카키,1,15900,15900,C02718,web
O26052404010,2026-05-24,P101,데일리 베이직 티셔츠,상의,XL,네이비,1,15900,15900,C02792,web
O26052404011,2026-05-24,P102,프릴 카라 블라우스,상의,S,그레이,1,32000,32000,C05066,web
O26052404012,2026-05-24,P103,스트라이프 긴팔티,상의,M,코랄,1,21000,21000,C00485,web
O26052404013,2026-05-24,P104,고밀도 맨투맨,상의,L,아이보리,1,29000,29000,C03600,web
O26052404014,2026-05-24,P105,루즈핏 니트,상의,S,코랄,1,39000,39000,C01633,web
O26052404015,2026-05-24,P203,레깅스 2종세트,하의,XS,네이비,1,18000,18000,C03005,web
O26052404016,2026-05-24,P401,플라워 원피스,원피스,S,아이보리,1,36000,36000,C00899,web
O26052404017,2026-05-24,P501,상하 세트 (티+팬츠),세트,M,카키,1,42000,42000,C01743,web
O26052404018,2026-05-24,P501,상하 세트 (티+팬츠),세트,M,네이비,1,42000,42000,C03317,web
O26052404019,2026-05-24,P602,니트 비니,악세서리,L,그레이,1,13000,13000,C01199,web
O26052504020,2026-05-25,P101,데일리 베이직 티셔츠,상의,M,아이보리,1,15900,15900,C00146,web
O26052504021,2026-05-25,P101,데일리 베이직 티셔츠,상의,XS,카키,1,15900,15900,C00595,web
O26052504022,2026-05-25,P101,데일리 베이직 티셔츠,상의,M,그레이,1,15900,15900,C02758,web
O26052504023,2026-05-25,P105,루즈핏 니트,상의,M,카키,1,39000,39000,C03827,web
O26052504024,2026-05-25,P105,루즈핏 니트,상의,L,그레이,1,39000,39000,C03277,web
O26052504025,2026-05-25,P105,루즈핏 니트,상의,S,코랄,1,39000,39000,C00288,web
O26052504026,2026-05-25,P202,데님 오버올,하의,M,아이보리,1,39000,39000,C03016,web
O26052504027,2026-05-25,P203,레깅스 2종세트,하의,S,카키,1,18000,18000,C00170,web
O26052504028,2026-05-25,P401,플라워 원피스,원피스,S,카키,1,36000,36000,C03191,web
O26052504029,2026-05-25,P401,플라워 원피스,원피스,S,코랄,1,36000,36000,C00008,web
O26052504030,2026-05-25,P402,린넨 셔츠 원피스,원피스,M,아이보리,1,47000,47000,C04288,web
O26052504031,2026-05-25,P402,린넨 셔츠 원피스,원피스,S,코랄,1,47000,47000,C00569,web
O26052504032,2026-05-25,P502,잠옷 세트,세트,XS,그레이,1,28000,28000,C04893,web
O26052504033,2026-05-25,P602,니트 비니,악세서리,S,코랄,1,13000,13000,C02729,web
O26052604034,2026-05-26,P101,데일리 베이직 티셔츠,상의,S,네이비,1,15900,15900,C03579,web
O26052604035,2026-05-26,P102,프릴 카라 블라우스,상의,S,아이보리,1,32000,32000,C00052,web
O26052604036,2026-05-26,P102,프릴 카라 블라우스,상의,M,아이보리,1,32000,32000,C01399,web
O26052604037,2026-05-26,P103,스트라이프 긴팔티,상의,XS,코랄,1,21000,21000,C01940,web
O26052604038,2026-05-26,P104,고밀도 맨투맨,상의,XL,아이보리,1,29000,29000,C01626,web
O26052604039,2026-05-26,P105,루즈핏 니트,상의,S,카키,1,39000,39000,C04814,web
O26052604040,2026-05-26,P105,루즈핏 니트,상의,M,네이비,1,39000,39000,C03997,web
O26052604041,2026-05-26,P105,루즈핏 니트,상의,M,그레이,1,39000,39000,C02226,web
O26052604042,2026-05-26,P201,코튼 조거 팬츠,하의,XL,코랄,1,24000,24000,C02596,web
O26052604043,2026-05-26,P201,코튼 조거 팬츠,하의,L,네이비,1,24000,24000,C00093,web
O26052604044,2026-05-26,P201,코튼 조거 팬츠,하의,XL,코랄,1,24000,24000,C04168,web
O26052604045,2026-05-26,P202,데님 오버올,하의,S,그레이,1,39000,39000,C00550,web
O26052604046,2026-05-26,P203,레깅스 2종세트,하의,S,아이보리,1,18000,18000,C00597,web
O26052604047,2026-05-26,P203,레깅스 2종세트,하의,XS,아이보리,1,18000,18000,C01575,web
O26052604048,2026-05-26,P302,후드 집업 점퍼,아우터,L,그레이,1,48000,48000,C04426,web
O26052604049,2026-05-26,P402,린넨 셔츠 원피스,원피스,L,코랄,1,47000,47000,C01160,web
O26052604050,2026-05-26,P402,린넨 셔츠 원피스,원피스,L,코랄,1,47000,47000,C00019,web
O26052604051,2026-05-26,P502,잠옷 세트,세트,M,카키,1,28000,28000,C02941,web
O26052704052,2026-05-27,P101,데일리 베이직 티셔츠,상의,L,코랄,1,15900,15900,C00576,web
O26052704053,2026-05-27,P101,데일리 베이직 티셔츠,상의,XL,코랄,1,15900,15900,C00180,web
O26052704054,2026-05-27,P101,데일리 베이직 티셔츠,상의,L,코랄,1,15900,15900,C02413,web
O26052704055,2026-05-27,P102,프릴 카라 블라우스,상의,S,아이보리,1,32000,32000,C00226,web
O26052704056,2026-05-27,P102,프릴 카라 블라우스,상의,S,네이비,1,32000,32000,C03294,web
O26052704057,2026-05-27,P102,프릴 카라 블라우스,상의,M,아이보리,1,32000,32000,C04719,web
O26052704058,2026-05-27,P103,스트라이프 긴팔티,상의,L,아이보리,1,21000,21000,C04743,web
O26052704059,2026-05-27,P103,스트라이프 긴팔티,상의,XS,아이보리,1,21000,21000,C00274,web
O26052704060,2026-05-27,P103,스트라이프 긴팔티,상의,L,코랄,1,21000,21000,C00533,web
O26052704060,2026-05-27,P203,레깅스 2종세트,하의,XS,카키,1,18000,18000,C00533,web
O26052704061,2026-05-27,P105,루즈핏 니트,상의,L,아이보리,1,39000,39000,C03517,web
O26052704062,2026-05-27,P105,루즈핏 니트,상의,S,카키,1,39000,39000,C05184,web
O26052704063,2026-05-27,P203,레깅스 2종세트,하의,S,그레이,1,18000,18000,C00299,web
O26052704064,2026-05-27,P401,플라워 원피스,원피스,S,그레이,1,36000,36000,C03936,web
O26052704065,2026-05-27,P501,상하 세트 (티+팬츠),세트,M,코랄,1,42000,42000,C00168,web
O26052704066,2026-05-27,P501,상하 세트 (티+팬츠),세트,XL,그레이,1,42000,42000,C04864,web
O26052704067,2026-05-27,P502,잠옷 세트,세트,M,카키,1,28000,28000,C04898,web
O26052704068,2026-05-27,P601,코튼 헤어밴드,악세서리,S,코랄,1,9900,9900,C04037,web
O26052704069,2026-05-27,P602,니트 비니,악세서리,S,그레이,1,13000,13000,C02377,web
O26052804070,2026-05-28,P102,프릴 카라 블라우스,상의,M,네이비,1,32000,32000,C04859,web
O26052804071,2026-05-28,P103,스트라이프 긴팔티,상의,XS,그레이,1,21000,21000,C00443,web
O26052804072,2026-05-28,P103,스트라이프 긴팔티,상의,XS,아이보리,1,21000,21000,C04582,web
O26052804073,2026-05-28,P105,루즈핏 니트,상의,M,네이비,1,39000,39000,C04190,web
O26052804074,2026-05-28,P105,루즈핏 니트,상의,M,카키,1,39000,39000,C04948,web
O26052804075,2026-05-28,P201,코튼 조거 팬츠,하의,XS,그레이,1,24000,24000,C03280,web
O26052804076,2026-05-28,P202,데님 오버올,하의,L,코랄,1,39000,39000,C03067,web
O26052804077,2026-05-28,P203,레깅스 2종세트,하의,S,네이비,1,18000,18000,C04218,web
O26052804078,2026-05-28,P301,경량 패딩 베스트,아우터,S,코랄,1,52000,52000,C00093,web
O26052804079,2026-05-28,P401,플라워 원피스,원피스,S,카키,1,36000,36000,C03177,web
O26052804080,2026-05-28,P501,상하 세트 (티+팬츠),세트,L,네이비,1,42000,42000,C01940,web
O26052804081,2026-05-28,P601,코튼 헤어밴드,악세서리,M,네이비,1,9900,9900,C04258,web
O26052904082,2026-05-29,P101,데일리 베이직 티셔츠,상의,XL,그레이,1,15900,15900,C04649,web
O26052904083,2026-05-29,P101,데일리 베이직 티셔츠,상의,XS,네이비,1,15900,15900,C05009,web
O26052904084,2026-05-29,P101,데일리 베이직 티셔츠,상의,S,카키,1,15900,15900,C00509,web
O26052904085,2026-05-29,P105,루즈핏 니트,상의,L,카키,1,39000,39000,C00246,web
O26052904085,2026-05-29,P402,린넨 셔츠 원피스,원피스,S,코랄,1,47000,47000,C00246,web
O26052904086,2026-05-29,P105,루즈핏 니트,상의,S,네이비,1,39000,39000,C03518,web
O26052904087,2026-05-29,P201,코튼 조거 팬츠,하의,XS,코랄,1,24000,24000,C02540,web
O26052904088,2026-05-29,P201,코튼 조거 팬츠,하의,XS,그레이,1,24000,24000,C02464,web
O26052904089,2026-05-29,P201,코튼 조거 팬츠,하의,S,아이보리,1,24000,24000,C03193,web
O26052904090,2026-05-29,P201,코튼 조거 팬츠,하의,L,아이보리,1,24000,24000,C02251,web
O26052904091,2026-05-29,P202,데님 오버올,하의,S,네이비,1,39000,39000,C02100,web
O26052904092,2026-05-29,P401,플라워 원피스,원피스,S,그레이,1,36000,36000,C00973,web
O26052904093,2026-05-29,P401,플라워 원피스,원피스,S,네이비,1,36000,36000,C00185,web
O26052904094,2026-05-29,P402,린넨 셔츠 원피스,원피스,S,아이보리,1,47000,47000,C02654,web
O26052904095,2026-05-29,P501,상하 세트 (티+팬츠),세트,M,네이비,1,42000,42000,C02771,web
O26052904096,2026-05-29,P602,니트 비니,악세서리,L,네이비,1,13000,13000,C00401,web
O26053004097,2026-05-30,P101,데일리 베이직 티셔츠,상의,XS,네이비,1,15900,15900,C02618,web
O26053004098,2026-05-30,P103,스트라이프 긴팔티,상의,L,아이보리,1,21000,21000,C03368,web
O26053004099,2026-05-30,P103,스트라이프 긴팔티,상의,S,카키,1,21000,21000,C05112,web
O26053004100,2026-05-30,P104,고밀도 맨투맨,상의,L,아이보리,1,29000,29000,C00204,web
O26053004101,2026-05-30,P105,루즈핏 니트,상의,M,네이비,1,39000,39000,C00381,web
O26053004102,2026-05-30,P105,루즈핏 니트,상의,M,네이비,1,39000,39000,C01002,web
O26053004103,2026-05-30,P201,코튼 조거 팬츠,하의,M,아이보리,1,24000,24000,C00255,web
O26053004104,2026-05-30,P201,코튼 조거 팬츠,하의,S,카키,1,24000,24000,C00532,web
O26053004105,2026-05-30,P203,레깅스 2종세트,하의,S,아이보리,1,18000,18000,C02775,web
O26053004106,2026-05-30,P301,경량 패딩 베스트,아우터,XL,그레이,1,52000,52000,C04537,web
O26053004107,2026-05-30,P402,린넨 셔츠 원피스,원피스,M,카키,1,47000,47000,C02052,web
O26053004108,2026-05-30,P501,상하 세트 (티+팬츠),세트,S,네이비,1,42000,42000,C00187,web
O26053004109,2026-05-30,P601,코튼 헤어밴드,악세서리,M,아이보리,1,9900,9900,C00543,web
O26053104110,2026-05-31,P101,데일리 베이직 티셔츠,상의,XS,코랄,1,15900,15900,C02173,web
O26053104111,2026-05-31,P102,프릴 카라 블라우스,상의,M,네이비,1,32000,32000,C04534,web
O26053104112,2026-05-31,P104,고밀도 맨투맨,상의,L,아이보리,1,29000,29000,C04507,web
O26053104113,2026-05-31,P104,고밀도 맨투맨,상의,XL,네이비,1,29000,29000,C03276,web
O26053104114,2026-05-31,P104,고밀도 맨투맨,상의,2XL,그레이,1,29000,29000,C00111,web
O26053104115,2026-05-31,P203,레깅스 2종세트,하의,S,그레이,1,18000,18000,C04169,web
O26053104116,2026-05-31,P402,린넨 셔츠 원피스,원피스,L,코랄,1,47000,47000,C03539,web
O26053104117,2026-05-31,P502,잠옷 세트,세트,M,그레이,1,28000,28000,C03293,web
O26060104118,2026-06-01,P101,데일리 베이직 티셔츠,상의,XS,코랄,1,15900,15900,C00886,web
O26060104119,2026-06-01,P103,스트라이프 긴팔티,상의,L,카키,1,21000,21000,C02783,web
O26060104120,2026-06-01,P104,고밀도 맨투맨,상의,M,네이비,1,29000,29000,C00112,web
O26060104121,2026-06-01,P104,고밀도 맨투맨,상의,M,아이보리,1,29000,29000,C02803,web
O26060104122,2026-06-01,P105,루즈핏 니트,상의,L,코랄,1,39000,39000,C00582,web
O26060104123,2026-06-01,P201,코튼 조거 팬츠,하의,XS,아이보리,1,24000,24000,C01719,web
O26060104124,2026-06-01,P201,코튼 조거 팬츠,하의,M,코랄,1,24000,24000,C01291,web
O26060104125,2026-06-01,P401,플라워 원피스,원피스,S,네이비,1,36000,36000,C00188,web
O26060104126,2026-06-01,P401,플라워 원피스,원피스,S,코랄,1,36000,36000,C00373,web
O26060104127,2026-06-01,P401,플라워 원피스,원피스,S,네이비,1,36000,36000,C04358,web
O26060104128,2026-06-01,P401,플라워 원피스,원피스,S,아이보리,1,36000,36000,C03979,web
O26060104129,2026-06-01,P402,린넨 셔츠 원피스,원피스,L,아이보리,1,47000,47000,C00564,web
O26060204130,2026-06-02,P101,데일리 베이직 티셔츠,상의,XS,그레이,1,15900,15900,C03438,web
O26060204131,2026-06-02,P101,데일리 베이직 티셔츠,상의,S,그레이,1,15900,15900,C03103,web
O26060204132,2026-06-02,P101,데일리 베이직 티셔츠,상의,M,카키,1,15900,15900,C03928,web
O26060204133,2026-06-02,P102,프릴 카라 블라우스,상의,S,네이비,1,32000,32000,C00386,web
O26060204134,2026-06-02,P103,스트라이프 긴팔티,상의,XS,그레이,1,21000,21000,C04816,web
O26060204135,2026-06-02,P104,고밀도 맨투맨,상의,2XL,아이보리,1,29000,29000,C02372,web
O26060204136,2026-06-02,P105,루즈핏 니트,상의,S,카키,1,39000,39000,C00291,web
O26060204137,2026-06-02,P105,루즈핏 니트,상의,L,네이비,1,39000,39000,C00844,web
O26060204138,2026-06-02,P201,코튼 조거 팬츠,하의,S,카키,1,24000,24000,C01488,web
O26060204139,2026-06-02,P203,레깅스 2종세트,하의,S,그레이,1,18000,18000,C01927,web
O26060204140,2026-06-02,P401,플라워 원피스,원피스,S,아이보리,1,36000,36000,C05039,web
O26060204141,2026-06-02,P401,플라워 원피스,원피스,S,네이비,1,36000,36000,C03329,web
O26060204142,2026-06-02,P401,플라워 원피스,원피스,S,카키,1,36000,36000,C00791,web
O26060204143,2026-06-02,P401,플라워 원피스,원피스,S,카키,1,36000,36000,C00909,web
O26060204144,2026-06-02,P501,상하 세트 (티+팬츠),세트,S,아이보리,1,42000,42000,C01548,web
O26060204145,2026-06-02,P501,상하 세트 (티+팬츠),세트,M,네이비,1,42000,42000,C02404,web
O26060304146,2026-06-03,P101,데일리 베이직 티셔츠,상의,XL,네이비,1,15900,15900,C00076,web
O26060304147,2026-06-03,P101,데일리 베이직 티셔츠,상의,XS,코랄,1,15900,15900,C00268,web
O26060304148,2026-06-03,P101,데일리 베이직 티셔츠,상의,XS,아이보리,1,15900,15900,C03076,web
O26060304149,2026-06-03,P102,프릴 카라 블라우스,상의,S,그레이,1,32000,32000,C00008,web
O26060304150,2026-06-03,P102,프릴 카라 블라우스,상의,S,아이보리,1,32000,32000,C04864,web
O26060304151,2026-06-03,P104,고밀도 맨투맨,상의,S,그레이,1,29000,29000,C00157,web
O26060304152,2026-06-03,P105,루즈핏 니트,상의,L,카키,1,39000,39000,C00613,web
O26060304153,2026-06-03,P201,코튼 조거 팬츠,하의,XS,네이비,1,24000,24000,C00209,web
O26060304154,2026-06-03,P203,레깅스 2종세트,하의,S,코랄,1,18000,18000,C00473,web
O26060304155,2026-06-03,P203,레깅스 2종세트,하의,XS,네이비,1,18000,18000,C00061,web
O26060304156,2026-06-03,P301,경량 패딩 베스트,아우터,XL,아이보리,1,52000,52000,C01439,web
O26060304157,2026-06-03,P401,플라워 원피스,원피스,S,아이보리,1,36000,36000,C00443,web
O26060304158,2026-06-03,P401,플라워 원피스,원피스,S,그레이,1,36000,36000,C00173,web
O26060304159,2026-06-03,P401,플라워 원피스,원피스,S,아이보리,1,36000,36000,C00202,web
O26060304160,2026-06-03,P402,린넨 셔츠 원피스,원피스,L,아이보리,1,47000,47000,C04417,web
O26060304161,2026-06-03,P402,린넨 셔츠 원피스,원피스,S,카키,1,47000,47000,C00142,web
O26060304162,2026-06-03,P402,린넨 셔츠 원피스,원피스,L,네이비,1,47000,47000,C04887,web
O26060304163,2026-06-03,P502,잠옷 세트,세트,S,네이비,1,28000,28000,C00708,web
O26060304164,2026-06-03,P601,코튼 헤어밴드,악세서리,S,네이비,1,9900,9900,C00160,web
O26060404165,2026-06-04,P101,데일리 베이직 티셔츠,상의,XS,카키,1,15900,15900,C00763,web
O26060404166,2026-06-04,P102,프릴 카라 블라우스,상의,M,그레이,1,32000,32000,C01689,web
O26060404167,2026-06-04,P102,프릴 카라 블라우스,상의,S,코랄,1,32000,32000,C03376,web
O26060404168,2026-06-04,P102,프릴 카라 블라우스,상의,S,네이비,1,32000,32000,C00309,web
O26060404169,2026-06-04,P104,고밀도 맨투맨,상의,M,네이비,1,29000,29000,C00943,web
O26060404170,2026-06-04,P104,고밀도 맨투맨,상의,L,네이비,1,29000,29000,C03516,web
O26060404171,2026-06-04,P105,루즈핏 니트,상의,L,그레이,1,39000,39000,C03566,web
O26060404172,2026-06-04,P201,코튼 조거 팬츠,하의,M,코랄,1,24000,24000,C00234,web
O26060404173,2026-06-04,P203,레깅스 2종세트,하의,XS,네이비,1,18000,18000,C00460,web
O26060404174,2026-06-04,P401,플라워 원피스,원피스,S,네이비,1,36000,36000,C01545,web
O26060404175,2026-06-04,P401,플라워 원피스,원피스,S,아이보리,1,36000,36000,C00381,web
O26060404176,2026-06-04,P401,플라워 원피스,원피스,S,네이비,1,36000,36000,C04338,web
O26060404177,2026-06-04,P402,린넨 셔츠 원피스,원피스,M,아이보리,1,47000,47000,C00401,web
O26060404178,2026-06-04,P402,린넨 셔츠 원피스,원피스,S,아이보리,1,47000,47000,C04103,web
O26060404179,2026-06-04,P402,린넨 셔츠 원피스,원피스,S,그레이,1,47000,47000,C02661,web
O26060404180,2026-06-04,P501,상하 세트 (티+팬츠),세트,XL,아이보리,1,42000,42000,C04304,web
O26060404181,2026-06-04,P501,상하 세트 (티+팬츠),세트,M,카키,1,42000,42000,C00495,web
O26060404182,2026-06-04,P501,상하 세트 (티+팬츠),세트,L,코랄,1,42000,42000,C02690,web
O26060404183,2026-06-04,P502,잠옷 세트,세트,L,그레이,1,28000,28000,C00371,web
O26060404184,2026-06-04,P601,코튼 헤어밴드,악세서리,M,코랄,1,9900,9900,C00405,web
O26060504185,2026-06-05,P101,데일리 베이직 티셔츠,상의,XL,그레이,1,15900,15900,C03534,web
O26060504186,2026-06-05,P102,프릴 카라 블라우스,상의,M,카키,1,32000,32000,C05138,web
O26060504187,2026-06-05,P102,프릴 카라 블라우스,상의,M,코랄,1,32000,32000,C04569,web
O26060504188,2026-06-05,P103,스트라이프 긴팔티,상의,XS,카키,1,21000,21000,C01587,web
O26060504189,2026-06-05,P201,코튼 조거 팬츠,하의,M,아이보리,1,24000,24000,C00281,web
O26060504190,2026-06-05,P201,코튼 조거 팬츠,하의,S,그레이,1,24000,24000,C00387,web
O26060504191,2026-06-05,P202,데님 오버올,하의,L,카키,1,39000,39000,C01677,web
O26060504192,2026-06-05,P401,플라워 원피스,원피스,S,코랄,1,36000,36000,C01326,web
O26060504193,2026-06-05,P401,플라워 원피스,원피스,S,카키,1,36000,36000,C00579,web
O26060504194,2026-06-05,P401,플라워 원피스,원피스,S,아이보리,1,36000,36000,C04375,web
O26060504195,2026-06-05,P401,플라워 원피스,원피스,S,네이비,1,36000,36000,C03573,web
O26060504196,2026-06-05,P402,린넨 셔츠 원피스,원피스,M,네이비,1,47000,47000,C02937,web
O26060504197,2026-06-05,P402,린넨 셔츠 원피스,원피스,L,네이비,1,47000,47000,C01309,web
O26060504198,2026-06-05,P402,린넨 셔츠 원피스,원피스,S,코랄,1,47000,47000,C00143,web
O26060504199,2026-06-05,P501,상하 세트 (티+팬츠),세트,L,네이비,1,42000,42000,C00472,web
O26060504200,2026-06-05,P501,상하 세트 (티+팬츠),세트,XL,코랄,1,42000,42000,C04992,web
O26060504201,2026-06-05,P502,잠옷 세트,세트,XS,코랄,1,28000,28000,C00066,web
O26060604202,2026-06-06,P101,데일리 베이직 티셔츠,상의,S,카키,1,15900,15900,C01287,web
O26060604203,2026-06-06,P101,데일리 베이직 티셔츠,상의,XS,아이보리,1,15900,15900,C01557,web
O26060604204,2026-06-06,P101,데일리 베이직 티셔츠,상의,L,카키,1,15900,15900,C04425,web
O26060604205,2026-06-06,P101,데일리 베이직 티셔츠,상의,M,코랄,1,15900,15900,C00786,web
O26060604206,2026-06-06,P102,프릴 카라 블라우스,상의,S,카키,1,32000,32000,C05071,web
O26060604207,2026-06-06,P103,스트라이프 긴팔티,상의,S,카키,1,21000,21000,C03449,web
O26060604208,2026-06-06,P103,스트라이프 긴팔티,상의,L,카키,1,21000,21000,C01992,web
O26060604209,2026-06-06,P104,고밀도 맨투맨,상의,S,카키,1,29000,29000,C01546,web
O26060604210,2026-06-06,P104,고밀도 맨투맨,상의,2XL,네이비,1,29000,29000,C00136,web
O26060604211,2026-06-06,P201,코튼 조거 팬츠,하의,XL,네이비,1,24000,24000,C00016,web
O26060604212,2026-06-06,P201,코튼 조거 팬츠,하의,M,네이비,1,24000,24000,C00068,web
O26060604213,2026-06-06,P203,레깅스 2종세트,하의,S,코랄,1,18000,18000,C04746,web
O26060604214,2026-06-06,P401,플라워 원피스,원피스,S,네이비,1,36000,36000,C01695,web
O26060604215,2026-06-06,P401,플라워 원피스,원피스,S,네이비,1,36000,36000,C00496,web
O26060604216,2026-06-06,P401,플라워 원피스,원피스,S,아이보리,1,36000,36000,C00935,web
O26060604217,2026-06-06,P401,플라워 원피스,원피스,S,네이비,1,36000,36000,C00859,web
O26060604218,2026-06-06,P501,상하 세트 (티+팬츠),세트,M,카키,1,42000,42000,C01019,web
O26060604219,2026-06-06,P502,잠옷 세트,세트,XS,아이보리,1,28000,28000,C02249,web
O26060604220,2026-06-06,P601,코튼 헤어밴드,악세서리,M,아이보리,1,9900,9900,C03335,web
O26060604221,2026-06-06,P602,니트 비니,악세서리,M,네이비,1,13000,13000,C04060,web
O26060704222,2026-06-07,P102,프릴 카라 블라우스,상의,S,그레이,1,32000,32000,C01705,web
O26060704223,2026-06-07,P104,고밀도 맨투맨,상의,L,네이비,1,29000,29000,C03493,web
O26060704224,2026-06-07,P401,플라워 원피스,원피스,S,아이보리,1,36000,36000,C00077,web
O26060704225,2026-06-07,P601,코튼 헤어밴드,악세서리,S,카키,1,9900,9900,C00036,web
O26060704226,2026-06-07,P602,니트 비니,악세서리,M,네이비,1,13000,13000,C01624,web
O26060804227,2026-06-08,P101,데일리 베이직 티셔츠,상의,L,네이비,1,15900,15900,C00004,web
O26060804228,2026-06-08,P101,데일리 베이직 티셔츠,상의,L,아이보리,1,15900,15900,C05121,web
O26060804229,2026-06-08,P102,프릴 카라 블라우스,상의,S,아이보리,1,32000,32000,C03887,web
O26060804230,2026-06-08,P105,루즈핏 니트,상의,M,아이보리,1,39000,39000,C03451,web
O26060804231,2026-06-08,P105,루즈핏 니트,상의,S,아이보리,1,39000,39000,C04927,web
O26060804232,2026-06-08,P201,코튼 조거 팬츠,하의,L,카키,1,24000,24000,C04942,web
O26060804233,2026-06-08,P202,데님 오버올,하의,L,네이비,1,39000,39000,C00584,web
O26060804234,2026-06-08,P203,레깅스 2종세트,하의,S,아이보리,1,18000,18000,C04523,web
O26060804235,2026-06-08,P401,플라워 원피스,원피스,S,네이비,1,36000,36000,C04988,web
O26060804236,2026-06-08,P402,린넨 셔츠 원피스,원피스,L,네이비,1,47000,47000,C02720,web
O26060804237,2026-06-08,P402,린넨 셔츠 원피스,원피스,S,카키,1,47000,47000,C00429,web
O26060804238,2026-06-08,P501,상하 세트 (티+팬츠),세트,XL,코랄,1,42000,42000,C01749,web
O26060804239,2026-06-08,P501,상하 세트 (티+팬츠),세트,M,네이비,1,42000,42000,C03544,web
O26060804240,2026-06-08,P602,니트 비니,악세서리,M,그레이,1,13000,13000,C01779,web
O26060804241,2026-06-08,P602,니트 비니,악세서리,M,카키,1,13000,13000,C01645,web
O26060904242,2026-06-09,P101,데일리 베이직 티셔츠,상의,S,아이보리,1,15900,15900,C00175,web
O26060904243,2026-06-09,P101,데일리 베이직 티셔츠,상의,M,아이보리,1,15900,15900,C00947,web
O26060904244,2026-06-09,P102,프릴 카라 블라우스,상의,S,아이보리,1,32000,32000,C00373,web
O26060904245,2026-06-09,P201,코튼 조거 팬츠,하의,XS,코랄,1,24000,24000,C02105,web
O26060904246,2026-06-09,P201,코튼 조거 팬츠,하의,S,코랄,1,24000,24000,C02995,web
O26060904247,2026-06-09,P202,데님 오버올,하의,M,네이비,1,39000,39000,C02486,web
O26060904248,2026-06-09,P203,레깅스 2종세트,하의,S,네이비,1,18000,18000,C00278,web
O26060904249,2026-06-09,P301,경량 패딩 베스트,아우터,M,아이보리,1,52000,52000,C01414,web
O26060904250,2026-06-09,P302,후드 집업 점퍼,아우터,S,카키,1,48000,48000,C02659,web
O26060904251,2026-06-09,P401,플라워 원피스,원피스,S,코랄,1,36000,36000,C03778,web
O26060904252,2026-06-09,P402,린넨 셔츠 원피스,원피스,L,네이비,1,47000,47000,C02682,web
O26060904253,2026-06-09,P402,린넨 셔츠 원피스,원피스,M,카키,1,47000,47000,C00408,web
O26060904254,2026-06-09,P402,린넨 셔츠 원피스,원피스,S,아이보리,1,47000,47000,C00178,web
O26060904255,2026-06-09,P402,린넨 셔츠 원피스,원피스,S,아이보리,1,47000,47000,C03346,web
O26060904256,2026-06-09,P501,상하 세트 (티+팬츠),세트,M,네이비,1,42000,42000,C03830,web
O26060904257,2026-06-09,P501,상하 세트 (티+팬츠),세트,XL,네이비,1,42000,42000,C00078,web
O26060904258,2026-06-09,P501,상하 세트 (티+팬츠),세트,XL,카키,1,42000,42000,C00277,web
O26060904259,2026-06-09,P501,상하 세트 (티+팬츠),세트,XL,그레이,1,42000,42000,C03917,web
O26060904260,2026-06-09,P501,상하 세트 (티+팬츠),세트,S,그레이,1,42000,42000,C00572,web
O26060904261,2026-06-09,P502,잠옷 세트,세트,L,카키,1,28000,28000,C03449,web
O26060904262,2026-06-09,P502,잠옷 세트,세트,S,코랄,1,28000,28000,C00525,web
O26060904263,2026-06-09,P502,잠옷 세트,세트,L,아이보리,1,28000,28000,C00029,web
O26060904264,2026-06-09,P502,잠옷 세트,세트,L,그레이,1,28000,28000,C00484,web
O26060904265,2026-06-09,P601,코튼 헤어밴드,악세서리,S,아이보리,1,9900,9900,C00402,web
O26060904266,2026-06-09,P601,코튼 헤어밴드,악세서리,M,카키,1,9900,9900,C01037,web
O26060904267,2026-06-09,P601,코튼 헤어밴드,악세서리,M,코랄,1,9900,9900,C04450,web
O26060904268,2026-06-09,P602,니트 비니,악세서리,S,아이보리,1,13000,13000,C00039,web
O26061004269,2026-06-10,P101,데일리 베이직 티셔츠,상의,L,그레이,1,15900,15900,C02171,web
O26061004270,2026-06-10,P102,프릴 카라 블라우스,상의,M,코랄,1,32000,32000,C03713,web
O26061004271,2026-06-10,P103,스트라이프 긴팔티,상의,M,코랄,1,21000,21000,C04434,web
O26061004272,2026-06-10,P104,고밀도 맨투맨,상의,XL,그레이,1,29000,29000,C05189,web
O26061004273,2026-06-10,P104,고밀도 맨투맨,상의,M,네이비,1,29000,29000,C03926,web
O26061004274,2026-06-10,P104,고밀도 맨투맨,상의,S,카키,1,29000,29000,C00424,web
O26061004275,2026-06-10,P201,코튼 조거 팬츠,하의,XS,그레이,1,24000,24000,C04680,web
O26061004276,2026-06-10,P201,코튼 조거 팬츠,하의,S,네이비,1,24000,24000,C00133,web
O26061004277,2026-06-10,P201,코튼 조거 팬츠,하의,S,네이비,1,24000,24000,C00777,web
O26061004278,2026-06-10,P201,코튼 조거 팬츠,하의,L,코랄,1,24000,24000,C00863,web
O26061004279,2026-06-10,P203,레깅스 2종세트,하의,S,네이비,1,18000,18000,C00401,web
O26061004280,2026-06-10,P401,플라워 원피스,원피스,S,카키,1,36000,36000,C00163,web
O26061004281,2026-06-10,P401,플라워 원피스,원피스,S,그레이,1,36000,36000,C00779,web
O26061004282,2026-06-10,P401,플라워 원피스,원피스,S,그레이,1,36000,36000,C03033,web
O26061004283,2026-06-10,P501,상하 세트 (티+팬츠),세트,M,그레이,1,42000,42000,C02745,web
O26061004284,2026-06-10,P502,잠옷 세트,세트,XS,그레이,1,28000,28000,C00145,web
O26061104285,2026-06-11,P103,스트라이프 긴팔티,상의,S,그레이,1,21000,21000,C02810,web
O26061104286,2026-06-11,P103,스트라이프 긴팔티,상의,M,코랄,1,21000,21000,C04241,web
O26061104287,2026-06-11,P104,고밀도 맨투맨,상의,L,코랄,1,29000,29000,C02876,web
O26061104288,2026-06-11,P105,루즈핏 니트,상의,M,아이보리,1,39000,39000,C04717,web
O26061104289,2026-06-11,P301,경량 패딩 베스트,아우터,M,그레이,1,52000,52000,C00826,web
O26061104290,2026-06-11,P401,플라워 원피스,원피스,S,아이보리,1,36000,36000,C04410,web
O26061104291,2026-06-11,P401,플라워 원피스,원피스,S,코랄,1,36000,36000,C00077,web
O26061104292,2026-06-11,P401,플라워 원피스,원피스,S,그레이,1,36000,36000,C03357,web
O26061104293,2026-06-11,P501,상하 세트 (티+팬츠),세트,M,카키,1,42000,42000,C02493,web
O26061104294,2026-06-11,P601,코튼 헤어밴드,악세서리,S,그레이,1,9900,9900,C04721,web
O26061104295,2026-06-11,P601,코튼 헤어밴드,악세서리,M,아이보리,1,9900,9900,C04174,web
O26061104296,2026-06-11,P601,코튼 헤어밴드,악세서리,S,카키,1,9900,9900,C04086,web
O26061204297,2026-06-12,P101,데일리 베이직 티셔츠,상의,S,코랄,1,15900,15900,C03027,web
O26061204298,2026-06-12,P101,데일리 베이직 티셔츠,상의,S,그레이,1,15900,15900,C00451,web
O26061204299,2026-06-12,P102,프릴 카라 블라우스,상의,S,네이비,1,32000,32000,C03974,web
O26061204300,2026-06-12,P102,프릴 카라 블라우스,상의,S,아이보리,1,32000,32000,C03644,web
O26061204301,2026-06-12,P103,스트라이프 긴팔티,상의,S,아이보리,1,21000,21000,C00573,web
O26061204302,2026-06-12,P104,고밀도 맨투맨,상의,M,코랄,1,29000,29000,C01489,web
O26061204303,2026-06-12,P104,고밀도 맨투맨,상의,S,아이보리,1,29000,29000,C00330,web
O26061204304,2026-06-12,P105,루즈핏 니트,상의,M,코랄,1,39000,39000,C00413,web
O26061204305,2026-06-12,P105,루즈핏 니트,상의,S,카키,1,39000,39000,C00321,web
O26061204306,2026-06-12,P105,루즈핏 니트,상의,M,아이보리,1,39000,39000,C00098,web
O26061204307,2026-06-12,P105,루즈핏 니트,상의,M,코랄,1,39000,39000,C02833,web
O26061204308,2026-06-12,P202,데님 오버올,하의,L,코랄,1,39000,39000,C00025,web
O26061204309,2026-06-12,P203,레깅스 2종세트,하의,S,그레이,1,18000,18000,C00510,web
O26061204310,2026-06-12,P203,레깅스 2종세트,하의,S,그레이,1,18000,18000,C02651,web
O26061204311,2026-06-12,P401,플라워 원피스,원피스,S,코랄,1,36000,36000,C03433,web
O26061204312,2026-06-12,P402,린넨 셔츠 원피스,원피스,L,네이비,1,47000,47000,C00243,web
O26061204313,2026-06-12,P402,린넨 셔츠 원피스,원피스,S,네이비,1,47000,47000,C00131,web
O26061204314,2026-06-12,P502,잠옷 세트,세트,S,카키,1,28000,28000,C00998,web
O26061204315,2026-06-12,P601,코튼 헤어밴드,악세서리,S,네이비,1,9900,9900,C02749,web
O26061304316,2026-06-13,P101,데일리 베이직 티셔츠,상의,S,코랄,1,15900,15900,C01239,web
O26061304317,2026-06-13,P101,데일리 베이직 티셔츠,상의,XS,아이보리,1,15900,15900,C04436,web
O26061304318,2026-06-13,P102,프릴 카라 블라우스,상의,M,그레이,1,32000,32000,C00334,web
O26061304319,2026-06-13,P102,프릴 카라 블라우스,상의,S,아이보리,1,32000,32000,C00804,web
O26061304320,2026-06-13,P103,스트라이프 긴팔티,상의,L,코랄,1,21000,21000,C00206,web
O26061304321,2026-06-13,P103,스트라이프 긴팔티,상의,S,아이보리,1,21000,21000,C03898,web
O26061304322,2026-06-13,P201,코튼 조거 팬츠,하의,M,코랄,1,24000,24000,C03786,web
O26061304323,2026-06-13,P201,코튼 조거 팬츠,하의,XL,카키,1,24000,24000,C02186,web
O26061304324,2026-06-13,P203,레깅스 2종세트,하의,S,그레이,1,18000,18000,C04642,web
O26061304325,2026-06-13,P401,플라워 원피스,원피스,S,카키,1,36000,36000,C02867,web
O26061304326,2026-06-13,P401,플라워 원피스,원피스,S,네이비,1,36000,36000,C00137,web
O26061304327,2026-06-13,P402,린넨 셔츠 원피스,원피스,L,그레이,1,47000,47000,C00092,web
O26061304328,2026-06-13,P402,린넨 셔츠 원피스,원피스,S,아이보리,1,47000,47000,C02167,web
O26061304329,2026-06-13,P501,상하 세트 (티+팬츠),세트,S,그레이,1,42000,42000,C02438,web
O26061304330,2026-06-13,P601,코튼 헤어밴드,악세서리,M,카키,1,9900,9900,C03563,web
O26061404331,2026-06-14,P101,데일리 베이직 티셔츠,상의,XL,네이비,1,15900,15900,C03172,web
O26061404332,2026-06-14,P101,데일리 베이직 티셔츠,상의,XL,그레이,1,15900,15900,C03890,web
O26061404333,2026-06-14,P102,프릴 카라 블라우스,상의,M,네이비,1,32000,32000,C01808,web
O26061404334,2026-06-14,P103,스트라이프 긴팔티,상의,L,카키,1,21000,21000,C04739,web
O26061404335,2026-06-14,P104,고밀도 맨투맨,상의,2XL,아이보리,1,29000,29000,C02067,web
O26061404336,2026-06-14,P105,루즈핏 니트,상의,M,그레이,1,39000,39000,C03223,web
O26061404337,2026-06-14,P201,코튼 조거 팬츠,하의,S,코랄,1,24000,24000,C01190,web
O26061404338,2026-06-14,P201,코튼 조거 팬츠,하의,XL,아이보리,1,24000,24000,C03155,web
O26061404339,2026-06-14,P203,레깅스 2종세트,하의,XS,아이보리,1,18000,18000,C01345,web
O26061404340,2026-06-14,P203,레깅스 2종세트,하의,S,그레이,1,18000,18000,C00343,web
O26061404341,2026-06-14,P401,플라워 원피스,원피스,S,그레이,1,36000,36000,C03271,web
O26061404342,2026-06-14,P401,플라워 원피스,원피스,S,네이비,1,36000,36000,C02900,web
O26061404343,2026-06-14,P401,플라워 원피스,원피스,S,네이비,1,36000,36000,C01673,web
O26061404344,2026-06-14,P401,플라워 원피스,원피스,S,카키,1,36000,36000,C04633,web
O26061404345,2026-06-14,P401,플라워 원피스,원피스,S,코랄,1,36000,36000,C04935,web
O26061404346,2026-06-14,P401,플라워 원피스,원피스,S,그레이,1,36000,36000,C00074,web
O26061404347,2026-06-14,P402,린넨 셔츠 원피스,원피스,L,코랄,1,47000,47000,C00440,web
O26061404348,2026-06-14,P402,린넨 셔츠 원피스,원피스,M,코랄,1,47000,47000,C00265,web
O26061404349,2026-06-14,P402,린넨 셔츠 원피스,원피스,M,그레이,1,47000,47000,C02503,web
O26061404350,2026-06-14,P402,린넨 셔츠 원피스,원피스,L,네이비,1,47000,47000,C03603,web
O26061404351,2026-06-14,P501,상하 세트 (티+팬츠),세트,M,그레이,1,42000,42000,C03559,web
O26061404352,2026-06-14,P501,상하 세트 (티+팬츠),세트,XL,코랄,1,42000,42000,C03507,web
O26061404353,2026-06-14,P502,잠옷 세트,세트,S,네이비,1,28000,28000,C00566,web
O26061404354,2026-06-14,P502,잠옷 세트,세트,S,네이비,1,28000,28000,C00159,web
O26061404355,2026-06-14,P601,코튼 헤어밴드,악세서리,S,아이보리,1,9900,9900,C03035,web
O26061504356,2026-06-15,P101,데일리 베이직 티셔츠,상의,S,그레이,1,15900,15900,C03235,web
O26061504357,2026-06-15,P101,데일리 베이직 티셔츠,상의,XS,카키,1,15900,15900,C04234,web
O26061504358,2026-06-15,P103,스트라이프 긴팔티,상의,M,카키,1,21000,21000,C02693,web
O26061504359,2026-06-15,P104,고밀도 맨투맨,상의,L,코랄,1,29000,29000,C00794,web
O26061504360,2026-06-15,P104,고밀도 맨투맨,상의,S,카키,1,29000,29000,C01068,web
O26061504361,2026-06-15,P104,고밀도 맨투맨,상의,L,코랄,1,29000,29000,C02961,web
O26061504362,2026-06-15,P201,코튼 조거 팬츠,하의,S,네이비,1,24000,24000,C00035,web
O26061504363,2026-06-15,P201,코튼 조거 팬츠,하의,S,네이비,1,24000,24000,C00096,web
O26061504364,2026-06-15,P401,플라워 원피스,원피스,S,네이비,1,36000,36000,C04980,web
O26061504365,2026-06-15,P401,플라워 원피스,원피스,S,그레이,1,36000,36000,C03893,web
O26061504366,2026-06-15,P401,플라워 원피스,원피스,S,카키,1,36000,36000,C04836,web
O26061504367,2026-06-15,P402,린넨 셔츠 원피스,원피스,S,코랄,1,47000,47000,C00207,web
O26061504368,2026-06-15,P501,상하 세트 (티+팬츠),세트,M,코랄,1,42000,42000,C00020,web
O26061504369,2026-06-15,P601,코튼 헤어밴드,악세서리,M,카키,1,9900,9900,C00426,web
O26061504370,2026-06-15,P601,코튼 헤어밴드,악세서리,S,네이비,1,9900,9900,C00379,web
O26061604371,2026-06-16,P101,데일리 베이직 티셔츠,상의,XL,네이비,1,15900,15900,C00460,web
O26061604372,2026-06-16,P101,데일리 베이직 티셔츠,상의,S,네이비,1,15900,15900,C01579,web
O26061604373,2026-06-16,P101,데일리 베이직 티셔츠,상의,S,아이보리,1,15900,15900,C03567,web
O26061604374,2026-06-16,P102,프릴 카라 블라우스,상의,S,그레이,1,32000,32000,C00466,web
O26061604375,2026-06-16,P102,프릴 카라 블라우스,상의,S,그레이,1,32000,32000,C03750,web
O26061604376,2026-06-16,P104,고밀도 맨투맨,상의,2XL,카키,1,29000,29000,C01952,web
O26061604377,2026-06-16,P104,고밀도 맨투맨,상의,L,네이비,1,29000,29000,C00715,web
O26061604378,2026-06-16,P105,루즈핏 니트,상의,M,아이보리,1,39000,39000,C05063,web
O26061604379,2026-06-16,P105,루즈핏 니트,상의,S,아이보리,1,39000,39000,C00011,web
O26061604380,2026-06-16,P105,루즈핏 니트,상의,S,아이보리,1,39000,39000,C03570,web
O26061604381,2026-06-16,P201,코튼 조거 팬츠,하의,L,코랄,1,24000,24000,C00592,web
O26061604382,2026-06-16,P203,레깅스 2종세트,하의,XS,카키,1,18000,18000,C02277,web
O26061604383,2026-06-16,P203,레깅스 2종세트,하의,XS,네이비,1,18000,18000,C00076,web
O26061604384,2026-06-16,P302,후드 집업 점퍼,아우터,S,아이보리,1,48000,48000,C03791,web
O26061604385,2026-06-16,P401,플라워 원피스,원피스,S,아이보리,1,36000,36000,C04703,web
O26061604386,2026-06-16,P401,플라워 원피스,원피스,S,그레이,1,36000,36000,C00004,web
O26061604387,2026-06-16,P401,플라워 원피스,원피스,S,코랄,1,36000,36000,C04080,web
O26061604388,2026-06-16,P401,플라워 원피스,원피스,S,카키,1,36000,36000,C05062,web
O26061604389,2026-06-16,P401,플라워 원피스,원피스,S,그레이,1,36000,36000,C04171,web
O26061604390,2026-06-16,P401,플라워 원피스,원피스,S,카키,1,36000,36000,C02477,web
O26061604391,2026-06-16,P501,상하 세트 (티+팬츠),세트,XL,네이비,1,42000,42000,C00041,web
O26061604392,2026-06-16,P501,상하 세트 (티+팬츠),세트,M,그레이,1,42000,42000,C00521,web
O26061604393,2026-06-16,P502,잠옷 세트,세트,L,코랄,1,28000,28000,C04310,web
O26061604394,2026-06-16,P601,코튼 헤어밴드,악세서리,S,카키,1,9900,9900,C03066,web
O26061604395,2026-06-16,P602,니트 비니,악세서리,M,카키,1,13000,13000,C01422,web
O26061704396,2026-06-17,P101,데일리 베이직 티셔츠,상의,S,카키,1,15900,15900,C00549,web
O26061704397,2026-06-17,P102,프릴 카라 블라우스,상의,M,코랄,1,32000,32000,C00131,web
O26061704398,2026-06-17,P102,프릴 카라 블라우스,상의,S,카키,1,32000,32000,C00140,web
O26061704399,2026-06-17,P103,스트라이프 긴팔티,상의,XS,그레이,1,21000,21000,C00004,web
O26061704400,2026-06-17,P104,고밀도 맨투맨,상의,M,카키,1,29000,29000,C00196,web
O26061704401,2026-06-17,P104,고밀도 맨투맨,상의,M,그레이,1,29000,29000,C00614,web
O26061704402,2026-06-17,P104,고밀도 맨투맨,상의,2XL,카키,1,29000,29000,C03885,web
O26061704403,2026-06-17,P201,코튼 조거 팬츠,하의,S,그레이,1,24000,24000,C04472,web
O26061704404,2026-06-17,P202,데님 오버올,하의,L,그레이,1,39000,39000,C03751,web
O26061704405,2026-06-17,P203,레깅스 2종세트,하의,S,카키,1,18000,18000,C00023,web
O26061704406,2026-06-17,P401,플라워 원피스,원피스,S,네이비,1,36000,36000,C03755,web
O26061704407,2026-06-17,P501,상하 세트 (티+팬츠),세트,L,그레이,1,42000,42000,C02150,web
O26061704408,2026-06-17,P501,상하 세트 (티+팬츠),세트,XL,아이보리,1,42000,42000,C03669,web
O26061804409,2026-06-18,P103,스트라이프 긴팔티,상의,S,그레이,1,21000,21000,C01959,web
O26061804410,2026-06-18,P104,고밀도 맨투맨,상의,M,카키,1,29000,29000,C00359,web
O26061804411,2026-06-18,P104,고밀도 맨투맨,상의,M,네이비,1,29000,29000,C02069,web
O26061804412,2026-06-18,P104,고밀도 맨투맨,상의,2XL,코랄,1,29000,29000,C03674,web
O26061804413,2026-06-18,P104,고밀도 맨투맨,상의,S,그레이,1,29000,29000,C00430,web
O26061804414,2026-06-18,P104,고밀도 맨투맨,상의,2XL,카키,1,29000,29000,C01368,web
O26061804415,2026-06-18,P201,코튼 조거 팬츠,하의,M,카키,1,24000,24000,C02763,web
O26061804416,2026-06-18,P202,데님 오버올,하의,L,네이비,1,39000,39000,C03934,web
O26061804417,2026-06-18,P202,데님 오버올,하의,L,카키,1,39000,39000,C02036,web
O26061804418,2026-06-18,P202,데님 오버올,하의,S,카키,1,39000,39000,C00001,web
O26061804419,2026-06-18,P302,후드 집업 점퍼,아우터,S,카키,1,48000,48000,C00157,web
O26061804420,2026-06-18,P401,플라워 원피스,원피스,S,네이비,1,36000,36000,C04764,web
O26061804421,2026-06-18,P401,플라워 원피스,원피스,S,그레이,1,36000,36000,C04787,web
O26061804422,2026-06-18,P402,린넨 셔츠 원피스,원피스,M,그레이,1,47000,47000,C05128,web
O26061804423,2026-06-18,P502,잠옷 세트,세트,M,아이보리,1,28000,28000,C00095,web
O26061804424,2026-06-18,P502,잠옷 세트,세트,XS,카키,1,28000,28000,C04959,web
O26061804425,2026-06-18,P502,잠옷 세트,세트,XS,네이비,1,28000,28000,C00834,web
O26061804426,2026-06-18,P502,잠옷 세트,세트,XS,네이비,1,28000,28000,C00244,web
O26061804427,2026-06-18,P502,잠옷 세트,세트,M,네이비,1,28000,28000,C03630,web
O26061804428,2026-06-18,P502,잠옷 세트,세트,S,네이비,1,28000,28000,C04347,web
O26061804429,2026-06-18,P601,코튼 헤어밴드,악세서리,S,아이보리,1,9900,9900,C00340,web
O26061804430,2026-06-18,P602,니트 비니,악세서리,S,코랄,1,13000,13000,C02283,web
O26061804431,2026-06-18,P602,니트 비니,악세서리,S,코랄,1,13000,13000,C04917,web
O26061904432,2026-06-19,P101,데일리 베이직 티셔츠,상의,XL,코랄,1,15900,15900,C04258,web
O26061904433,2026-06-19,P101,데일리 베이직 티셔츠,상의,L,아이보리,1,15900,15900,C05105,web
O26061904434,2026-06-19,P102,프릴 카라 블라우스,상의,M,네이비,1,32000,32000,C01802,web
O26061904435,2026-06-19,P103,스트라이프 긴팔티,상의,M,그레이,1,21000,21000,C00189,web
O26061904436,2026-06-19,P104,고밀도 맨투맨,상의,M,코랄,1,29000,29000,C00580,web
O26061904437,2026-06-19,P105,루즈핏 니트,상의,M,카키,1,39000,39000,C00431,web
O26061904438,2026-06-19,P201,코튼 조거 팬츠,하의,S,코랄,1,24000,24000,C03993,web
O26061904439,2026-06-19,P201,코튼 조거 팬츠,하의,XL,그레이,1,24000,24000,C02805,web
O26061904440,2026-06-19,P201,코튼 조거 팬츠,하의,XL,코랄,1,24000,24000,C00375,web
O26061904441,2026-06-19,P201,코튼 조거 팬츠,하의,L,아이보리,1,24000,24000,C01035,web
O26061904442,2026-06-19,P201,코튼 조거 팬츠,하의,XS,네이비,1,24000,24000,C00911,web
O26061904443,2026-06-19,P202,데님 오버올,하의,L,아이보리,1,39000,39000,C02247,web
O26061904444,2026-06-19,P202,데님 오버올,하의,S,코랄,1,39000,39000,C04654,web
O26061904445,2026-06-19,P203,레깅스 2종세트,하의,XS,네이비,1,18000,18000,C00518,web
O26061904446,2026-06-19,P203,레깅스 2종세트,하의,S,카키,1,18000,18000,C04332,web
O26061904447,2026-06-19,P401,플라워 원피스,원피스,S,코랄,1,36000,36000,C04956,web
O26061904448,2026-06-19,P401,플라워 원피스,원피스,S,카키,1,36000,36000,C00082,web
O26061904449,2026-06-19,P402,린넨 셔츠 원피스,원피스,L,코랄,1,47000,47000,C01220,web
O26061904450,2026-06-19,P402,린넨 셔츠 원피스,원피스,M,네이비,1,47000,47000,C03456,web
O26061904451,2026-06-19,P402,린넨 셔츠 원피스,원피스,S,그레이,1,47000,47000,C04381,web
O26061904452,2026-06-19,P402,린넨 셔츠 원피스,원피스,S,네이비,1,47000,47000,C00832,web
O26061904453,2026-06-19,P402,린넨 셔츠 원피스,원피스,L,네이비,1,47000,47000,C01502,web
O26061904454,2026-06-19,P501,상하 세트 (티+팬츠),세트,M,아이보리,1,42000,42000,C01783,web
O26061904455,2026-06-19,P502,잠옷 세트,세트,XS,그레이,1,28000,28000,C02945,web
O26061904456,2026-06-19,P602,니트 비니,악세서리,L,아이보리,1,13000,13000,C01886,web
O26062004457,2026-06-20,P101,데일리 베이직 티셔츠,상의,L,아이보리,1,15900,15900,C01215,web
O26062004458,2026-06-20,P101,데일리 베이직 티셔츠,상의,XL,카키,1,15900,15900,C00821,web
O26062004459,2026-06-20,P102,프릴 카라 블라우스,상의,S,카키,1,32000,32000,C04736,web
O26062004460,2026-06-20,P102,프릴 카라 블라우스,상의,S,아이보리,1,32000,32000,C04275,web
O26062004461,2026-06-20,P102,프릴 카라 블라우스,상의,M,네이비,1,32000,32000,C03791,web
O26062004462,2026-06-20,P103,스트라이프 긴팔티,상의,XS,코랄,1,21000,21000,C00367,web
O26062004463,2026-06-20,P103,스트라이프 긴팔티,상의,XS,카키,1,21000,21000,C00298,web
O26062004464,2026-06-20,P202,데님 오버올,하의,S,아이보리,1,39000,39000,C01563,web
O26062004465,2026-06-20,P202,데님 오버올,하의,M,코랄,1,39000,39000,C00428,web
O26062004466,2026-06-20,P202,데님 오버올,하의,L,아이보리,1,39000,39000,C00287,web
O26062004467,2026-06-20,P203,레깅스 2종세트,하의,XS,그레이,1,18000,18000,C00323,web
O26062004468,2026-06-20,P203,레깅스 2종세트,하의,S,카키,1,18000,18000,C04414,web
O26062004469,2026-06-20,P203,레깅스 2종세트,하의,S,아이보리,1,18000,18000,C00147,web
O26062004470,2026-06-20,P203,레깅스 2종세트,하의,S,카키,1,18000,18000,C00515,web
O26062004471,2026-06-20,P401,플라워 원피스,원피스,S,아이보리,1,36000,36000,C00258,web
O26062004472,2026-06-20,P402,린넨 셔츠 원피스,원피스,S,카키,1,47000,47000,C03427,web
O26062004473,2026-06-20,P501,상하 세트 (티+팬츠),세트,XL,카키,1,42000,42000,C02276,web
O26062004474,2026-06-20,P501,상하 세트 (티+팬츠),세트,S,코랄,1,42000,42000,C04146,web
O26062004475,2026-06-20,P501,상하 세트 (티+팬츠),세트,XL,아이보리,1,42000,42000,C05081,web
O26062004476,2026-06-20,P501,상하 세트 (티+팬츠),세트,L,코랄,1,42000,42000,C00289,web
O26062004477,2026-06-20,P502,잠옷 세트,세트,XS,카키,1,28000,28000,C04295,web
O26062004478,2026-06-20,P502,잠옷 세트,세트,S,아이보리,1,28000,28000,C00554,web
O26062004479,2026-06-20,P502,잠옷 세트,세트,XS,아이보리,1,28000,28000,C00308,web
O26062104480,2026-06-21,P101,데일리 베이직 티셔츠,상의,XL,아이보리,1,15900,15900,C04388,web
O26062104481,2026-06-21,P101,데일리 베이직 티셔츠,상의,M,그레이,1,15900,15900,C03978,web
O26062104482,2026-06-21,P101,데일리 베이직 티셔츠,상의,XL,카키,1,15900,15900,C01411,web
O26062104483,2026-06-21,P101,데일리 베이직 티셔츠,상의,M,그레이,1,15900,15900,C00412,web
O26062104484,2026-06-21,P102,프릴 카라 블라우스,상의,M,네이비,1,32000,32000,C00445,web
O26062104485,2026-06-21,P103,스트라이프 긴팔티,상의,M,아이보리,1,21000,21000,C01632,web
O26062104486,2026-06-21,P104,고밀도 맨투맨,상의,M,그레이,1,29000,29000,C04362,web
O26062104487,2026-06-21,P104,고밀도 맨투맨,상의,2XL,아이보리,1,29000,29000,C00522,web
O26062104488,2026-06-21,P104,고밀도 맨투맨,상의,XL,카키,1,29000,29000,C03284,web
O26062104489,2026-06-21,P104,고밀도 맨투맨,상의,2XL,코랄,1,29000,29000,C00004,web
O26062104490,2026-06-21,P105,루즈핏 니트,상의,S,아이보리,1,39000,39000,C00615,web
O26062104491,2026-06-21,P105,루즈핏 니트,상의,M,코랄,1,39000,39000,C03110,web
O26062104492,2026-06-21,P201,코튼 조거 팬츠,하의,S,코랄,1,24000,24000,C03574,web
O26062104493,2026-06-21,P201,코튼 조거 팬츠,하의,XL,아이보리,1,24000,24000,C04135,web
O26062104494,2026-06-21,P202,데님 오버올,하의,M,네이비,1,39000,39000,C01677,web
O26062104495,2026-06-21,P202,데님 오버올,하의,S,아이보리,1,39000,39000,C03904,web
O26062104496,2026-06-21,P203,레깅스 2종세트,하의,S,그레이,1,18000,18000,C04987,web
O26062104497,2026-06-21,P401,플라워 원피스,원피스,S,그레이,1,36000,36000,C00410,web
O26062104498,2026-06-21,P402,린넨 셔츠 원피스,원피스,M,코랄,1,47000,47000,C03279,web
O26062104499,2026-06-21,P402,린넨 셔츠 원피스,원피스,S,네이비,1,47000,47000,C00628,web
O26062104500,2026-06-21,P501,상하 세트 (티+팬츠),세트,M,네이비,1,42000,42000,C03576,web
O26062204501,2026-06-22,P102,프릴 카라 블라우스,상의,S,카키,1,32000,32000,C03423,web
O26062204502,2026-06-22,P102,프릴 카라 블라우스,상의,S,아이보리,1,32000,32000,C04131,web
O26062204503,2026-06-22,P203,레깅스 2종세트,하의,S,카키,1,18000,18000,C00272,web
O26062204504,2026-06-22,P401,플라워 원피스,원피스,S,아이보리,1,36000,36000,C01468,web
O26062204505,2026-06-22,P402,린넨 셔츠 원피스,원피스,L,그레이,1,47000,47000,C03349,web
O26062204506,2026-06-22,P402,린넨 셔츠 원피스,원피스,L,그레이,1,47000,47000,C02209,web
O26062204507,2026-06-22,P402,린넨 셔츠 원피스,원피스,L,코랄,1,47000,47000,C00660,web
O26062204508,2026-06-22,P402,린넨 셔츠 원피스,원피스,L,네이비,1,47000,47000,C01702,web
O26062204509,2026-06-22,P501,상하 세트 (티+팬츠),세트,M,네이비,1,42000,42000,C04838,web
O26062204510,2026-06-22,P601,코튼 헤어밴드,악세서리,S,카키,1,9900,9900,C01776,web
O26062204511,2026-06-22,P601,코튼 헤어밴드,악세서리,S,코랄,1,9900,9900,C00559,web
O26062304512,2026-06-23,P101,데일리 베이직 티셔츠,상의,M,네이비,1,15900,15900,C00487,web
O26062304513,2026-06-23,P101,데일리 베이직 티셔츠,상의,M,코랄,1,15900,15900,C00311,web
O26062304514,2026-06-23,P101,데일리 베이직 티셔츠,상의,M,코랄,1,15900,15900,C00805,web
O26062304515,2026-06-23,P101,데일리 베이직 티셔츠,상의,S,네이비,1,15900,15900,C03630,web
O26062304516,2026-06-23,P201,코튼 조거 팬츠,하의,XL,네이비,1,24000,24000,C00228,web
O26062304517,2026-06-23,P201,코튼 조거 팬츠,하의,XS,네이비,1,24000,24000,C02900,web
O26062304518,2026-06-23,P401,플라워 원피스,원피스,S,코랄,1,36000,36000,C01815,web
O26062304519,2026-06-23,P402,린넨 셔츠 원피스,원피스,S,그레이,1,47000,47000,C00892,web
O26062304520,2026-06-23,P502,잠옷 세트,세트,M,네이비,1,28000,28000,C05024,web
O26062304521,2026-06-23,P502,잠옷 세트,세트,M,네이비,1,28000,28000,C04183,web
O26062404522,2026-06-24,P101,데일리 베이직 티셔츠,상의,M,코랄,1,15900,15900,C04956,web
O26062404523,2026-06-24,P101,데일리 베이직 티셔츠,상의,XS,네이비,1,15900,15900,C03336,web
O26062404524,2026-06-24,P101,데일리 베이직 티셔츠,상의,L,카키,1,15900,15900,C00461,web
O26062404525,2026-06-24,P102,프릴 카라 블라우스,상의,M,아이보리,1,32000,32000,C01971,web
O26062404526,2026-06-24,P102,프릴 카라 블라우스,상의,S,카키,1,32000,32000,C03332,web
O26062404527,2026-06-24,P103,스트라이프 긴팔티,상의,S,코랄,1,21000,21000,C02015,web
O26062404528,2026-06-24,P103,스트라이프 긴팔티,상의,S,네이비,1,21000,21000,C00269,web
O26062404529,2026-06-24,P104,고밀도 맨투맨,상의,2XL,그레이,1,29000,29000,C04302,web
O26062404529,2026-06-24,P201,코튼 조거 팬츠,하의,S,카키,1,24000,24000,C04302,web
O26062404530,2026-06-24,P104,고밀도 맨투맨,상의,L,코랄,1,29000,29000,C02428,web
O26062404531,2026-06-24,P202,데님 오버올,하의,M,카키,1,39000,39000,C02238,web
O26062404532,2026-06-24,P203,레깅스 2종세트,하의,XS,네이비,1,18000,18000,C04748,web
O26062404533,2026-06-24,P402,린넨 셔츠 원피스,원피스,M,카키,1,47000,47000,C02469,web
O26062404534,2026-06-24,P402,린넨 셔츠 원피스,원피스,S,네이비,1,47000,47000,C00279,web
O26062404535,2026-06-24,P402,린넨 셔츠 원피스,원피스,S,코랄,1,47000,47000,C00430,web
O26062404536,2026-06-24,P501,상하 세트 (티+팬츠),세트,M,아이보리,1,42000,42000,C00562,web
O26062404537,2026-06-24,P502,잠옷 세트,세트,XS,코랄,1,28000,28000,C04553,web
O26062404538,2026-06-24,P502,잠옷 세트,세트,L,그레이,1,28000,28000,C05152,web
O26062504539,2026-06-25,P101,데일리 베이직 티셔츠,상의,S,아이보리,1,15900,15900,C04152,web
O26062504540,2026-06-25,P101,데일리 베이직 티셔츠,상의,L,네이비,1,15900,15900,C04295,web
O26062504541,2026-06-25,P102,프릴 카라 블라우스,상의,S,코랄,1,32000,32000,C00744,web
O26062504542,2026-06-25,P102,프릴 카라 블라우스,상의,S,그레이,1,32000,32000,C01326,web
O26062504543,2026-06-25,P102,프릴 카라 블라우스,상의,M,카키,1,32000,32000,C00200,web
O26062504544,2026-06-25,P102,프릴 카라 블라우스,상의,M,그레이,1,32000,32000,C03321,web
O26062504545,2026-06-25,P103,스트라이프 긴팔티,상의,XS,네이비,1,21000,21000,C00910,web
O26062504546,2026-06-25,P103,스트라이프 긴팔티,상의,M,네이비,1,21000,21000,C01968,web
O26062504547,2026-06-25,P103,스트라이프 긴팔티,상의,M,코랄,1,21000,21000,C04317,web
O26062504548,2026-06-25,P104,고밀도 맨투맨,상의,2XL,아이보리,1,29000,29000,C00047,web
O26062504549,2026-06-25,P104,고밀도 맨투맨,상의,2XL,네이비,1,29000,29000,C01214,web
O26062504550,2026-06-25,P105,루즈핏 니트,상의,S,코랄,1,39000,39000,C04786,web
O26062504551,2026-06-25,P301,경량 패딩 베스트,아우터,M,코랄,1,52000,52000,C02524,web
O26062504552,2026-06-25,P401,플라워 원피스,원피스,S,아이보리,1,36000,36000,C02500,web
O26062504553,2026-06-25,P401,플라워 원피스,원피스,S,카키,1,36000,36000,C03881,web
O26062504554,2026-06-25,P401,플라워 원피스,원피스,S,아이보리,1,36000,36000,C03408,web
O26062504555,2026-06-25,P401,플라워 원피스,원피스,S,아이보리,1,36000,36000,C00458,web
O26062504556,2026-06-25,P402,린넨 셔츠 원피스,원피스,M,카키,1,47000,47000,C00114,web
O26062504557,2026-06-25,P402,린넨 셔츠 원피스,원피스,S,아이보리,1,47000,47000,C03546,web
O26062504558,2026-06-25,P402,린넨 셔츠 원피스,원피스,M,카키,1,47000,47000,C02919,web
O26062504559,2026-06-25,P501,상하 세트 (티+팬츠),세트,S,아이보리,1,42000,42000,C02362,web
O26062604560,2026-06-26,P101,데일리 베이직 티셔츠,상의,XS,네이비,1,15900,15900,C00206,web
O26062604561,2026-06-26,P101,데일리 베이직 티셔츠,상의,XS,네이비,1,15900,15900,C00052,web
O26062604562,2026-06-26,P101,데일리 베이직 티셔츠,상의,M,네이비,1,15900,15900,C03803,web
O26062604563,2026-06-26,P101,데일리 베이직 티셔츠,상의,XL,그레이,1,15900,15900,C01015,web
O26062604564,2026-06-26,P103,스트라이프 긴팔티,상의,L,아이보리,1,21000,21000,C00134,web
O26062604565,2026-06-26,P103,스트라이프 긴팔티,상의,S,네이비,1,21000,21000,C03066,web
O26062604566,2026-06-26,P103,스트라이프 긴팔티,상의,M,카키,1,21000,21000,C02004,web
O26062604567,2026-06-26,P103,스트라이프 긴팔티,상의,XS,카키,1,21000,21000,C04387,web
O26062604568,2026-06-26,P104,고밀도 맨투맨,상의,L,네이비,1,29000,29000,C00423,web
O26062604569,2026-06-26,P104,고밀도 맨투맨,상의,M,네이비,1,29000,29000,C00012,web
O26062604570,2026-06-26,P104,고밀도 맨투맨,상의,L,카키,1,29000,29000,C02659,web
O26062604571,2026-06-26,P105,루즈핏 니트,상의,M,그레이,1,39000,39000,C04275,web
O26062604572,2026-06-26,P105,루즈핏 니트,상의,L,네이비,1,39000,39000,C04015,web
O26062604573,2026-06-26,P201,코튼 조거 팬츠,하의,XL,네이비,1,24000,24000,C04349,web
O26062604574,2026-06-26,P202,데님 오버올,하의,M,아이보리,1,39000,39000,C01256,web
O26062604575,2026-06-26,P401,플라워 원피스,원피스,S,아이보리,1,36000,36000,C00048,web
O26062604576,2026-06-26,P401,플라워 원피스,원피스,S,그레이,1,36000,36000,C03304,web
O26062604577,2026-06-26,P401,플라워 원피스,원피스,S,카키,1,36000,36000,C04887,web
O26062604578,2026-06-26,P501,상하 세트 (티+팬츠),세트,L,네이비,1,42000,42000,C00034,web
O26062704579,2026-06-27,P101,데일리 베이직 티셔츠,상의,S,코랄,1,15900,15900,C03655,web
O26062704580,2026-06-27,P101,데일리 베이직 티셔츠,상의,S,그레이,1,15900,15900,C02866,web
O26062704581,2026-06-27,P101,데일리 베이직 티셔츠,상의,M,네이비,1,15900,15900,C02119,web
O26062704582,2026-06-27,P102,프릴 카라 블라우스,상의,M,아이보리,1,32000,32000,C00580,web
O26062704583,2026-06-27,P102,프릴 카라 블라우스,상의,M,코랄,1,32000,32000,C02430,web
O26062704584,2026-06-27,P102,프릴 카라 블라우스,상의,M,코랄,1,32000,32000,C05018,web
O26062704585,2026-06-27,P105,루즈핏 니트,상의,M,그레이,1,39000,39000,C00271,web
O26062704586,2026-06-27,P105,루즈핏 니트,상의,M,아이보리,1,39000,39000,C01986,web
O26062704587,2026-06-27,P105,루즈핏 니트,상의,L,네이비,1,39000,39000,C00616,web
O26062704588,2026-06-27,P203,레깅스 2종세트,하의,XS,네이비,1,18000,18000,C03681,web
O26062704589,2026-06-27,P401,플라워 원피스,원피스,S,아이보리,1,36000,36000,C02929,web
O26062704590,2026-06-27,P401,플라워 원피스,원피스,S,코랄,1,36000,36000,C00268,web
O26062704591,2026-06-27,P402,린넨 셔츠 원피스,원피스,S,아이보리,1,47000,47000,C02265,web
O26062704592,2026-06-27,P501,상하 세트 (티+팬츠),세트,M,그레이,1,42000,42000,C01339,web
O26062704593,2026-06-27,P501,상하 세트 (티+팬츠),세트,M,네이비,1,42000,42000,C04351,web
O26062804594,2026-06-28,P101,데일리 베이직 티셔츠,상의,XS,코랄,1,15900,15900,C00051,web
O26062804595,2026-06-28,P101,데일리 베이직 티셔츠,상의,S,카키,1,15900,15900,C01756,web
O26062804596,2026-06-28,P101,데일리 베이직 티셔츠,상의,S,네이비,1,15900,15900,C02205,web
O26062804597,2026-06-28,P102,프릴 카라 블라우스,상의,S,아이보리,1,32000,32000,C02751,web
O26062804598,2026-06-28,P102,프릴 카라 블라우스,상의,S,카키,1,32000,32000,C02982,web
O26062804599,2026-06-28,P104,고밀도 맨투맨,상의,2XL,코랄,1,29000,29000,C03346,web
O26062804600,2026-06-28,P104,고밀도 맨투맨,상의,2XL,코랄,1,29000,29000,C00470,web
O26062804601,2026-06-28,P105,루즈핏 니트,상의,S,네이비,1,39000,39000,C00222,web
O26062804602,2026-06-28,P105,루즈핏 니트,상의,M,그레이,1,39000,39000,C00108,web
O26062804603,2026-06-28,P105,루즈핏 니트,상의,M,네이비,1,39000,39000,C04323,web
O26062804604,2026-06-28,P401,플라워 원피스,원피스,S,그레이,1,36000,36000,C02411,web
O26062804605,2026-06-28,P401,플라워 원피스,원피스,S,그레이,1,36000,36000,C04118,web
O26062804606,2026-06-28,P401,플라워 원피스,원피스,S,아이보리,1,36000,36000,C04349,web
O26062804607,2026-06-28,P402,린넨 셔츠 원피스,원피스,L,아이보리,1,47000,47000,C00829,web
O26062804608,2026-06-28,P402,린넨 셔츠 원피스,원피스,L,카키,1,47000,47000,C01603,web
O26062804609,2026-06-28,P402,린넨 셔츠 원피스,원피스,L,카키,1,47000,47000,C00151,web
O26062804610,2026-06-28,P501,상하 세트 (티+팬츠),세트,L,그레이,1,42000,42000,C01324,web
O26062804611,2026-06-28,P501,상하 세트 (티+팬츠),세트,L,그레이,1,42000,42000,C04129,web
O26062804612,2026-06-28,P502,잠옷 세트,세트,S,아이보리,1,28000,28000,C02821,web
O26062804613,2026-06-28,P602,니트 비니,악세서리,S,카키,1,13000,13000,C00675,web
O26062804614,2026-06-28,P602,니트 비니,악세서리,S,네이비,1,13000,13000,C03516,web
O26062904615,2026-06-29,P101,데일리 베이직 티셔츠,상의,XL,아이보리,1,15900,15900,C00073,web
O26062904616,2026-06-29,P101,데일리 베이직 티셔츠,상의,L,네이비,1,15900,15900,C04925,web
O26062904617,2026-06-29,P102,프릴 카라 블라우스,상의,S,그레이,1,32000,32000,C05072,web
O26062904618,2026-06-29,P102,프릴 카라 블라우스,상의,S,코랄,1,32000,32000,C04578,web
O26062904619,2026-06-29,P102,프릴 카라 블라우스,상의,S,카키,1,32000,32000,C01678,web
O26062904620,2026-06-29,P104,고밀도 맨투맨,상의,S,코랄,1,29000,29000,C00287,web
O26062904621,2026-06-29,P104,고밀도 맨투맨,상의,M,코랄,1,29000,29000,C04403,web
O26062904622,2026-06-29,P105,루즈핏 니트,상의,M,코랄,1,39000,39000,C01262,web
O26062904623,2026-06-29,P201,코튼 조거 팬츠,하의,XL,네이비,1,24000,24000,C01246,web
O26062904624,2026-06-29,P201,코튼 조거 팬츠,하의,XL,카키,1,24000,24000,C01657,web
O26062904625,2026-06-29,P302,후드 집업 점퍼,아우터,L,코랄,1,48000,48000,C00682,web
O26062904626,2026-06-29,P401,플라워 원피스,원피스,S,아이보리,1,36000,36000,C00209,web
O26062904627,2026-06-29,P401,플라워 원피스,원피스,S,코랄,1,36000,36000,C01007,web
O26062904628,2026-06-29,P402,린넨 셔츠 원피스,원피스,S,그레이,1,47000,47000,C00231,web
O26062904629,2026-06-29,P501,상하 세트 (티+팬츠),세트,S,카키,1,42000,42000,C04312,web
O26062904630,2026-06-29,P501,상하 세트 (티+팬츠),세트,M,네이비,1,42000,42000,C00539,web
O26062904631,2026-06-29,P502,잠옷 세트,세트,XS,네이비,1,28000,28000,C04794,web
O26063004632,2026-06-30,P101,데일리 베이직 티셔츠,상의,S,코랄,1,15900,15900,C02503,web
O26063004633,2026-06-30,P101,데일리 베이직 티셔츠,상의,M,그레이,1,15900,15900,C02857,web
O26063004634,2026-06-30,P101,데일리 베이직 티셔츠,상의,L,코랄,1,15900,15900,C00310,web
O26063004635,2026-06-30,P103,스트라이프 긴팔티,상의,M,네이비,1,21000,21000,C04785,web
O26063004636,2026-06-30,P104,고밀도 맨투맨,상의,2XL,아이보리,1,29000,29000,C03130,web
O26063004637,2026-06-30,P104,고밀도 맨투맨,상의,L,카키,1,29000,29000,C03623,web
O26063004638,2026-06-30,P105,루즈핏 니트,상의,S,네이비,1,39000,39000,C00373,web
O26063004639,2026-06-30,P105,루즈핏 니트,상의,M,그레이,1,39000,39000,C04207,web
O26063004640,2026-06-30,P201,코튼 조거 팬츠,하의,L,코랄,1,24000,24000,C04275,web
O26063004641,2026-06-30,P402,린넨 셔츠 원피스,원피스,L,코랄,1,47000,47000,C04119,web
O26063004642,2026-06-30,P501,상하 세트 (티+팬츠),세트,XL,아이보리,1,42000,42000,C04479,web
O26063004643,2026-06-30,P501,상하 세트 (티+팬츠),세트,L,아이보리,1,42000,42000,C00406,web
O26063004644,2026-06-30,P502,잠옷 세트,세트,S,아이보리,1,28000,28000,C00456,web
O26063004645,2026-06-30,P502,잠옷 세트,세트,M,네이비,1,28000,28000,C03298,web
O26070104646,2026-07-01,P101,데일리 베이직 티셔츠,상의,XL,그레이,1,15900,15900,C00061,web
O26070104647,2026-07-01,P101,데일리 베이직 티셔츠,상의,XL,코랄,1,15900,15900,C04865,web
O26070104648,2026-07-01,P102,프릴 카라 블라우스,상의,S,그레이,1,32000,32000,C04753,web
O26070104649,2026-07-01,P103,스트라이프 긴팔티,상의,S,아이보리,1,21000,21000,C05038,web
O26070104650,2026-07-01,P103,스트라이프 긴팔티,상의,XS,네이비,1,21000,21000,C04172,web
O26070104651,2026-07-01,P201,코튼 조거 팬츠,하의,L,그레이,1,24000,24000,C02458,web
O26070104652,2026-07-01,P201,코튼 조거 팬츠,하의,XS,아이보리,1,24000,24000,C04553,web
O26070104653,2026-07-01,P201,코튼 조거 팬츠,하의,M,네이비,1,24000,24000,C05023,web
O26070104654,2026-07-01,P201,코튼 조거 팬츠,하의,XL,아이보리,1,24000,24000,C00421,web
O26070104655,2026-07-01,P302,후드 집업 점퍼,아우터,S,네이비,1,48000,48000,C00322,web
O26070104656,2026-07-01,P302,후드 집업 점퍼,아우터,L,아이보리,1,48000,48000,C00428,web
O26070104657,2026-07-01,P401,플라워 원피스,원피스,S,코랄,1,36000,36000,C02065,web
O26070104658,2026-07-01,P402,린넨 셔츠 원피스,원피스,L,아이보리,1,47000,47000,C02272,web
O26070104659,2026-07-01,P402,린넨 셔츠 원피스,원피스,L,그레이,1,47000,47000,C03320,web
O26070104660,2026-07-01,P402,린넨 셔츠 원피스,원피스,M,코랄,1,47000,47000,C00150,web
O26070104661,2026-07-01,P501,상하 세트 (티+팬츠),세트,S,네이비,1,42000,42000,C02093,web
O26070104662,2026-07-01,P502,잠옷 세트,세트,XS,코랄,1,28000,28000,C04527,web
O26070104663,2026-07-01,P602,니트 비니,악세서리,L,코랄,1,13000,13000,C02101,web
O26070104664,2026-07-01,P602,니트 비니,악세서리,M,아이보리,1,13000,13000,C01805,web
O26070104665,2026-07-01,P602,니트 비니,악세서리,S,아이보리,1,13000,13000,C00358,web
O26070204666,2026-07-02,P101,데일리 베이직 티셔츠,상의,M,아이보리,1,15900,15900,C02755,web
O26070204667,2026-07-02,P101,데일리 베이직 티셔츠,상의,M,코랄,1,15900,15900,C02140,web
O26070204668,2026-07-02,P102,프릴 카라 블라우스,상의,S,네이비,1,32000,32000,C02191,web
O26070204669,2026-07-02,P102,프릴 카라 블라우스,상의,M,코랄,1,32000,32000,C00382,web
O26070204670,2026-07-02,P102,프릴 카라 블라우스,상의,M,그레이,1,32000,32000,C04315,web
O26070204671,2026-07-02,P103,스트라이프 긴팔티,상의,L,네이비,1,21000,21000,C03063,web
O26070204672,2026-07-02,P202,데님 오버올,하의,S,아이보리,1,39000,39000,C00361,web
O26070204673,2026-07-02,P203,레깅스 2종세트,하의,S,아이보리,1,18000,18000,C02509,web
O26070204674,2026-07-02,P203,레깅스 2종세트,하의,XS,그레이,1,18000,18000,C01749,web
O26070204675,2026-07-02,P401,플라워 원피스,원피스,S,그레이,1,36000,36000,C02810,web
O26070204676,2026-07-02,P402,린넨 셔츠 원피스,원피스,S,아이보리,1,47000,47000,C01489,web
O26070204677,2026-07-02,P501,상하 세트 (티+팬츠),세트,L,그레이,1,42000,42000,C04711,web
O26070204678,2026-07-02,P601,코튼 헤어밴드,악세서리,S,코랄,1,9900,9900,C01780,web
O26070204679,2026-07-02,P602,니트 비니,악세서리,S,네이비,1,13000,13000,C00444,web
O26070304680,2026-07-03,P101,데일리 베이직 티셔츠,상의,M,네이비,1,15900,15900,C00247,web
O26070304681,2026-07-03,P101,데일리 베이직 티셔츠,상의,XS,카키,1,15900,15900,C02619,web
O26070304682,2026-07-03,P102,프릴 카라 블라우스,상의,M,카키,1,32000,32000,C04366,web
O26070304683,2026-07-03,P102,프릴 카라 블라우스,상의,M,그레이,1,32000,32000,C00538,web
O26070304684,2026-07-03,P102,프릴 카라 블라우스,상의,S,그레이,1,32000,32000,C00401,web
O26070304685,2026-07-03,P103,스트라이프 긴팔티,상의,L,그레이,1,21000,21000,C04762,web
O26070304686,2026-07-03,P104,고밀도 맨투맨,상의,XL,네이비,1,29000,29000,C03555,web
O26070304687,2026-07-03,P201,코튼 조거 팬츠,하의,S,네이비,1,24000,24000,C01307,web
O26070304688,2026-07-03,P202,데님 오버올,하의,M,코랄,1,39000,39000,C01661,web
O26070304689,2026-07-03,P203,레깅스 2종세트,하의,S,아이보리,1,18000,18000,C03187,web
O26070304690,2026-07-03,P401,플라워 원피스,원피스,S,코랄,1,36000,36000,C00040,web
O26070304691,2026-07-03,P401,플라워 원피스,원피스,S,네이비,1,36000,36000,C01033,web
O26070304692,2026-07-03,P401,플라워 원피스,원피스,S,코랄,1,36000,36000,C05008,web
O26070304693,2026-07-03,P401,플라워 원피스,원피스,S,그레이,1,36000,36000,C00436,web
O26070304694,2026-07-03,P401,플라워 원피스,원피스,S,네이비,1,36000,36000,C01482,web
O26070304695,2026-07-03,P501,상하 세트 (티+팬츠),세트,L,그레이,1,42000,42000,C00333,web
O26070304696,2026-07-03,P601,코튼 헤어밴드,악세서리,M,코랄,1,9900,9900,C00410,web
O26070404697,2026-07-04,P101,데일리 베이직 티셔츠,상의,XS,그레이,1,15900,15900,C02126,web
O26070404698,2026-07-04,P101,데일리 베이직 티셔츠,상의,L,그레이,1,15900,15900,C00290,web
O26070404699,2026-07-04,P102,프릴 카라 블라우스,상의,M,아이보리,1,32000,32000,C00283,web
O26070404700,2026-07-04,P102,프릴 카라 블라우스,상의,S,네이비,1,32000,32000,C01674,web
O26070404701,2026-07-04,P102,프릴 카라 블라우스,상의,S,코랄,1,32000,32000,C04436,web
O26070404702,2026-07-04,P103,스트라이프 긴팔티,상의,XS,네이비,1,21000,21000,C00208,web
O26070404703,2026-07-04,P104,고밀도 맨투맨,상의,XL,아이보리,1,29000,29000,C03764,web
O26070404704,2026-07-04,P201,코튼 조거 팬츠,하의,L,카키,1,24000,24000,C00359,web
O26070404705,2026-07-04,P201,코튼 조거 팬츠,하의,XS,네이비,1,24000,24000,C02263,web
O26070404706,2026-07-04,P202,데님 오버올,하의,S,코랄,1,39000,39000,C01541,web
O26070404707,2026-07-04,P203,레깅스 2종세트,하의,S,네이비,1,18000,18000,C01641,web
O26070404708,2026-07-04,P401,플라워 원피스,원피스,S,코랄,1,36000,36000,C00302,web
O26070404709,2026-07-04,P402,린넨 셔츠 원피스,원피스,M,코랄,1,47000,47000,C00286,web
O26070404710,2026-07-04,P402,린넨 셔츠 원피스,원피스,S,네이비,1,47000,47000,C00031,web
O26070404711,2026-07-04,P402,린넨 셔츠 원피스,원피스,S,그레이,1,47000,47000,C00541,web
O26070404712,2026-07-04,P501,상하 세트 (티+팬츠),세트,XL,카키,1,42000,42000,C03169,web
O26070404713,2026-07-04,P502,잠옷 세트,세트,M,카키,1,28000,28000,C00171,web
O26070504714,2026-07-05,P101,데일리 베이직 티셔츠,상의,XL,네이비,1,15900,15900,C01822,web
O26070504715,2026-07-05,P101,데일리 베이직 티셔츠,상의,XL,그레이,1,15900,15900,C02937,web
O26070504716,2026-07-05,P102,프릴 카라 블라우스,상의,M,코랄,1,32000,32000,C00176,web
O26070504717,2026-07-05,P102,프릴 카라 블라우스,상의,M,네이비,1,32000,32000,C00238,web
O26070504718,2026-07-05,P102,프릴 카라 블라우스,상의,M,그레이,1,32000,32000,C02674,web
O26070504719,2026-07-05,P102,프릴 카라 블라우스,상의,M,카키,1,32000,32000,C04344,web
O26070504720,2026-07-05,P103,스트라이프 긴팔티,상의,S,그레이,1,21000,21000,C00436,web
O26070504721,2026-07-05,P105,루즈핏 니트,상의,L,아이보리,1,39000,39000,C00110,web
O26070504722,2026-07-05,P401,플라워 원피스,원피스,S,코랄,1,36000,36000,C03936,web
O26070504723,2026-07-05,P401,플라워 원피스,원피스,S,코랄,1,36000,36000,C02668,web
O26070504724,2026-07-05,P402,린넨 셔츠 원피스,원피스,S,그레이,1,47000,47000,C00518,web
O26070504725,2026-07-05,P502,잠옷 세트,세트,M,네이비,1,28000,28000,C00006,web
O26070504726,2026-07-05,P601,코튼 헤어밴드,악세서리,S,아이보리,1,9900,9900,C04230,web
O26070604727,2026-07-06,P101,데일리 베이직 티셔츠,상의,S,카키,1,15900,15900,C00100,web
O26070604728,2026-07-06,P101,데일리 베이직 티셔츠,상의,L,네이비,1,15900,15900,C04580,web
O26070604729,2026-07-06,P102,프릴 카라 블라우스,상의,M,그레이,1,32000,32000,C01081,web
O26070604730,2026-07-06,P102,프릴 카라 블라우스,상의,M,네이비,1,32000,32000,C01858,web
O26070604731,2026-07-06,P102,프릴 카라 블라우스,상의,M,코랄,1,32000,32000,C00388,web
O26070604732,2026-07-06,P103,스트라이프 긴팔티,상의,S,코랄,1,21000,21000,C00695,web
O26070604733,2026-07-06,P103,스트라이프 긴팔티,상의,S,아이보리,1,21000,21000,C04251,web
O26070604734,2026-07-06,P104,고밀도 맨투맨,상의,M,카키,1,29000,29000,C01478,web
O26070604735,2026-07-06,P104,고밀도 맨투맨,상의,L,아이보리,1,29000,29000,C01456,web
O26070604736,2026-07-06,P104,고밀도 맨투맨,상의,XL,카키,1,29000,29000,C00147,web
O26070604737,2026-07-06,P105,루즈핏 니트,상의,S,아이보리,1,39000,39000,C01533,web
O26070604738,2026-07-06,P201,코튼 조거 팬츠,하의,XL,네이비,1,24000,24000,C00146,web
O26070604739,2026-07-06,P202,데님 오버올,하의,S,아이보리,1,39000,39000,C03567,web
O26070604740,2026-07-06,P203,레깅스 2종세트,하의,S,네이비,1,18000,18000,C00170,web
O26070604741,2026-07-06,P401,플라워 원피스,원피스,S,카키,1,36000,36000,C01399,web
O26070604742,2026-07-06,P401,플라워 원피스,원피스,S,네이비,1,36000,36000,C02561,web
O26070604743,2026-07-06,P402,린넨 셔츠 원피스,원피스,S,네이비,1,47000,47000,C00207,web
O26070604744,2026-07-06,P501,상하 세트 (티+팬츠),세트,M,아이보리,1,42000,42000,C03644,web
O26070604745,2026-07-06,P501,상하 세트 (티+팬츠),세트,M,네이비,1,42000,42000,C00978,web
O26070604746,2026-07-06,P502,잠옷 세트,세트,L,카키,1,28000,28000,C02442,web
O26070604747,2026-07-06,P502,잠옷 세트,세트,M,네이비,1,28000,28000,C04451,web
O26070604748,2026-07-06,P601,코튼 헤어밴드,악세서리,M,코랄,1,9900,9900,C03990,web
O26070604749,2026-07-06,P601,코튼 헤어밴드,악세서리,M,카키,1,9900,9900,C00748,web
O26070704750,2026-07-07,P101,데일리 베이직 티셔츠,상의,S,코랄,1,15900,15900,C01821,web
O26070704751,2026-07-07,P101,데일리 베이직 티셔츠,상의,M,네이비,1,15900,15900,C02516,web
O26070704752,2026-07-07,P101,데일리 베이직 티셔츠,상의,L,코랄,1,15900,15900,C04797,web
O26070704753,2026-07-07,P201,코튼 조거 팬츠,하의,M,아이보리,1,24000,24000,C04265,web
O26070704754,2026-07-07,P201,코튼 조거 팬츠,하의,M,카키,1,24000,24000,C00483,web
O26070704755,2026-07-07,P202,데님 오버올,하의,L,그레이,1,39000,39000,C00388,web
O26070704756,2026-07-07,P301,경량 패딩 베스트,아우터,XL,카키,1,52000,52000,C00955,web
O26070704757,2026-07-07,P302,후드 집업 점퍼,아우터,M,코랄,1,48000,48000,C04819,web
O26070704758,2026-07-07,P502,잠옷 세트,세트,L,아이보리,1,28000,28000,C03183,web
O26070704759,2026-07-07,P601,코튼 헤어밴드,악세서리,S,네이비,1,9900,9900,C00842,web
O26070704760,2026-07-07,P601,코튼 헤어밴드,악세서리,M,카키,1,9900,9900,C04578,web
O26070704761,2026-07-07,P601,코튼 헤어밴드,악세서리,S,그레이,1,9900,9900,C03572,web
O26070704762,2026-07-07,P602,니트 비니,악세서리,S,카키,1,13000,13000,C01023,web
O26070704763,2026-07-07,P602,니트 비니,악세서리,L,코랄,1,13000,13000,C00433,web
O26070704764,2026-07-07,P602,니트 비니,악세서리,L,네이비,1,13000,13000,C03344,web
O26070804765,2026-07-08,P101,데일리 베이직 티셔츠,상의,XS,그레이,1,15900,15900,C00598,web
O26070804766,2026-07-08,P102,프릴 카라 블라우스,상의,S,카키,1,32000,32000,C04386,web
O26070804767,2026-07-08,P103,스트라이프 긴팔티,상의,L,카키,1,21000,21000,C03491,web
O26070804768,2026-07-08,P105,루즈핏 니트,상의,L,그레이,1,39000,39000,C00970,web
O26070804769,2026-07-08,P203,레깅스 2종세트,하의,S,네이비,1,18000,18000,C02107,web
O26070804770,2026-07-08,P203,레깅스 2종세트,하의,S,네이비,1,18000,18000,C01672,web
O26070804771,2026-07-08,P203,레깅스 2종세트,하의,XS,코랄,1,18000,18000,C00296,web
O26070804772,2026-07-08,P401,플라워 원피스,원피스,S,코랄,1,36000,36000,C02849,web
O26070804773,2026-07-08,P401,플라워 원피스,원피스,S,아이보리,1,36000,36000,C00058,web
O26070804774,2026-07-08,P401,플라워 원피스,원피스,S,네이비,1,36000,36000,C01515,web
O26070804775,2026-07-08,P401,플라워 원피스,원피스,S,아이보리,1,36000,36000,C03870,web
O26070804776,2026-07-08,P402,린넨 셔츠 원피스,원피스,L,카키,1,47000,47000,C00406,web
O26070804777,2026-07-08,P501,상하 세트 (티+팬츠),세트,M,그레이,1,42000,42000,C00411,web
O26070804778,2026-07-08,P602,니트 비니,악세서리,M,아이보리,1,13000,13000,C00851,web
O26070904779,2026-07-09,P101,데일리 베이직 티셔츠,상의,XL,아이보리,1,15900,15900,C01594,web
O26070904780,2026-07-09,P101,데일리 베이직 티셔츠,상의,XL,아이보리,1,15900,15900,C03127,web
O26070904781,2026-07-09,P102,프릴 카라 블라우스,상의,S,네이비,1,32000,32000,C00120,web
O26070904782,2026-07-09,P103,스트라이프 긴팔티,상의,L,그레이,1,21000,21000,C04076,web
O26070904783,2026-07-09,P104,고밀도 맨투맨,상의,XL,아이보리,1,29000,29000,C01125,web
O26070904784,2026-07-09,P104,고밀도 맨투맨,상의,S,카키,1,29000,29000,C00394,web
O26070904785,2026-07-09,P104,고밀도 맨투맨,상의,S,아이보리,1,29000,29000,C00359,web
O26070904786,2026-07-09,P105,루즈핏 니트,상의,S,코랄,1,39000,39000,C01234,web
O26070904787,2026-07-09,P105,루즈핏 니트,상의,M,카키,1,39000,39000,C02734,web
O26070904788,2026-07-09,P201,코튼 조거 팬츠,하의,XS,카키,1,24000,24000,C03723,web
O26070904789,2026-07-09,P401,플라워 원피스,원피스,S,그레이,1,36000,36000,C03487,web
O26070904790,2026-07-09,P502,잠옷 세트,세트,S,그레이,1,28000,28000,C03042,web
O26071004791,2026-07-10,P101,데일리 베이직 티셔츠,상의,L,아이보리,1,15900,15900,C01236,web
O26071004792,2026-07-10,P101,데일리 베이직 티셔츠,상의,S,네이비,1,15900,15900,C04665,web
O26071004793,2026-07-10,P203,레깅스 2종세트,하의,XS,아이보리,1,18000,18000,C00995,web
O26071004794,2026-07-10,P401,플라워 원피스,원피스,S,카키,1,36000,36000,C02630,web
O26071004795,2026-07-10,P401,플라워 원피스,원피스,S,카키,1,36000,36000,C01483,web
O26071004796,2026-07-10,P401,플라워 원피스,원피스,S,네이비,1,36000,36000,C02837,web
O26071004797,2026-07-10,P402,린넨 셔츠 원피스,원피스,S,아이보리,1,47000,47000,C00487,web
O26071004798,2026-07-10,P402,린넨 셔츠 원피스,원피스,S,네이비,1,47000,47000,C00509,web
O26071004799,2026-07-10,P402,린넨 셔츠 원피스,원피스,L,아이보리,1,47000,47000,C03823,web
O26071004800,2026-07-10,P502,잠옷 세트,세트,XS,아이보리,1,28000,28000,C01179,web
O26071004801,2026-07-10,P601,코튼 헤어밴드,악세서리,M,카키,1,9900,9900,C00925,web
O26071004802,2026-07-10,P601,코튼 헤어밴드,악세서리,S,카키,1,9900,9900,C03158,web
O26071104803,2026-07-11,P101,데일리 베이직 티셔츠,상의,L,네이비,1,15900,15900,C01478,web
O26071104804,2026-07-11,P101,데일리 베이직 티셔츠,상의,XS,그레이,1,15900,15900,C01449,web
O26071104805,2026-07-11,P101,데일리 베이직 티셔츠,상의,M,아이보리,1,15900,15900,C00281,web
O26071104806,2026-07-11,P101,데일리 베이직 티셔츠,상의,S,네이비,1,15900,15900,C01298,web
O26071104807,2026-07-11,P102,프릴 카라 블라우스,상의,S,그레이,1,32000,32000,C01512,web
O26071104808,2026-07-11,P103,스트라이프 긴팔티,상의,S,그레이,1,21000,21000,C00078,web
O26071104809,2026-07-11,P104,고밀도 맨투맨,상의,L,네이비,1,29000,29000,C04913,web
O26071104810,2026-07-11,P104,고밀도 맨투맨,상의,S,아이보리,1,29000,29000,C00872,web
O26071104811,2026-07-11,P201,코튼 조거 팬츠,하의,M,코랄,1,24000,24000,C00336,web
O26071104812,2026-07-11,P201,코튼 조거 팬츠,하의,L,코랄,1,24000,24000,C00478,web
O26071104813,2026-07-11,P201,코튼 조거 팬츠,하의,L,카키,1,24000,24000,C00499,web
O26071104814,2026-07-11,P202,데님 오버올,하의,L,네이비,1,39000,39000,C03042,web
O26071104815,2026-07-11,P202,데님 오버올,하의,L,카키,1,39000,39000,C02628,web
O26071104816,2026-07-11,P203,레깅스 2종세트,하의,XS,네이비,1,18000,18000,C00277,web
O26071104817,2026-07-11,P203,레깅스 2종세트,하의,XS,아이보리,1,18000,18000,C02766,web
O26071104818,2026-07-11,P301,경량 패딩 베스트,아우터,XL,아이보리,1,52000,52000,C00179,web
O26071104819,2026-07-11,P401,플라워 원피스,원피스,S,아이보리,1,36000,36000,C04116,web
O26071104820,2026-07-11,P402,린넨 셔츠 원피스,원피스,L,그레이,1,47000,47000,C00108,web
O26071104821,2026-07-11,P402,린넨 셔츠 원피스,원피스,L,그레이,1,47000,47000,C01275,web
O26071104822,2026-07-11,P501,상하 세트 (티+팬츠),세트,L,그레이,1,42000,42000,C03329,web
O26071104823,2026-07-11,P502,잠옷 세트,세트,XS,네이비,1,28000,28000,C04589,web
O26071204824,2026-07-12,P101,데일리 베이직 티셔츠,상의,XS,네이비,1,15900,15900,C05190,web
O26071204825,2026-07-12,P101,데일리 베이직 티셔츠,상의,L,그레이,1,15900,15900,C03911,web
O26071204826,2026-07-12,P102,프릴 카라 블라우스,상의,S,코랄,1,32000,32000,C01212,web
O26071204827,2026-07-12,P104,고밀도 맨투맨,상의,L,아이보리,1,29000,29000,C00492,web
O26071204828,2026-07-12,P201,코튼 조거 팬츠,하의,S,카키,1,24000,24000,C00372,web
O26071204829,2026-07-12,P201,코튼 조거 팬츠,하의,S,그레이,1,24000,24000,C03543,web
O26071204830,2026-07-12,P202,데님 오버올,하의,M,그레이,1,39000,39000,C00412,web
O26071204831,2026-07-12,P401,플라워 원피스,원피스,S,카키,1,36000,36000,C00069,web
O26071204832,2026-07-12,P402,린넨 셔츠 원피스,원피스,M,카키,1,47000,47000,C00418,web
O26071204833,2026-07-12,P402,린넨 셔츠 원피스,원피스,L,카키,1,47000,47000,C04767,web
O26071204834,2026-07-12,P501,상하 세트 (티+팬츠),세트,L,그레이,1,42000,42000,C04283,web
O26071204835,2026-07-12,P501,상하 세트 (티+팬츠),세트,XL,코랄,1,42000,42000,C02937,web
O26071204836,2026-07-12,P501,상하 세트 (티+팬츠),세트,XL,코랄,1,42000,42000,C00177,web
O26071204837,2026-07-12,P601,코튼 헤어밴드,악세서리,S,네이비,1,9900,9900,C00068,web
O26071204838,2026-07-12,P602,니트 비니,악세서리,L,그레이,1,13000,13000,C01027,web
O26071304839,2026-07-13,P101,데일리 베이직 티셔츠,상의,XS,카키,1,15900,15900,C00383,web
O26071304840,2026-07-13,P102,프릴 카라 블라우스,상의,S,카키,1,32000,32000,C00205,web
O26071304841,2026-07-13,P104,고밀도 맨투맨,상의,XL,네이비,1,29000,29000,C03924,web
O26071304842,2026-07-13,P104,고밀도 맨투맨,상의,M,네이비,1,29000,29000,C00274,web
O26071304843,2026-07-13,P105,루즈핏 니트,상의,L,그레이,1,39000,39000,C00194,web
O26071304844,2026-07-13,P201,코튼 조거 팬츠,하의,XS,코랄,1,24000,24000,C02260,web
O26071304845,2026-07-13,P203,레깅스 2종세트,하의,S,카키,1,18000,18000,C00285,web
O26071304846,2026-07-13,P203,레깅스 2종세트,하의,XS,코랄,1,18000,18000,C02894,web
O26071304847,2026-07-13,P302,후드 집업 점퍼,아우터,XL,아이보리,1,48000,48000,C01567,web
O26071304848,2026-07-13,P402,린넨 셔츠 원피스,원피스,L,그레이,1,47000,47000,C02693,web
O26071304849,2026-07-13,P402,린넨 셔츠 원피스,원피스,M,아이보리,1,47000,47000,C00632,web
O26071304850,2026-07-13,P502,잠옷 세트,세트,XS,네이비,1,28000,28000,C00168,web
O26071304851,2026-07-13,P601,코튼 헤어밴드,악세서리,S,코랄,1,9900,9900,C02727,web
O26071304852,2026-07-13,P602,니트 비니,악세서리,L,네이비,1,13000,13000,C01935,web
O26071404853,2026-07-14,P101,데일리 베이직 티셔츠,상의,M,카키,1,15900,15900,C00005,web
O26071404854,2026-07-14,P101,데일리 베이직 티셔츠,상의,S,네이비,1,15900,15900,C02821,web
O26071404855,2026-07-14,P101,데일리 베이직 티셔츠,상의,M,네이비,1,15900,15900,C00516,web
O26071404856,2026-07-14,P101,데일리 베이직 티셔츠,상의,XL,코랄,1,15900,15900,C00047,web
O26071404857,2026-07-14,P102,프릴 카라 블라우스,상의,M,네이비,1,32000,32000,C02624,web
O26071404858,2026-07-14,P103,스트라이프 긴팔티,상의,XS,코랄,1,21000,21000,C00807,web
O26071404859,2026-07-14,P103,스트라이프 긴팔티,상의,XS,아이보리,1,21000,21000,C04474,web
O26071404860,2026-07-14,P104,고밀도 맨투맨,상의,S,아이보리,1,29000,29000,C00843,web
O26071404861,2026-07-14,P104,고밀도 맨투맨,상의,2XL,코랄,1,29000,29000,C00426,web
O26071404862,2026-07-14,P201,코튼 조거 팬츠,하의,XL,코랄,1,24000,24000,C02059,web
O26071404863,2026-07-14,P201,코튼 조거 팬츠,하의,M,아이보리,1,24000,24000,C00498,web
O26071404864,2026-07-14,P201,코튼 조거 팬츠,하의,S,카키,1,24000,24000,C04843,web
O26071404865,2026-07-14,P202,데님 오버올,하의,M,네이비,1,39000,39000,C04052,web
O26071404866,2026-07-14,P202,데님 오버올,하의,L,카키,1,39000,39000,C03537,web
O26071404867,2026-07-14,P202,데님 오버올,하의,S,카키,1,39000,39000,C01128,web
O26071404868,2026-07-14,P302,후드 집업 점퍼,아우터,XL,카키,1,48000,48000,C02899,web
O26071404869,2026-07-14,P401,플라워 원피스,원피스,S,코랄,1,36000,36000,C00760,web
O26071404870,2026-07-14,P401,플라워 원피스,원피스,S,그레이,1,36000,36000,C02206,web
O26071404871,2026-07-14,P401,플라워 원피스,원피스,S,네이비,1,36000,36000,C01760,web
O26071404872,2026-07-14,P401,플라워 원피스,원피스,S,네이비,1,36000,36000,C04333,web
O26071404873,2026-07-14,P401,플라워 원피스,원피스,S,아이보리,1,36000,36000,C03779,web
O26071404874,2026-07-14,P501,상하 세트 (티+팬츠),세트,S,아이보리,1,42000,42000,C00537,web
O26071404875,2026-07-14,P502,잠옷 세트,세트,S,그레이,1,28000,28000,C05046,web
O26071404876,2026-07-14,P601,코튼 헤어밴드,악세서리,S,코랄,1,9900,9900,C00366,web
O26071404877,2026-07-14,P601,코튼 헤어밴드,악세서리,S,카키,1,9900,9900,C02681,web
O26071404878,2026-07-14,P601,코튼 헤어밴드,악세서리,M,네이비,1,9900,9900,C02023,web
O26071504879,2026-07-15,P101,데일리 베이직 티셔츠,상의,M,그레이,1,15900,15900,C04886,web
O26071504880,2026-07-15,P105,루즈핏 니트,상의,L,카키,1,39000,39000,C03552,web
O26071504881,2026-07-15,P201,코튼 조거 팬츠,하의,M,아이보리,1,24000,24000,C03997,web
O26071504882,2026-07-15,P203,레깅스 2종세트,하의,S,아이보리,1,18000,18000,C05082,web
O26071504883,2026-07-15,P203,레깅스 2종세트,하의,XS,아이보리,1,18000,18000,C00351,web
O26071504884,2026-07-15,P401,플라워 원피스,원피스,S,카키,1,36000,36000,C02130,web
O26071504885,2026-07-15,P402,린넨 셔츠 원피스,원피스,S,코랄,1,47000,47000,C00978,web
O26071504886,2026-07-15,P501,상하 세트 (티+팬츠),세트,XL,카키,1,42000,42000,C02386,web
O26071504887,2026-07-15,P502,잠옷 세트,세트,L,코랄,1,28000,28000,C03767,web
O26071604888,2026-07-16,P101,데일리 베이직 티셔츠,상의,L,네이비,1,15900,15900,C04016,web
O26071604889,2026-07-16,P101,데일리 베이직 티셔츠,상의,M,네이비,1,15900,15900,C00414,web
O26071604890,2026-07-16,P102,프릴 카라 블라우스,상의,M,코랄,1,32000,32000,C02375,web
O26071604891,2026-07-16,P102,프릴 카라 블라우스,상의,S,카키,1,32000,32000,C03622,web
O26071604892,2026-07-16,P102,프릴 카라 블라우스,상의,M,아이보리,1,32000,32000,C00329,web
O26071604893,2026-07-16,P102,프릴 카라 블라우스,상의,S,카키,1,32000,32000,C00026,web
O26071604894,2026-07-16,P104,고밀도 맨투맨,상의,S,네이비,1,29000,29000,C01208,web
O26071604895,2026-07-16,P104,고밀도 맨투맨,상의,L,코랄,1,29000,29000,C00394,web
O26071604896,2026-07-16,P104,고밀도 맨투맨,상의,S,그레이,1,29000,29000,C00113,web
O26071604897,2026-07-16,P201,코튼 조거 팬츠,하의,XL,그레이,1,24000,24000,C03135,web
O26071604898,2026-07-16,P401,플라워 원피스,원피스,S,아이보리,1,36000,36000,C04001,web
O26071604899,2026-07-16,P501,상하 세트 (티+팬츠),세트,L,아이보리,1,42000,42000,C02891,web
O26071604900,2026-07-16,P501,상하 세트 (티+팬츠),세트,L,코랄,1,42000,42000,C00180,web
O26071604901,2026-07-16,P502,잠옷 세트,세트,L,네이비,1,28000,28000,C00075,web
O26071604902,2026-07-16,P502,잠옷 세트,세트,M,네이비,1,28000,28000,C00145,web
O26071604903,2026-07-16,P602,니트 비니,악세서리,M,아이보리,1,13000,13000,C00407,web
O26071704904,2026-07-17,P102,프릴 카라 블라우스,상의,S,그레이,1,32000,32000,C02674,web
O26071704905,2026-07-17,P202,데님 오버올,하의,L,네이비,1,39000,39000,C02814,web
O26071704906,2026-07-17,P203,레깅스 2종세트,하의,XS,그레이,1,18000,18000,C05174,web
O26071704907,2026-07-17,P203,레깅스 2종세트,하의,S,아이보리,1,18000,18000,C03189,web
O26071704908,2026-07-17,P401,플라워 원피스,원피스,S,네이비,1,36000,36000,C00543,web
O26071704909,2026-07-17,P401,플라워 원피스,원피스,S,그레이,1,36000,36000,C00071,web
O26071704910,2026-07-17,P402,린넨 셔츠 원피스,원피스,L,카키,1,47000,47000,C03635,web
O26071704911,2026-07-17,P402,린넨 셔츠 원피스,원피스,L,아이보리,2,47000,94000,C03834,web
O26071704912,2026-07-17,P501,상하 세트 (티+팬츠),세트,L,코랄,1,42000,42000,C00525,web
O26071704913,2026-07-17,P501,상하 세트 (티+팬츠),세트,XL,코랄,1,42000,42000,C00207,web
O26071704914,2026-07-17,P501,상하 세트 (티+팬츠),세트,M,카키,1,42000,42000,C04378,web
O26071704915,2026-07-17,P502,잠옷 세트,세트,S,네이비,1,28000,28000,C00040,web
O26071704916,2026-07-17,P502,잠옷 세트,세트,XS,코랄,1,28000,28000,C00130,web
O26071704917,2026-07-17,P602,니트 비니,악세서리,L,네이비,1,13000,13000,C03290,web
O26071704918,2026-07-17,P602,니트 비니,악세서리,S,카키,1,13000,13000,C00436,web
O26071804919,2026-07-18,P101,데일리 베이직 티셔츠,상의,S,네이비,1,15900,15900,C04831,web
O26071804920,2026-07-18,P104,고밀도 맨투맨,상의,L,코랄,1,29000,29000,C00342,web
O26071804921,2026-07-18,P104,고밀도 맨투맨,상의,S,코랄,1,29000,29000,C00695,web
O26071804922,2026-07-18,P104,고밀도 맨투맨,상의,S,카키,1,29000,29000,C00439,web
O26071804923,2026-07-18,P104,고밀도 맨투맨,상의,2XL,코랄,1,29000,29000,C03484,web
O26071804924,2026-07-18,P202,데님 오버올,하의,L,네이비,1,39000,39000,C04426,web
O26071804925,2026-07-18,P203,레깅스 2종세트,하의,S,아이보리,1,18000,18000,C03297,web
O26071804926,2026-07-18,P203,레깅스 2종세트,하의,XS,네이비,1,18000,18000,C00496,web
O26071804927,2026-07-18,P301,경량 패딩 베스트,아우터,S,네이비,1,52000,52000,C02678,web
O26071804928,2026-07-18,P401,플라워 원피스,원피스,S,카키,1,36000,36000,C01493,web
O26071804929,2026-07-18,P401,플라워 원피스,원피스,S,아이보리,1,36000,36000,C04146,web
O26071804930,2026-07-18,P401,플라워 원피스,원피스,S,카키,1,36000,36000,C00179,web
O26071804931,2026-07-18,P501,상하 세트 (티+팬츠),세트,S,카키,1,42000,42000,C02608,web
O26071804932,2026-07-18,P501,상하 세트 (티+팬츠),세트,XL,아이보리,1,42000,42000,C03708,web
O26071804933,2026-07-18,P501,상하 세트 (티+팬츠),세트,S,네이비,1,42000,42000,C00374,web
O26071804934,2026-07-18,P501,상하 세트 (티+팬츠),세트,L,코랄,1,42000,42000,C00218,web
O26071804935,2026-07-18,P501,상하 세트 (티+팬츠),세트,XL,아이보리,1,42000,42000,C00341,web
O26071804936,2026-07-18,P501,상하 세트 (티+팬츠),세트,S,카키,1,42000,42000,C04381,web
O26071804937,2026-07-18,P601,코튼 헤어밴드,악세서리,S,코랄,1,9900,9900,C00410,web
O26071904938,2026-07-19,P101,데일리 베이직 티셔츠,상의,XS,코랄,1,15900,15900,C00307,web
O26071904939,2026-07-19,P101,데일리 베이직 티셔츠,상의,L,코랄,1,15900,15900,C05105,web
O26071904940,2026-07-19,P102,프릴 카라 블라우스,상의,S,코랄,1,32000,32000,C00086,web
O26071904941,2026-07-19,P102,프릴 카라 블라우스,상의,M,아이보리,1,32000,32000,C03232,web
O26071904942,2026-07-19,P103,스트라이프 긴팔티,상의,M,네이비,1,21000,21000,C01130,web
O26071904943,2026-07-19,P103,스트라이프 긴팔티,상의,M,아이보리,1,21000,21000,C02309,web
O26071904944,2026-07-19,P201,코튼 조거 팬츠,하의,XS,카키,1,24000,24000,C00245,web
O26071904945,2026-07-19,P201,코튼 조거 팬츠,하의,M,카키,1,24000,24000,C04947,web
O26071904946,2026-07-19,P201,코튼 조거 팬츠,하의,L,그레이,1,24000,24000,C00327,web
O26071904947,2026-07-19,P202,데님 오버올,하의,L,네이비,1,39000,39000,C04700,web
O26071904948,2026-07-19,P203,레깅스 2종세트,하의,XS,네이비,1,18000,18000,C04050,web
O26071904949,2026-07-19,P203,레깅스 2종세트,하의,S,그레이,1,18000,18000,C03022,web
O26071904950,2026-07-19,P401,플라워 원피스,원피스,S,네이비,1,36000,36000,C00569,web
O26071904951,2026-07-19,P401,플라워 원피스,원피스,S,네이비,1,36000,36000,C00513,web
O26071904952,2026-07-19,P402,린넨 셔츠 원피스,원피스,M,아이보리,1,47000,47000,C04195,web
O26071904953,2026-07-19,P502,잠옷 세트,세트,M,네이비,1,28000,28000,C03264,web
O26071904954,2026-07-19,P601,코튼 헤어밴드,악세서리,S,그레이,1,9900,9900,C03949,web
O26072004955,2026-07-20,P102,프릴 카라 블라우스,상의,M,카키,1,32000,32000,C00460,web
O26072004956,2026-07-20,P103,스트라이프 긴팔티,상의,L,그레이,1,21000,21000,C00098,web
O26072004957,2026-07-20,P103,스트라이프 긴팔티,상의,L,카키,1,21000,21000,C01223,web
O26072004958,2026-07-20,P104,고밀도 맨투맨,상의,L,카키,1,29000,29000,C02854,web
O26072004959,2026-07-20,P104,고밀도 맨투맨,상의,S,코랄,1,29000,29000,C03024,web
O26072004960,2026-07-20,P201,코튼 조거 팬츠,하의,L,그레이,1,24000,24000,C04283,web
O26072004961,2026-07-20,P301,경량 패딩 베스트,아우터,M,네이비,1,52000,52000,C00101,web
O26072004962,2026-07-20,P401,플라워 원피스,원피스,S,그레이,1,36000,36000,C03348,web
O26072004963,2026-07-20,P401,플라워 원피스,원피스,S,네이비,1,36000,36000,C01855,web
O26072004964,2026-07-20,P501,상하 세트 (티+팬츠),세트,L,아이보리,1,42000,42000,C00593,web
O26072004965,2026-07-20,P501,상하 세트 (티+팬츠),세트,S,카키,1,42000,42000,C00543,web
O26072004966,2026-07-20,P501,상하 세트 (티+팬츠),세트,XL,카키,1,42000,42000,C04718,web
O26072004967,2026-07-20,P501,상하 세트 (티+팬츠),세트,XL,네이비,1,42000,42000,C02758,web
O26072004968,2026-07-20,P502,잠옷 세트,세트,M,카키,1,28000,28000,C03757,web
O26072004969,2026-07-20,P602,니트 비니,악세서리,L,아이보리,1,13000,13000,C01596,web
O26072104970,2026-07-21,P101,데일리 베이직 티셔츠,상의,XS,아이보리,1,15900,15900,C00119,web
O26072104971,2026-07-21,P101,데일리 베이직 티셔츠,상의,L,그레이,1,15900,15900,C04484,web
O26072104972,2026-07-21,P101,데일리 베이직 티셔츠,상의,M,그레이,1,15900,15900,C01684,web
O26072104973,2026-07-21,P101,데일리 베이직 티셔츠,상의,XS,코랄,1,15900,15900,C00828,web
O26072104974,2026-07-21,P101,데일리 베이직 티셔츠,상의,XL,코랄,1,15900,15900,C01124,web
O26072104975,2026-07-21,P101,데일리 베이직 티셔츠,상의,L,아이보리,1,15900,15900,C05061,web
O26072104976,2026-07-21,P102,프릴 카라 블라우스,상의,M,그레이,1,32000,32000,C00438,web
O26072104976,2026-07-21,P104,고밀도 맨투맨,상의,XL,아이보리,1,29000,29000,C00438,web
O26072104977,2026-07-21,P102,프릴 카라 블라우스,상의,M,그레이,1,32000,32000,C02332,web
O26072104978,2026-07-21,P102,프릴 카라 블라우스,상의,M,코랄,1,32000,32000,C03651,web
O26072104979,2026-07-21,P102,프릴 카라 블라우스,상의,S,네이비,1,32000,32000,C03640,web
O26072104980,2026-07-21,P103,스트라이프 긴팔티,상의,S,네이비,1,21000,21000,C01720,web
O26072104981,2026-07-21,P103,스트라이프 긴팔티,상의,L,네이비,1,21000,21000,C04528,web
O26072104982,2026-07-21,P104,고밀도 맨투맨,상의,S,아이보리,1,29000,29000,C01218,web
O26072104983,2026-07-21,P104,고밀도 맨투맨,상의,M,코랄,1,29000,29000,C00458,web
O26072104984,2026-07-21,P105,루즈핏 니트,상의,L,코랄,1,39000,39000,C00545,web
O26072104985,2026-07-21,P105,루즈핏 니트,상의,S,코랄,1,39000,39000,C00415,web
O26072104986,2026-07-21,P202,데님 오버올,하의,S,그레이,1,39000,39000,C00430,web
O26072104987,2026-07-21,P202,데님 오버올,하의,S,카키,1,39000,39000,C04257,web
O26072104988,2026-07-21,P401,플라워 원피스,원피스,S,아이보리,1,36000,36000,C00880,web
O26072104989,2026-07-21,P401,플라워 원피스,원피스,S,그레이,1,36000,36000,C01541,web
O26072104990,2026-07-21,P402,린넨 셔츠 원피스,원피스,S,네이비,1,47000,47000,C04881,web
O26072104991,2026-07-21,P402,린넨 셔츠 원피스,원피스,L,그레이,1,47000,47000,C04018,web
O26072104992,2026-07-21,P501,상하 세트 (티+팬츠),세트,L,아이보리,1,42000,42000,C00399,web
O26072104993,2026-07-21,P501,상하 세트 (티+팬츠),세트,L,카키,1,42000,42000,C00326,web
O26072104994,2026-07-21,P501,상하 세트 (티+팬츠),세트,S,그레이,1,42000,42000,C00387,web
O26072104995,2026-07-21,P501,상하 세트 (티+팬츠),세트,XL,코랄,1,42000,42000,C00117,web
O26072104996,2026-07-21,P501,상하 세트 (티+팬츠),세트,L,그레이,1,42000,42000,C01825,web
O26072204997,2026-07-22,P102,프릴 카라 블라우스,상의,M,그레이,1,32000,32000,C03473,web
O26072204998,2026-07-22,P102,프릴 카라 블라우스,상의,M,네이비,1,32000,32000,C04899,web
O26072204999,2026-07-22,P103,스트라이프 긴팔티,상의,L,코랄,1,21000,21000,C02565,web
O26072205000,2026-07-22,P103,스트라이프 긴팔티,상의,S,그레이,1,21000,21000,C03422,web
O26072205001,2026-07-22,P104,고밀도 맨투맨,상의,L,네이비,1,29000,29000,C00131,web
O26072205002,2026-07-22,P104,고밀도 맨투맨,상의,M,그레이,1,29000,29000,C04049,web
O26072205003,2026-07-22,P104,고밀도 맨투맨,상의,XL,그레이,1,29000,29000,C03392,web
O26072205004,2026-07-22,P104,고밀도 맨투맨,상의,2XL,코랄,1,29000,29000,C00252,web
O26072205005,2026-07-22,P201,코튼 조거 팬츠,하의,L,아이보리,1,24000,24000,C00186,web
O26072205006,2026-07-22,P203,레깅스 2종세트,하의,XS,카키,1,18000,18000,C03052,web
O26072205007,2026-07-22,P401,플라워 원피스,원피스,S,그레이,1,36000,36000,C00491,web
O26072205008,2026-07-22,P402,린넨 셔츠 원피스,원피스,L,네이비,1,47000,47000,C01858,web
O26072205009,2026-07-22,P402,린넨 셔츠 원피스,원피스,S,그레이,1,47000,47000,C04585,web
O26072205010,2026-07-22,P501,상하 세트 (티+팬츠),세트,S,코랄,1,42000,42000,C05145,web
O26072205011,2026-07-22,P502,잠옷 세트,세트,XS,그레이,1,28000,28000,C00511,web
O26072205012,2026-07-22,P502,잠옷 세트,세트,L,아이보리,1,28000,28000,C00169,web
O26072205013,2026-07-22,P502,잠옷 세트,세트,M,그레이,1,28000,28000,C00219,web
O26072205014,2026-07-22,P601,코튼 헤어밴드,악세서리,M,그레이,1,9900,9900,C03973,web
O26072305015,2026-07-23,P104,고밀도 맨투맨,상의,2XL,그레이,1,29000,29000,C04036,web
O26072305016,2026-07-23,P203,레깅스 2종세트,하의,S,아이보리,1,18000,18000,C03797,web
O26072305017,2026-07-23,P401,플라워 원피스,원피스,S,네이비,1,36000,36000,C03257,web
O26072305018,2026-07-23,P401,플라워 원피스,원피스,S,코랄,1,36000,36000,C00406,web
O26072305019,2026-07-23,P402,린넨 셔츠 원피스,원피스,S,네이비,1,47000,47000,C04482,web
O26072305020,2026-07-23,P402,린넨 셔츠 원피스,원피스,S,카키,1,47000,47000,C02883,web
O26072305021,2026-07-23,P402,린넨 셔츠 원피스,원피스,M,카키,1,47000,47000,C00174,web
O26072305022,2026-07-23,P501,상하 세트 (티+팬츠),세트,S,네이비,1,42000,42000,C03541,web
O26072305023,2026-07-23,P501,상하 세트 (티+팬츠),세트,S,네이비,1,42000,42000,C02056,web
O26072305024,2026-07-23,P601,코튼 헤어밴드,악세서리,S,아이보리,1,9900,9900,C01659,web
O26072305025,2026-07-23,P602,니트 비니,악세서리,M,네이비,1,13000,13000,C00551,web
O26072305026,2026-07-23,P602,니트 비니,악세서리,L,아이보리,1,13000,13000,C04758,web
O26072405027,2026-07-24,P102,프릴 카라 블라우스,상의,M,카키,1,32000,32000,C00542,web
O26072405028,2026-07-24,P103,스트라이프 긴팔티,상의,XS,코랄,1,21000,21000,C00132,web
O26072405029,2026-07-24,P104,고밀도 맨투맨,상의,M,그레이,1,29000,29000,C00432,web
O26072405030,2026-07-24,P105,루즈핏 니트,상의,L,코랄,1,39000,39000,C01402,web
O26072405031,2026-07-24,P201,코튼 조거 팬츠,하의,XS,코랄,1,24000,24000,C00233,web
O26072405032,2026-07-24,P201,코튼 조거 팬츠,하의,L,코랄,1,24000,24000,C02819,web
O26072405033,2026-07-24,P201,코튼 조거 팬츠,하의,M,네이비,1,24000,24000,C00392,web
O26072405034,2026-07-24,P201,코튼 조거 팬츠,하의,M,그레이,1,24000,24000,C02156,web
O26072405035,2026-07-24,P202,데님 오버올,하의,L,네이비,1,39000,39000,C02744,web
O26072405036,2026-07-24,P202,데님 오버올,하의,M,아이보리,1,39000,39000,C03059,web
O26072405037,2026-07-24,P302,후드 집업 점퍼,아우터,M,코랄,1,48000,48000,C00100,web
O26072405038,2026-07-24,P401,플라워 원피스,원피스,S,그레이,1,36000,36000,C03523,web
O26072405039,2026-07-24,P402,린넨 셔츠 원피스,원피스,L,코랄,1,47000,47000,C00139,web
O26072405040,2026-07-24,P402,린넨 셔츠 원피스,원피스,S,그레이,1,47000,47000,C01330,web
O26072405041,2026-07-24,P501,상하 세트 (티+팬츠),세트,S,네이비,1,42000,42000,C02899,web
O26072405042,2026-07-24,P602,니트 비니,악세서리,M,카키,1,13000,13000,C01111,web
O26072505043,2026-07-25,P101,데일리 베이직 티셔츠,상의,S,코랄,1,15900,15900,C01653,web
O26072505044,2026-07-25,P102,프릴 카라 블라우스,상의,M,아이보리,1,32000,32000,C00280,web
O26072505045,2026-07-25,P102,프릴 카라 블라우스,상의,M,네이비,1,32000,32000,C04653,web
O26072505046,2026-07-25,P102,프릴 카라 블라우스,상의,S,네이비,1,32000,32000,C00391,web
O26072505047,2026-07-25,P102,프릴 카라 블라우스,상의,M,카키,1,32000,32000,C02474,web
O26072505048,2026-07-25,P104,고밀도 맨투맨,상의,M,아이보리,1,29000,29000,C00003,web
O26072505049,2026-07-25,P105,루즈핏 니트,상의,M,코랄,1,39000,39000,C02360,web
O26072505050,2026-07-25,P201,코튼 조거 팬츠,하의,S,네이비,1,24000,24000,C04484,web
O26072505051,2026-07-25,P201,코튼 조거 팬츠,하의,M,그레이,1,24000,24000,C01410,web
O26072505052,2026-07-25,P202,데님 오버올,하의,M,카키,1,39000,39000,C03218,web
O26072505053,2026-07-25,P203,레깅스 2종세트,하의,XS,카키,1,18000,18000,C00507,web
O26072505054,2026-07-25,P203,레깅스 2종세트,하의,S,아이보리,1,18000,18000,C00267,web
O26072505055,2026-07-25,P401,플라워 원피스,원피스,S,아이보리,1,36000,36000,C04712,web
O26072505056,2026-07-25,P402,린넨 셔츠 원피스,원피스,S,그레이,1,47000,47000,C03150,web
O26072505057,2026-07-25,P402,린넨 셔츠 원피스,원피스,L,그레이,1,47000,47000,C03735,web
O26072505058,2026-07-25,P402,린넨 셔츠 원피스,원피스,M,그레이,1,47000,47000,C00164,web
O26072505059,2026-07-25,P402,린넨 셔츠 원피스,원피스,M,그레이,1,47000,47000,C02921,web
O26072505060,2026-07-25,P501,상하 세트 (티+팬츠),세트,M,코랄,1,42000,42000,C05002,web
O26072505061,2026-07-25,P501,상하 세트 (티+팬츠),세트,S,그레이,1,42000,42000,C00320,web
O26072505062,2026-07-25,P501,상하 세트 (티+팬츠),세트,M,아이보리,1,42000,42000,C00578,web
O26072505063,2026-07-25,P502,잠옷 세트,세트,M,코랄,1,28000,28000,C00228,web
O26072505064,2026-07-25,P502,잠옷 세트,세트,XS,코랄,1,28000,28000,C01142,web
O26072505065,2026-07-25,P601,코튼 헤어밴드,악세서리,M,네이비,1,9900,9900,C00474,web
O26072505066,2026-07-25,P601,코튼 헤어밴드,악세서리,S,그레이,1,9900,9900,C03523,web
O26072605067,2026-07-26,P101,데일리 베이직 티셔츠,상의,L,코랄,1,15900,15900,C00562,web
O26072605068,2026-07-26,P102,프릴 카라 블라우스,상의,M,그레이,1,32000,32000,C03797,web
O26072605069,2026-07-26,P102,프릴 카라 블라우스,상의,S,아이보리,1,32000,32000,C01262,web
O26072605070,2026-07-26,P102,프릴 카라 블라우스,상의,M,코랄,1,32000,32000,C03872,web
O26072605071,2026-07-26,P103,스트라이프 긴팔티,상의,L,코랄,1,21000,21000,C03434,web
O26072605072,2026-07-26,P105,루즈핏 니트,상의,S,네이비,1,39000,39000,C05097,web
O26072605073,2026-07-26,P201,코튼 조거 팬츠,하의,XS,코랄,1,24000,24000,C04410,web
O26072605074,2026-07-26,P201,코튼 조거 팬츠,하의,S,코랄,1,24000,24000,C00830,web
O26072605075,2026-07-26,P201,코튼 조거 팬츠,하의,XS,그레이,1,24000,24000,C04074,web
O26072605076,2026-07-26,P203,레깅스 2종세트,하의,S,네이비,1,18000,18000,C03487,web
O26072605077,2026-07-26,P203,레깅스 2종세트,하의,S,아이보리,1,18000,18000,C00450,web
O26072605078,2026-07-26,P302,후드 집업 점퍼,아우터,S,아이보리,1,48000,48000,C01033,web
O26072605079,2026-07-26,P401,플라워 원피스,원피스,S,아이보리,1,36000,36000,C00546,web
O26072605080,2026-07-26,P401,플라워 원피스,원피스,S,그레이,1,36000,36000,C00018,web
O26072605081,2026-07-26,P401,플라워 원피스,원피스,S,코랄,1,36000,36000,C00088,web
O26072605082,2026-07-26,P501,상하 세트 (티+팬츠),세트,XL,그레이,1,42000,42000,C03579,web
O26072605083,2026-07-26,P501,상하 세트 (티+팬츠),세트,XL,코랄,1,42000,42000,C00932,web
O26072605084,2026-07-26,P502,잠옷 세트,세트,S,아이보리,1,28000,28000,C01146,web
O26072605085,2026-07-26,P601,코튼 헤어밴드,악세서리,S,코랄,1,9900,9900,C03040,web
O26072605086,2026-07-26,P602,니트 비니,악세서리,M,그레이,1,13000,13000,C00331,web
O26072705087,2026-07-27,P101,데일리 베이직 티셔츠,상의,S,그레이,1,15900,15900,C00023,web
O26072705088,2026-07-27,P101,데일리 베이직 티셔츠,상의,XS,아이보리,1,15900,15900,C04704,web
O26072705089,2026-07-27,P103,스트라이프 긴팔티,상의,L,카키,1,21000,21000,C04809,web
O26072705090,2026-07-27,P104,고밀도 맨투맨,상의,L,카키,1,29000,29000,C01095,web
O26072705091,2026-07-27,P104,고밀도 맨투맨,상의,S,아이보리,1,29000,29000,C02957,web
O26072705092,2026-07-27,P104,고밀도 맨투맨,상의,M,코랄,1,29000,29000,C04518,web
O26072705093,2026-07-27,P105,루즈핏 니트,상의,M,네이비,1,39000,39000,C00072,web
O26072705094,2026-07-27,P201,코튼 조거 팬츠,하의,L,네이비,1,24000,24000,C03977,web
O26072705095,2026-07-27,P201,코튼 조거 팬츠,하의,M,코랄,1,24000,24000,C02962,web
O26072705096,2026-07-27,P203,레깅스 2종세트,하의,XS,코랄,1,18000,18000,C01254,web
O26072705097,2026-07-27,P203,레깅스 2종세트,하의,S,코랄,1,18000,18000,C00610,web
O26072705098,2026-07-27,P203,레깅스 2종세트,하의,S,아이보리,1,18000,18000,C02457,web
O26072705099,2026-07-27,P302,후드 집업 점퍼,아우터,M,그레이,1,48000,48000,C00292,web
O26072705100,2026-07-27,P401,플라워 원피스,원피스,S,카키,1,36000,36000,C02356,web
O26072705101,2026-07-27,P401,플라워 원피스,원피스,S,코랄,1,36000,36000,C04216,web
O26072705102,2026-07-27,P402,린넨 셔츠 원피스,원피스,S,네이비,1,47000,47000,C02988,web
O26072705103,2026-07-27,P402,린넨 셔츠 원피스,원피스,L,네이비,1,47000,47000,C00057,web
O26072705104,2026-07-27,P501,상하 세트 (티+팬츠),세트,S,카키,1,42000,42000,C02190,web
O26072705105,2026-07-27,P501,상하 세트 (티+팬츠),세트,M,네이비,1,42000,42000,C00535,web
O26072705106,2026-07-27,P502,잠옷 세트,세트,L,네이비,1,28000,28000,C05057,web
O26072705107,2026-07-27,P601,코튼 헤어밴드,악세서리,S,네이비,1,9900,9900,C04243,web
O26072705108,2026-07-27,P601,코튼 헤어밴드,악세서리,M,코랄,1,9900,9900,C01955,web
O26072705109,2026-07-27,P602,니트 비니,악세서리,M,그레이,1,13000,13000,C04498,web
O26072705110,2026-07-27,P602,니트 비니,악세서리,S,카키,1,13000,13000,C04360,web
O26072705111,2026-07-27,P602,니트 비니,악세서리,S,코랄,1,13000,13000,C00075,web
O26072805112,2026-07-28,P101,데일리 베이직 티셔츠,상의,S,아이보리,1,15900,15900,C00615,web
O26072805113,2026-07-28,P101,데일리 베이직 티셔츠,상의,XS,코랄,1,15900,15900,C03742,web
O26072805114,2026-07-28,P102,프릴 카라 블라우스,상의,M,그레이,1,32000,32000,C00251,web
O26072805115,2026-07-28,P102,프릴 카라 블라우스,상의,S,아이보리,1,32000,32000,C04040,web
O26072805116,2026-07-28,P104,고밀도 맨투맨,상의,XL,네이비,1,29000,29000,C00230,web
O26072805117,2026-07-28,P104,고밀도 맨투맨,상의,S,네이비,1,29000,29000,C00147,web
O26072805118,2026-07-28,P104,고밀도 맨투맨,상의,XL,아이보리,1,29000,29000,C03480,web
O26072805119,2026-07-28,P104,고밀도 맨투맨,상의,L,아이보리,1,29000,29000,C04765,web
O26072805120,2026-07-28,P201,코튼 조거 팬츠,하의,S,코랄,1,24000,24000,C00195,web
O26072805121,2026-07-28,P201,코튼 조거 팬츠,하의,XL,코랄,1,24000,24000,C04592,web
O26072805122,2026-07-28,P203,레깅스 2종세트,하의,XS,코랄,1,18000,18000,C00763,web
O26072805123,2026-07-28,P401,플라워 원피스,원피스,S,카키,1,36000,36000,C05039,web
O26072805124,2026-07-28,P401,플라워 원피스,원피스,S,카키,1,36000,36000,C01399,web
O26072805125,2026-07-28,P401,플라워 원피스,원피스,S,그레이,1,36000,36000,C04678,web
O26072805126,2026-07-28,P401,플라워 원피스,원피스,S,카키,1,36000,36000,C00531,web
O26072805127,2026-07-28,P402,린넨 셔츠 원피스,원피스,M,코랄,1,47000,47000,C03182,web
O26072805128,2026-07-28,P402,린넨 셔츠 원피스,원피스,S,아이보리,1,47000,47000,C00080,web
O26072805129,2026-07-28,P501,상하 세트 (티+팬츠),세트,M,카키,1,42000,42000,C04260,web
O26072805130,2026-07-28,P501,상하 세트 (티+팬츠),세트,XL,카키,1,42000,42000,C02265,web
O26072805131,2026-07-28,P502,잠옷 세트,세트,L,네이비,1,28000,28000,C00303,web
O26072805132,2026-07-28,P602,니트 비니,악세서리,M,아이보리,1,13000,13000,C00896,web
O26072805133,2026-07-28,P602,니트 비니,악세서리,M,코랄,1,13000,13000,C04774,web
O26072905134,2026-07-29,P101,데일리 베이직 티셔츠,상의,M,코랄,1,15900,15900,C00818,web
O26072905135,2026-07-29,P101,데일리 베이직 티셔츠,상의,S,아이보리,1,15900,15900,C02951,web
O26072905136,2026-07-29,P101,데일리 베이직 티셔츠,상의,M,그레이,1,15900,15900,C00779,web
O26072905137,2026-07-29,P101,데일리 베이직 티셔츠,상의,XS,아이보리,1,15900,15900,C01397,web
O26072905138,2026-07-29,P101,데일리 베이직 티셔츠,상의,M,코랄,1,15900,15900,C05094,web
O26072905139,2026-07-29,P101,데일리 베이직 티셔츠,상의,M,아이보리,1,15900,15900,C02808,web
O26072905140,2026-07-29,P102,프릴 카라 블라우스,상의,S,카키,1,32000,32000,C04761,web
O26072905141,2026-07-29,P102,프릴 카라 블라우스,상의,M,카키,1,32000,32000,C02113,web
O26072905142,2026-07-29,P102,프릴 카라 블라우스,상의,M,아이보리,1,32000,32000,C04713,web
O26072905143,2026-07-29,P102,프릴 카라 블라우스,상의,S,코랄,1,32000,32000,C00060,web
O26072905144,2026-07-29,P102,프릴 카라 블라우스,상의,S,코랄,1,32000,32000,C01110,web
O26072905145,2026-07-29,P102,프릴 카라 블라우스,상의,M,네이비,1,32000,32000,C00370,web
O26072905146,2026-07-29,P103,스트라이프 긴팔티,상의,S,네이비,1,21000,21000,C02706,web
O26072905147,2026-07-29,P103,스트라이프 긴팔티,상의,L,그레이,1,21000,21000,C00401,web
O26072905148,2026-07-29,P201,코튼 조거 팬츠,하의,XL,카키,1,24000,24000,C00078,web
O26072905149,2026-07-29,P202,데님 오버올,하의,S,네이비,1,39000,39000,C03717,web
O26072905150,2026-07-29,P203,레깅스 2종세트,하의,XS,코랄,1,18000,18000,C00271,web
O26072905151,2026-07-29,P203,레깅스 2종세트,하의,S,코랄,1,18000,18000,C01497,web
O26072905152,2026-07-29,P401,플라워 원피스,원피스,S,네이비,1,36000,36000,C00452,web
O26072905153,2026-07-29,P401,플라워 원피스,원피스,S,카키,1,36000,36000,C05171,web
O26072905154,2026-07-29,P401,플라워 원피스,원피스,S,네이비,1,36000,36000,C04428,web
O26072905155,2026-07-29,P402,린넨 셔츠 원피스,원피스,M,아이보리,1,47000,47000,C04282,web
O26072905156,2026-07-29,P502,잠옷 세트,세트,S,네이비,1,28000,28000,C00090,web
O26072905157,2026-07-29,P502,잠옷 세트,세트,L,그레이,1,28000,28000,C01449,web
O26072905158,2026-07-29,P502,잠옷 세트,세트,XS,코랄,1,28000,28000,C04837,web
O26072905159,2026-07-29,P601,코튼 헤어밴드,악세서리,S,아이보리,1,9900,9900,C04623,web
O26073005160,2026-07-30,P101,데일리 베이직 티셔츠,상의,L,그레이,1,15900,15900,C02227,web
O26073005161,2026-07-30,P102,프릴 카라 블라우스,상의,M,아이보리,1,32000,32000,C04339,web
O26073005162,2026-07-30,P104,고밀도 맨투맨,상의,M,아이보리,1,29000,29000,C00145,web
O26073005163,2026-07-30,P104,고밀도 맨투맨,상의,S,네이비,1,29000,29000,C00583,web
O26073005164,2026-07-30,P105,루즈핏 니트,상의,S,그레이,1,39000,39000,C00171,web
O26073005165,2026-07-30,P203,레깅스 2종세트,하의,XS,네이비,1,18000,18000,C00319,web
O26073005166,2026-07-30,P401,플라워 원피스,원피스,S,아이보리,1,36000,36000,C02689,web
O26073005167,2026-07-30,P402,린넨 셔츠 원피스,원피스,S,코랄,1,47000,47000,C00922,web
O26073005168,2026-07-30,P402,린넨 셔츠 원피스,원피스,L,카키,1,47000,47000,C04735,web
O26073005169,2026-07-30,P501,상하 세트 (티+팬츠),세트,M,네이비,1,42000,42000,C00440,web
O26073005170,2026-07-30,P601,코튼 헤어밴드,악세서리,S,아이보리,1,9900,9900,C01834,web
O26073005171,2026-07-30,P601,코튼 헤어밴드,악세서리,S,그레이,1,9900,9900,C03844,web
O26073105172,2026-07-31,P101,데일리 베이직 티셔츠,상의,L,그레이,1,15900,15900,C01367,web
O26073105173,2026-07-31,P101,데일리 베이직 티셔츠,상의,XS,네이비,1,15900,15900,C00481,web
O26073105174,2026-07-31,P101,데일리 베이직 티셔츠,상의,S,아이보리,1,15900,15900,C04840,web
O26073105175,2026-07-31,P102,프릴 카라 블라우스,상의,S,카키,1,32000,32000,C00188,web
O26073105176,2026-07-31,P102,프릴 카라 블라우스,상의,S,카키,1,32000,32000,C04455,web
O26073105177,2026-07-31,P103,스트라이프 긴팔티,상의,L,아이보리,1,21000,21000,C03699,web
O26073105178,2026-07-31,P104,고밀도 맨투맨,상의,XL,네이비,1,29000,29000,C03849,web
O26073105179,2026-07-31,P104,고밀도 맨투맨,상의,M,카키,1,29000,29000,C02454,web
O26073105180,2026-07-31,P202,데님 오버올,하의,S,아이보리,1,39000,39000,C04133,web
O26073105181,2026-07-31,P203,레깅스 2종세트,하의,XS,카키,1,18000,18000,C04474,web
O26073105182,2026-07-31,P203,레깅스 2종세트,하의,S,카키,1,18000,18000,C00823,web
O26073105183,2026-07-31,P302,후드 집업 점퍼,아우터,M,코랄,1,48000,48000,C05052,web
O26073105184,2026-07-31,P401,플라워 원피스,원피스,S,코랄,1,36000,36000,C00811,web
O26073105185,2026-07-31,P401,플라워 원피스,원피스,S,네이비,1,36000,36000,C01310,web
O26073105186,2026-07-31,P401,플라워 원피스,원피스,S,카키,1,36000,36000,C00187,web
O26073105187,2026-07-31,P502,잠옷 세트,세트,S,그레이,1,28000,28000,C00041,web
O26073105188,2026-07-31,P601,코튼 헤어밴드,악세서리,S,아이보리,1,9900,9900,C04107,web
O26073105189,2026-07-31,P602,니트 비니,악세서리,L,코랄,1,13000,13000,C02875,web
O26080105190,2026-08-01,P101,데일리 베이직 티셔츠,상의,XL,그레이,1,15900,15900,C00389,web
O26080105191,2026-08-01,P101,데일리 베이직 티셔츠,상의,M,카키,1,15900,15900,C00134,web
O26080105192,2026-08-01,P102,프릴 카라 블라우스,상의,M,코랄,1,32000,32000,C02970,web
O26080105193,2026-08-01,P103,스트라이프 긴팔티,상의,M,아이보리,1,21000,21000,C00567,web
O26080105194,2026-08-01,P104,고밀도 맨투맨,상의,L,그레이,1,29000,29000,C00109,web
O26080105195,2026-08-01,P201,코튼 조거 팬츠,하의,L,코랄,1,24000,24000,C00349,web
O26080105196,2026-08-01,P201,코튼 조거 팬츠,하의,XL,코랄,1,24000,24000,C03156,web
O26080105197,2026-08-01,P202,데님 오버올,하의,M,네이비,1,39000,39000,C02512,web
O26080105198,2026-08-01,P203,레깅스 2종세트,하의,XS,코랄,1,18000,18000,C03443,web
O26080105199,2026-08-01,P203,레깅스 2종세트,하의,XS,코랄,1,18000,18000,C00427,web
O26080105200,2026-08-01,P203,레깅스 2종세트,하의,XS,아이보리,1,18000,18000,C00005,web
O26080105201,2026-08-01,P302,후드 집업 점퍼,아우터,L,코랄,1,48000,48000,C01996,web
O26080105202,2026-08-01,P401,플라워 원피스,원피스,S,네이비,1,36000,36000,C02800,web
O26080105203,2026-08-01,P401,플라워 원피스,원피스,S,카키,1,36000,36000,C00084,web
O26080105204,2026-08-01,P401,플라워 원피스,원피스,S,카키,1,36000,36000,C04028,web
O26080105205,2026-08-01,P402,린넨 셔츠 원피스,원피스,M,카키,1,47000,47000,C00025,web
O26080105206,2026-08-01,P501,상하 세트 (티+팬츠),세트,XL,카키,1,42000,42000,C01358,web
O26080105207,2026-08-01,P501,상하 세트 (티+팬츠),세트,XL,그레이,1,42000,42000,C02397,web
O26080105208,2026-08-01,P502,잠옷 세트,세트,S,코랄,1,28000,28000,C01765,web
O26080105209,2026-08-01,P602,니트 비니,악세서리,L,카키,1,13000,13000,C00936,web
O26080205210,2026-08-02,P101,데일리 베이직 티셔츠,상의,L,아이보리,1,15900,15900,C03611,web
O26080205211,2026-08-02,P101,데일리 베이직 티셔츠,상의,XS,아이보리,1,15900,15900,C02575,web
O26080205212,2026-08-02,P104,고밀도 맨투맨,상의,M,아이보리,1,29000,29000,C00264,web
O26080205213,2026-08-02,P302,후드 집업 점퍼,아우터,L,네이비,1,48000,48000,C00398,web
O26080205214,2026-08-02,P401,플라워 원피스,원피스,S,코랄,1,36000,36000,C02758,web
O26080205215,2026-08-02,P401,플라워 원피스,원피스,S,아이보리,1,36000,36000,C05057,web
O26080205216,2026-08-02,P401,플라워 원피스,원피스,S,아이보리,1,36000,36000,C04728,web
O26080205217,2026-08-02,P401,플라워 원피스,원피스,S,코랄,1,36000,36000,C04590,web
O26080205218,2026-08-02,P501,상하 세트 (티+팬츠),세트,M,아이보리,1,42000,42000,C03633,web
O26080205219,2026-08-02,P501,상하 세트 (티+팬츠),세트,M,아이보리,1,42000,42000,C01490,web
O26080205220,2026-08-02,P501,상하 세트 (티+팬츠),세트,M,아이보리,1,42000,42000,C04339,web
O26080205221,2026-08-02,P602,니트 비니,악세서리,M,카키,1,13000,13000,C00460,web
O26080305222,2026-08-03,P102,프릴 카라 블라우스,상의,S,아이보리,1,32000,32000,C00289,web
O26080305223,2026-08-03,P102,프릴 카라 블라우스,상의,M,그레이,1,32000,32000,C01336,web
O26080305224,2026-08-03,P103,스트라이프 긴팔티,상의,L,아이보리,1,21000,21000,C00072,web
O26080305225,2026-08-03,P103,스트라이프 긴팔티,상의,L,코랄,1,21000,21000,C00299,web
O26080305226,2026-08-03,P104,고밀도 맨투맨,상의,M,카키,1,29000,29000,C00406,web
O26080305227,2026-08-03,P104,고밀도 맨투맨,상의,XL,그레이,1,29000,29000,C02114,web
O26080305228,2026-08-03,P105,루즈핏 니트,상의,S,카키,1,39000,39000,C03882,web
O26080305229,2026-08-03,P201,코튼 조거 팬츠,하의,M,카키,1,24000,24000,C00674,web
O26080305230,2026-08-03,P201,코튼 조거 팬츠,하의,M,네이비,1,24000,24000,C00335,web
O26080305231,2026-08-03,P201,코튼 조거 팬츠,하의,S,카키,1,24000,24000,C00281,web
O26080305232,2026-08-03,P201,코튼 조거 팬츠,하의,XS,그레이,1,24000,24000,C00225,web
O26080305233,2026-08-03,P203,레깅스 2종세트,하의,S,코랄,1,18000,18000,C00876,web
O26080305234,2026-08-03,P401,플라워 원피스,원피스,S,카키,1,36000,36000,C00383,web
O26080305235,2026-08-03,P401,플라워 원피스,원피스,S,코랄,1,36000,36000,C04412,web
O26080305236,2026-08-03,P401,플라워 원피스,원피스,S,그레이,1,36000,36000,C00098,web
O26080305237,2026-08-03,P401,플라워 원피스,원피스,S,네이비,1,36000,36000,C00405,web
O26080305238,2026-08-03,P402,린넨 셔츠 원피스,원피스,L,그레이,1,47000,47000,C00612,web
O26080305239,2026-08-03,P402,린넨 셔츠 원피스,원피스,S,코랄,1,47000,47000,C00384,web
O26080305240,2026-08-03,P402,린넨 셔츠 원피스,원피스,S,아이보리,1,47000,47000,C00584,web
O26080305241,2026-08-03,P501,상하 세트 (티+팬츠),세트,S,그레이,1,42000,42000,C01226,web
O26080305242,2026-08-03,P501,상하 세트 (티+팬츠),세트,L,네이비,1,42000,42000,C02964,web
O26080305243,2026-08-03,P501,상하 세트 (티+팬츠),세트,L,카키,1,42000,42000,C05103,web
O26080305244,2026-08-03,P601,코튼 헤어밴드,악세서리,M,카키,1,9900,9900,C01626,web
O26080305245,2026-08-03,P602,니트 비니,악세서리,M,아이보리,1,13000,13000,C00189,web
O26080305246,2026-08-03,P602,니트 비니,악세서리,M,코랄,1,13000,13000,C01483,web
O26080405247,2026-08-04,P101,데일리 베이직 티셔츠,상의,XL,카키,1,15900,15900,C01835,web
O26080405248,2026-08-04,P101,데일리 베이직 티셔츠,상의,M,카키,1,15900,15900,C05065,web
O26080405249,2026-08-04,P101,데일리 베이직 티셔츠,상의,XS,그레이,1,15900,15900,C02037,web
O26080405250,2026-08-04,P103,스트라이프 긴팔티,상의,XS,그레이,1,21000,21000,C00531,web
O26080405251,2026-08-04,P104,고밀도 맨투맨,상의,2XL,코랄,1,29000,29000,C03471,web
O26080405252,2026-08-04,P104,고밀도 맨투맨,상의,M,코랄,1,29000,29000,C04273,web
O26080405253,2026-08-04,P104,고밀도 맨투맨,상의,XL,네이비,1,29000,29000,C03281,web
O26080405254,2026-08-04,P105,루즈핏 니트,상의,M,네이비,1,39000,39000,C00371,web
O26080405255,2026-08-04,P201,코튼 조거 팬츠,하의,S,그레이,1,24000,24000,C01770,web
O26080405256,2026-08-04,P202,데님 오버올,하의,L,아이보리,1,39000,39000,C01565,web
O26080405257,2026-08-04,P202,데님 오버올,하의,S,아이보리,1,39000,39000,C00124,web
O26080405258,2026-08-04,P301,경량 패딩 베스트,아우터,XL,코랄,1,52000,52000,C03050,web
O26080405259,2026-08-04,P402,린넨 셔츠 원피스,원피스,L,코랄,1,47000,47000,C04507,web
O26080405260,2026-08-04,P501,상하 세트 (티+팬츠),세트,S,그레이,1,42000,42000,C01930,web
O26080405261,2026-08-04,P602,니트 비니,악세서리,M,카키,1,13000,13000,C04025,web
O26080505262,2026-08-05,P101,데일리 베이직 티셔츠,상의,L,네이비,1,15900,15900,C04574,web
O26080505263,2026-08-05,P101,데일리 베이직 티셔츠,상의,XL,아이보리,1,15900,15900,C00161,web
O26080505264,2026-08-05,P104,고밀도 맨투맨,상의,M,그레이,1,29000,29000,C00573,web
O26080505265,2026-08-05,P104,고밀도 맨투맨,상의,2XL,아이보리,1,29000,29000,C03838,web
O26080505266,2026-08-05,P105,루즈핏 니트,상의,L,코랄,1,39000,39000,C04304,web
O26080505267,2026-08-05,P105,루즈핏 니트,상의,L,네이비,1,39000,39000,C00770,web
O26080505268,2026-08-05,P203,레깅스 2종세트,하의,XS,아이보리,1,18000,18000,C01517,web
O26080505269,2026-08-05,P302,후드 집업 점퍼,아우터,S,아이보리,1,48000,48000,C03511,web
O26080505270,2026-08-05,P302,후드 집업 점퍼,아우터,S,아이보리,1,48000,48000,C03599,web
O26080505271,2026-08-05,P401,플라워 원피스,원피스,S,카키,1,36000,36000,C00599,web
O26080505272,2026-08-05,P401,플라워 원피스,원피스,S,아이보리,1,36000,36000,C00546,web
O26080505273,2026-08-05,P401,플라워 원피스,원피스,S,카키,1,36000,36000,C02519,web
O26080505274,2026-08-05,P402,린넨 셔츠 원피스,원피스,L,코랄,1,47000,47000,C02008,web
O26080505275,2026-08-05,P402,린넨 셔츠 원피스,원피스,S,카키,1,47000,47000,C01907,web
O26080505276,2026-08-05,P402,린넨 셔츠 원피스,원피스,M,카키,1,47000,47000,C00004,web
O26080505277,2026-08-05,P402,린넨 셔츠 원피스,원피스,M,아이보리,1,47000,47000,C02263,web
O26080505278,2026-08-05,P402,린넨 셔츠 원피스,원피스,M,그레이,1,47000,47000,C01274,web
O26080505279,2026-08-05,P601,코튼 헤어밴드,악세서리,S,그레이,1,9900,9900,C01200,web
O26080605280,2026-08-06,P101,데일리 베이직 티셔츠,상의,L,그레이,1,15900,15900,C00614,web
O26080605281,2026-08-06,P101,데일리 베이직 티셔츠,상의,L,코랄,1,15900,15900,C00285,web
O26080605282,2026-08-06,P102,프릴 카라 블라우스,상의,S,카키,1,32000,32000,C04307,web
O26080605283,2026-08-06,P104,고밀도 맨투맨,상의,XL,그레이,1,29000,29000,C00381,web
O26080605284,2026-08-06,P201,코튼 조거 팬츠,하의,XS,카키,1,24000,24000,C03596,web
O26080605285,2026-08-06,P202,데님 오버올,하의,L,아이보리,1,39000,39000,C00464,web
O26080605286,2026-08-06,P202,데님 오버올,하의,S,그레이,1,39000,39000,C03302,web
O26080605287,2026-08-06,P203,레깅스 2종세트,하의,XS,아이보리,1,18000,18000,C01038,web
O26080605288,2026-08-06,P203,레깅스 2종세트,하의,XS,카키,1,18000,18000,C00418,web
O26080605289,2026-08-06,P401,플라워 원피스,원피스,S,코랄,1,36000,36000,C00437,web
O26080605290,2026-08-06,P402,린넨 셔츠 원피스,원피스,L,그레이,1,47000,47000,C01002,web
O26080605291,2026-08-06,P501,상하 세트 (티+팬츠),세트,M,그레이,1,42000,42000,C00515,web
O26080605292,2026-08-06,P501,상하 세트 (티+팬츠),세트,S,네이비,1,42000,42000,C01868,web
O26080605293,2026-08-06,P502,잠옷 세트,세트,M,아이보리,1,28000,28000,C00047,web
O26080705294,2026-08-07,P102,프릴 카라 블라우스,상의,S,그레이,1,32000,32000,C00626,web
O26080705295,2026-08-07,P102,프릴 카라 블라우스,상의,S,네이비,1,32000,32000,C03929,web
O26080705296,2026-08-07,P102,프릴 카라 블라우스,상의,M,코랄,1,32000,32000,C01139,web
O26080705297,2026-08-07,P103,스트라이프 긴팔티,상의,L,네이비,1,21000,21000,C01058,web
O26080705298,2026-08-07,P103,스트라이프 긴팔티,상의,L,그레이,1,21000,21000,C03187,web
O26080705299,2026-08-07,P104,고밀도 맨투맨,상의,M,코랄,1,29000,29000,C00080,web
O26080705300,2026-08-07,P104,고밀도 맨투맨,상의,L,카키,1,29000,29000,C02749,web
O26080705301,2026-08-07,P105,루즈핏 니트,상의,M,그레이,1,39000,39000,C02874,web
O26080705302,2026-08-07,P105,루즈핏 니트,상의,L,코랄,1,39000,39000,C02077,web
O26080705303,2026-08-07,P201,코튼 조거 팬츠,하의,XL,카키,1,24000,24000,C00191,web
O26080705304,2026-08-07,P402,린넨 셔츠 원피스,원피스,S,카키,1,47000,47000,C00911,web
O26080705305,2026-08-07,P501,상하 세트 (티+팬츠),세트,S,아이보리,1,42000,42000,C03510,web
O26080705306,2026-08-07,P502,잠옷 세트,세트,XS,아이보리,1,28000,28000,C01995,web
O26080705307,2026-08-07,P601,코튼 헤어밴드,악세서리,M,네이비,1,9900,9900,C00298,web
O26080705308,2026-08-07,P601,코튼 헤어밴드,악세서리,M,네이비,1,9900,9900,C00425,web
O26080805309,2026-08-08,P101,데일리 베이직 티셔츠,상의,L,그레이,1,15900,15900,C00646,web
O26080805310,2026-08-08,P102,프릴 카라 블라우스,상의,M,네이비,1,32000,32000,C00236,web
O26080805311,2026-08-08,P102,프릴 카라 블라우스,상의,S,네이비,1,32000,32000,C00146,web
O26080805312,2026-08-08,P102,프릴 카라 블라우스,상의,S,코랄,1,32000,32000,C00134,web
O26080805313,2026-08-08,P103,스트라이프 긴팔티,상의,S,네이비,1,21000,21000,C02538,web
O26080805314,2026-08-08,P103,스트라이프 긴팔티,상의,L,그레이,1,21000,21000,C00589,web
O26080805315,2026-08-08,P103,스트라이프 긴팔티,상의,M,카키,1,21000,21000,C00470,web
O26080805316,2026-08-08,P201,코튼 조거 팬츠,하의,XL,그레이,1,24000,24000,C03172,web
O26080805317,2026-08-08,P201,코튼 조거 팬츠,하의,M,코랄,1,24000,24000,C02160,web
O26080805318,2026-08-08,P201,코튼 조거 팬츠,하의,L,코랄,1,24000,24000,C01923,web
O26080805319,2026-08-08,P202,데님 오버올,하의,M,그레이,1,39000,39000,C02489,web
O26080805320,2026-08-08,P203,레깅스 2종세트,하의,S,카키,1,18000,18000,C01537,web
O26080805321,2026-08-08,P501,상하 세트 (티+팬츠),세트,L,카키,1,42000,42000,C03671,web
O26080905322,2026-08-09,P101,데일리 베이직 티셔츠,상의,XL,그레이,1,15900,15900,C00511,web
O26080905323,2026-08-09,P101,데일리 베이직 티셔츠,상의,L,코랄,1,15900,15900,C00510,web
O26080905324,2026-08-09,P102,프릴 카라 블라우스,상의,M,아이보리,1,32000,32000,C00496,web
O26080905325,2026-08-09,P102,프릴 카라 블라우스,상의,M,아이보리,1,32000,32000,C00034,web
O26080905326,2026-08-09,P102,프릴 카라 블라우스,상의,S,그레이,1,32000,32000,C00260,web
O26080905327,2026-08-09,P102,프릴 카라 블라우스,상의,S,아이보리,1,32000,32000,C00085,web
O26080905328,2026-08-09,P102,프릴 카라 블라우스,상의,S,아이보리,1,32000,32000,C01683,web
O26080905329,2026-08-09,P104,고밀도 맨투맨,상의,2XL,아이보리,1,29000,29000,C00012,web
O26080905330,2026-08-09,P201,코튼 조거 팬츠,하의,M,아이보리,1,24000,24000,C01102,web
O26080905331,2026-08-09,P203,레깅스 2종세트,하의,XS,아이보리,1,18000,18000,C05024,web
O26080905332,2026-08-09,P301,경량 패딩 베스트,아우터,S,네이비,1,52000,52000,C00310,web
O26080905333,2026-08-09,P401,플라워 원피스,원피스,S,카키,1,36000,36000,C00350,web
O26080905334,2026-08-09,P401,플라워 원피스,원피스,S,코랄,1,36000,36000,C00139,web
O26080905335,2026-08-09,P402,린넨 셔츠 원피스,원피스,M,그레이,1,47000,47000,C00807,web
O26080905336,2026-08-09,P402,린넨 셔츠 원피스,원피스,S,네이비,1,47000,47000,C04611,web
O26080905337,2026-08-09,P502,잠옷 세트,세트,L,카키,1,28000,28000,C04946,web
O26080905338,2026-08-09,P601,코튼 헤어밴드,악세서리,M,그레이,1,9900,9900,C00438,web
O26081005339,2026-08-10,P101,데일리 베이직 티셔츠,상의,XS,아이보리,1,15900,15900,C00294,web
O26081005340,2026-08-10,P101,데일리 베이직 티셔츠,상의,XL,카키,1,15900,15900,C00094,web
O26081005341,2026-08-10,P101,데일리 베이직 티셔츠,상의,XL,카키,1,15900,15900,C04165,web
O26081005342,2026-08-10,P102,프릴 카라 블라우스,상의,S,네이비,1,32000,32000,C00240,web
O26081005343,2026-08-10,P102,프릴 카라 블라우스,상의,S,네이비,1,32000,32000,C02273,web
O26081005344,2026-08-10,P104,고밀도 맨투맨,상의,L,네이비,1,29000,29000,C00266,web
O26081005345,2026-08-10,P104,고밀도 맨투맨,상의,M,코랄,1,29000,29000,C00584,web
O26081005346,2026-08-10,P201,코튼 조거 팬츠,하의,S,카키,1,24000,24000,C00792,web
O26081005347,2026-08-10,P202,데님 오버올,하의,M,카키,1,39000,39000,C04026,web
O26081005348,2026-08-10,P203,레깅스 2종세트,하의,XS,카키,1,18000,18000,C01116,web
O26081005349,2026-08-10,P203,레깅스 2종세트,하의,S,카키,1,18000,18000,C04738,web
O26081005350,2026-08-10,P401,플라워 원피스,원피스,S,네이비,1,36000,36000,C02812,web
O26081005351,2026-08-10,P402,린넨 셔츠 원피스,원피스,S,코랄,1,47000,47000,C01268,web
O26081005352,2026-08-10,P501,상하 세트 (티+팬츠),세트,L,그레이,1,42000,42000,C04759,web
O26081005353,2026-08-10,P501,상하 세트 (티+팬츠),세트,L,코랄,1,42000,42000,C00456,web
O26081005354,2026-08-10,P501,상하 세트 (티+팬츠),세트,XL,그레이,1,42000,42000,C01660,web
O26081005355,2026-08-10,P601,코튼 헤어밴드,악세서리,M,아이보리,1,9900,9900,C04997,web
O26081005356,2026-08-10,P601,코튼 헤어밴드,악세서리,M,코랄,1,9900,9900,C03299,web
O26081005357,2026-08-10,P601,코튼 헤어밴드,악세서리,M,그레이,1,9900,9900,C04975,web
